2026-08-14T00:07:50.351427Z  INFO herdr::api::server: api server listening path=/home/james/.config/herdr/herdr.sock
2026-08-14T00:07:50.352644Z  INFO herdr::app: using pane scrollback configuration pane_scrollback_limit_bytes=10000000
2026-08-14T00:07:50.381704Z  INFO herdr::logging: checking for updates event="update.check.start" subsystem="update" outcome="started"
2026-08-14T00:07:50.388390Z  INFO herdr::logging: spawning pane terminal event="pane.spawn.start" subsystem="pane" outcome="started" pane_id=1 rows=24 cols=80 scrollback_limit_bytes=10000000
2026-08-14T00:07:50.389074Z  INFO herdr::logging: pane child spawned event="pane.spawned" subsystem="pane" outcome="ok" pane_id=1 pid=9096
2026-08-14T00:07:50.389180Z  INFO herdr::logging: workspace created event="workspace.create" subsystem="workspace" outcome="ok" workspace_id="w1" pane_id=1
2026-08-14T00:07:50.389182Z  INFO herdr::logging: workspace focused event="workspace.focus" subsystem="workspace" outcome="ok" workspace_id="w1"
2026-08-14T00:07:50.389191Z  INFO herdr::logging: tab focused event="tab.focus" subsystem="tab" outcome="ok" workspace_id="w1" tab_id="w1:t1"
2026-08-14T00:07:50.389195Z  INFO herdr::server::headless: created startup workspace cwd=/home/james
2026-08-14T00:07:50.389226Z  INFO herdr::server::headless: client protocol socket listening path=/home/james/.config/herdr/herdr-client.sock
2026-08-14T00:07:50.389241Z  INFO herdr::server::headless: herdr server started api_socket=/home/james/.config/herdr/herdr.sock client_socket=/home/james/.config/herdr/herdr-client.sock
2026-08-14T00:07:50.389380Z  INFO herdr::logging: herdr starting event="app.startup" subsystem="server" outcome="started" pid=9068
2026-08-14T00:07:50.442566Z  INFO herdr::server::headless: client connected client_id=2 cols=299 rows=80 cell_width_px=0 cell_height_px=0 render_encoding=SemanticFrame
2026-08-14T00:07:50.465700Z  WARN herdr::detect::manifest_update: skipping unknown remote manifest agent agent="qwen"
2026-08-14T00:07:55.391102Z  INFO herdr::logging: session saved event="persist.save" subsystem="persist" outcome="ok" path=/home/james/.config/herdr/session.json workspaces=1
2026-08-14T00:08:35.409970Z  INFO herdr::logging: pane child exited event="pane.exit" subsystem="pane" outcome="completed" pane_id=1 status="ExitStatus { code: 128, signal: None }"
2026-08-14T00:08:35.413760Z  INFO herdr::pane: pane session terminated pane=1 pid=9096 signal=Hangup
2026-08-14T00:08:35.413847Z  INFO herdr::logging: spawning pane terminal event="pane.spawn.start" subsystem="pane" outcome="started" pane_id=2 rows=79 cols=273 scrollback_limit_bytes=10000000
2026-08-14T00:08:35.415011Z  INFO herdr::logging: pane child spawned event="pane.spawned" subsystem="pane" outcome="ok" pane_id=2 pid=9540
2026-08-14T00:08:35.415117Z  INFO herdr::logging: workspace created event="workspace.create" subsystem="workspace" outcome="ok" workspace_id="w2" pane_id=2
2026-08-14T00:08:35.415120Z  INFO herdr::logging: workspace focused event="workspace.focus" subsystem="workspace" outcome="ok" workspace_id="w2"
2026-08-14T00:08:35.415129Z  INFO herdr::logging: tab focused event="tab.focus" subsystem="tab" outcome="ok" workspace_id="w2" tab_id="w2:t1"
2026-08-14T00:08:36.084138Z  INFO herdr::logging: pane child exited event="pane.exit" subsystem="pane" outcome="completed" pane_id=2 status="ExitStatus { code: 0, signal: None }"
2026-08-14T00:08:36.087929Z  INFO herdr::pane: pane session terminated pane=2 pid=9540 signal=Hangup
2026-08-14T00:08:36.088097Z  INFO herdr::logging: spawning pane terminal event="pane.spawn.start" subsystem="pane" outcome="started" pane_id=3 rows=79 cols=273 scrollback_limit_bytes=10000000
2026-08-14T00:08:36.089162Z  INFO herdr::logging: pane child spawned event="pane.spawned" subsystem="pane" outcome="ok" pane_id=3 pid=9572
2026-08-14T00:08:36.089275Z  INFO herdr::logging: workspace created event="workspace.create" subsystem="workspace" outcome="ok" workspace_id="w3" pane_id=3
2026-08-14T00:08:36.089280Z  INFO herdr::logging: workspace focused event="workspace.focus" subsystem="workspace" outcome="ok" workspace_id="w3"
2026-08-14T00:08:36.089295Z  INFO herdr::logging: tab focused event="tab.focus" subsystem="tab" outcome="ok" workspace_id="w3" tab_id="w3:t1"
2026-08-14T00:08:36.763504Z  INFO herdr::logging: pane child exited event="pane.exit" subsystem="pane" outcome="completed" pane_id=3 status="ExitStatus { code: 0, signal: None }"
2026-08-14T00:08:36.767003Z  INFO herdr::pane: pane session terminated pane=3 pid=9572 signal=Hangup
2026-08-14T00:08:36.767169Z  INFO herdr::logging: spawning pane terminal event="pane.spawn.start" subsystem="pane" outcome="started" pane_id=4 rows=79 cols=273 scrollback_limit_bytes=10000000
2026-08-14T00:08:36.768260Z  INFO herdr::logging: pane child spawned event="pane.spawned" subsystem="pane" outcome="ok" pane_id=4 pid=9603
2026-08-14T00:08:36.768371Z  INFO herdr::logging: workspace created event="workspace.create" subsystem="workspace" outcome="ok" workspace_id="w4" pane_id=4
2026-08-14T00:08:36.768374Z  INFO herdr::logging: workspace focused event="workspace.focus" subsystem="workspace" outcome="ok" workspace_id="w4"
2026-08-14T00:08:36.768385Z  INFO herdr::logging: tab focused event="tab.focus" subsystem="tab" outcome="ok" workspace_id="w4" tab_id="w4:t1"
2026-08-14T00:08:37.162294Z  INFO herdr::logging: pane child exited event="pane.exit" subsystem="pane" outcome="completed" pane_id=4 status="ExitStatus { code: 0, signal: None }"
2026-08-14T00:08:37.166284Z  INFO herdr::pane: pane session terminated pane=4 pid=9603 signal=Hangup
2026-08-14T00:08:37.166358Z  INFO herdr::logging: spawning pane terminal event="pane.spawn.start" subsystem="pane" outcome="started" pane_id=5 rows=79 cols=273 scrollback_limit_bytes=10000000
2026-08-14T00:08:37.167411Z  INFO herdr::logging: pane child spawned event="pane.spawned" subsystem="pane" outcome="ok" pane_id=5 pid=9635
2026-08-14T00:08:37.167503Z  INFO herdr::logging: workspace created event="workspace.create" subsystem="workspace" outcome="ok" workspace_id="w5" pane_id=5
2026-08-14T00:08:37.167506Z  INFO herdr::logging: workspace focused event="workspace.focus" subsystem="workspace" outcome="ok" workspace_id="w5"
2026-08-14T00:08:37.167520Z  INFO herdr::logging: tab focused event="tab.focus" subsystem="tab" outcome="ok" workspace_id="w5" tab_id="w5:t1"
2026-08-14T00:08:37.338849Z  INFO herdr::logging: pane child exited event="pane.exit" subsystem="pane" outcome="completed" pane_id=5 status="ExitStatus { code: 0, signal: None }"
2026-08-14T00:08:37.342812Z  INFO herdr::pane: pane session terminated pane=5 pid=9635 signal=Hangup
2026-08-14T00:08:37.342906Z  INFO herdr::logging: spawning pane terminal event="pane.spawn.start" subsystem="pane" outcome="started" pane_id=6 rows=79 cols=273 scrollback_limit_bytes=10000000
2026-08-14T00:08:37.343763Z  INFO herdr::logging: pane child spawned event="pane.spawned" subsystem="pane" outcome="ok" pane_id=6 pid=9665
2026-08-14T00:08:37.343858Z  INFO herdr::logging: workspace created event="workspace.create" subsystem="workspace" outcome="ok" workspace_id="w6" pane_id=6
2026-08-14T00:08:37.343861Z  INFO herdr::logging: workspace focused event="workspace.focus" subsystem="workspace" outcome="ok" workspace_id="w6"
2026-08-14T00:08:37.343868Z  INFO herdr::logging: tab focused event="tab.focus" subsystem="tab" outcome="ok" workspace_id="w6" tab_id="w6:t1"
2026-08-14T00:08:37.541289Z  INFO herdr::logging: pane child exited event="pane.exit" subsystem="pane" outcome="completed" pane_id=6 status="ExitStatus { code: 0, signal: None }"
2026-08-14T00:08:37.544759Z  INFO herdr::pane: pane session terminated pane=6 pid=9665 signal=Hangup
2026-08-14T00:08:37.544828Z  INFO herdr::logging: spawning pane terminal event="pane.spawn.start" subsystem="pane" outcome="started" pane_id=7 rows=79 cols=273 scrollback_limit_bytes=10000000
2026-08-14T00:08:37.545851Z  INFO herdr::logging: pane child spawned event="pane.spawned" subsystem="pane" outcome="ok" pane_id=7 pid=9695
2026-08-14T00:08:37.545954Z  INFO herdr::logging: workspace created event="workspace.create" subsystem="workspace" outcome="ok" workspace_id="w7" pane_id=7
2026-08-14T00:08:37.545963Z  INFO herdr::logging: workspace focused event="workspace.focus" subsystem="workspace" outcome="ok" workspace_id="w7"
2026-08-14T00:08:37.545971Z  INFO herdr::logging: tab focused event="tab.focus" subsystem="tab" outcome="ok" workspace_id="w7" tab_id="w7:t1"
2026-08-14T00:08:37.703139Z  INFO herdr::logging: pane child exited event="pane.exit" subsystem="pane" outcome="completed" pane_id=7 status="ExitStatus { code: 0, signal: None }"
2026-08-14T00:08:37.707141Z  INFO herdr::pane: pane session terminated pane=7 pid=9695 signal=Hangup
2026-08-14T00:08:37.707229Z  INFO herdr::logging: spawning pane terminal event="pane.spawn.start" subsystem="pane" outcome="started" pane_id=8 rows=79 cols=273 scrollback_limit_bytes=10000000
2026-08-14T00:08:37.708074Z  INFO herdr::logging: pane child spawned event="pane.spawned" subsystem="pane" outcome="ok" pane_id=8 pid=9726
2026-08-14T00:08:37.708181Z  INFO herdr::logging: workspace created event="workspace.create" subsystem="workspace" outcome="ok" workspace_id="w8" pane_id=8
2026-08-14T00:08:37.708185Z  INFO herdr::logging: workspace focused event="workspace.focus" subsystem="workspace" outcome="ok" workspace_id="w8"
2026-08-14T00:08:37.708193Z  INFO herdr::logging: tab focused event="tab.focus" subsystem="tab" outcome="ok" workspace_id="w8" tab_id="w8:t1"
2026-08-14T00:08:42.710860Z  INFO herdr::logging: session saved event="persist.save" subsystem="persist" outcome="ok" path=/home/james/.config/herdr/session.json workspaces=1
2026-08-14T00:08:47.799585Z  INFO herdr::pane: agent changed pane=8 previous_agent=None agent=Some(Pi) process=pi pgid=Some(9766)
2026-08-14T00:08:48.841497Z  INFO herdr::pane: agent changed pane=8 previous_agent=None agent=Some(Pi) process=pi pgid=Some(9766)
2026-08-14T00:08:53.742409Z  INFO herdr::logging: session saved event="persist.save" subsystem="persist" outcome="ok" path=/home/james/.config/herdr/session.json workspaces=1
2026-08-14T00:08:54.421636Z  INFO herdr::logging: spawning pane terminal event="pane.spawn.start" subsystem="pane" outcome="started" pane_id=9 rows=79 cols=273 scrollback_limit_bytes=10000000
2026-08-14T00:08:54.422728Z  INFO herdr::logging: pane child spawned event="pane.spawned" subsystem="pane" outcome="ok" pane_id=9 pid=9978
2026-08-14T00:08:54.422834Z  INFO herdr::logging: tab focused event="tab.focus" subsystem="tab" outcome="ok" workspace_id="w8" tab_id="w8:t2"
2026-08-14T00:08:57.754153Z  INFO herdr::logging: tab focused event="tab.focus" subsystem="tab" outcome="ok" workspace_id="w8" tab_id="w8:t1"
2026-08-14T00:08:57.987927Z  INFO herdr::pane: agent changed pane=9 previous_agent=None agent=Some(Pi) process=pi pgid=Some(10120)
2026-08-14T00:08:59.795774Z  INFO herdr::pane: agent changed pane=9 previous_agent=Some(Pi) agent=None pgid=Some(9978)
2026-08-14T00:09:02.756162Z  INFO herdr::logging: session saved event="persist.save" subsystem="persist" outcome="ok" path=/home/james/.config/herdr/session.json workspaces=1
2026-08-14T00:09:03.204587Z  INFO herdr::logging: tab focused event="tab.focus" subsystem="tab" outcome="ok" workspace_id="w8" tab_id="w8:t2"
2026-08-14T00:09:05.479108Z  INFO herdr::logging: tab focused event="tab.focus" subsystem="tab" outcome="ok" workspace_id="w8" tab_id="w8:t1"
2026-08-14T00:09:06.094697Z  INFO herdr::logging: tab focused event="tab.focus" subsystem="tab" outcome="ok" workspace_id="w8" tab_id="w8:t2"
2026-08-14T00:09:07.399817Z  INFO herdr::logging: tab focused event="tab.focus" subsystem="tab" outcome="ok" workspace_id="w8" tab_id="w8:t1"
2026-08-14T00:09:08.411274Z  INFO herdr::pane: agent changed pane=8 previous_agent=Some(Pi) agent=None pgid=Some(9726)
2026-08-14T00:09:09.415849Z  INFO herdr::pane: agent changed pane=8 previous_agent=None agent=Some(Pi) process=pi pgid=Some(10296)
2026-08-14T00:09:10.693881Z  INFO herdr::pane: agent changed pane=8 previous_agent=None agent=Some(Pi) process=pi pgid=Some(10296)
2026-08-14T00:09:15.594197Z  INFO herdr::logging: session saved event="persist.save" subsystem="persist" outcome="ok" path=/home/james/.config/herdr/session.json workspaces=1
2026-08-14T00:09:25.417339Z  INFO herdr::app::actions: copied selection to clipboard
2026-08-14T00:10:35.908405Z  INFO herdr::logging: spawning pane terminal event="pane.spawn.start" subsystem="pane" outcome="started" pane_id=10 rows=79 cols=273 scrollback_limit_bytes=10000000
2026-08-14T00:10:35.909590Z  INFO herdr::logging: pane child spawned event="pane.spawned" subsystem="pane" outcome="ok" pane_id=10 pid=11047
2026-08-14T00:10:35.909701Z  INFO herdr::logging: tab focused event="tab.focus" subsystem="tab" outcome="ok" workspace_id="w8" tab_id="w8:t3"
2026-08-14T00:10:37.467036Z  INFO herdr::pane: agent changed pane=10 previous_agent=None agent=Some(Pi) process=pi pgid=Some(11079)
2026-08-14T00:10:38.070800Z  INFO herdr::pane: agent changed pane=10 previous_agent=Some(Pi) agent=None pgid=Some(11047)
2026-08-14T00:10:38.440215Z  INFO herdr::logging: pane child exited event="pane.exit" subsystem="pane" outcome="completed" pane_id=10 status="ExitStatus { code: 0, signal: None }"
2026-08-14T00:10:38.443879Z  INFO herdr::pane: pane session terminated pane=10 pid=11047 signal=Hangup
2026-08-14T00:10:39.162699Z  INFO herdr::logging: tab focused event="tab.focus" subsystem="tab" outcome="ok" workspace_id="w8" tab_id="w8:t1"
2026-08-14T00:10:44.164002Z  INFO herdr::logging: session saved event="persist.save" subsystem="persist" outcome="ok" path=/home/james/.config/herdr/session.json workspaces=1
2026-08-14T00:12:43.983740Z  WARN herdr::raw_input: flushing lone escape after input timeout; if this follows an alt chord or focus switch it may reach the pane as plain esc bytes=[27]
2026-08-14T00:13:41.776605Z  WARN herdr::raw_input: flushing lone escape after input timeout; if this follows an alt chord or focus switch it may reach the pane as plain esc bytes=[27]
2026-08-14T00:17:01.199138Z  INFO herdr::logging: tab focused event="tab.focus" subsystem="tab" outcome="ok" workspace_id="w8" tab_id="w8:t2"
2026-08-14T00:17:06.201593Z  INFO herdr::logging: session saved event="persist.save" subsystem="persist" outcome="ok" path=/home/james/.config/herdr/session.json workspaces=1
2026-08-14T00:17:27.796305Z  INFO herdr::pane: agent changed pane=9 previous_agent=None agent=Some(Pi) process=pi pgid=Some(14357)
2026-08-14T00:17:29.001214Z  INFO herdr::pane: agent changed pane=9 previous_agent=Some(Pi) agent=None pgid=Some(9978)
2026-08-14T00:17:49.584868Z  INFO herdr::pane: agent changed pane=9 previous_agent=None agent=Some(Pi) process=pi pgid=Some(14534)
2026-08-14T00:17:52.897426Z  INFO herdr::pane: agent changed pane=9 previous_agent=Some(Pi) agent=None pgid=Some(9978)
2026-08-14T00:17:53.242685Z  INFO herdr::logging: spawning pane terminal event="pane.spawn.start" subsystem="pane" outcome="started" pane_id=11 rows=79 cols=273 scrollback_limit_bytes=10000000
2026-08-14T00:17:53.243966Z  INFO herdr::logging: pane child spawned event="pane.spawned" subsystem="pane" outcome="ok" pane_id=11 pid=14582
2026-08-14T00:17:53.244084Z  INFO herdr::logging: tab focused event="tab.focus" subsystem="tab" outcome="ok" workspace_id="w8" tab_id="w8:t4"
2026-08-14T00:17:55.577870Z  INFO herdr::logging: spawning pane terminal event="pane.spawn.start" subsystem="pane" outcome="started" pane_id=12 rows=79 cols=273 scrollback_limit_bytes=10000000
2026-08-14T00:17:55.579031Z  INFO herdr::logging: pane child spawned event="pane.spawned" subsystem="pane" outcome="ok" pane_id=12 pid=14666
2026-08-14T00:17:55.579199Z  INFO herdr::logging: tab focused event="tab.focus" subsystem="tab" outcome="ok" workspace_id="w8" tab_id="w8:t5"
2026-08-14T00:17:56.422668Z  INFO herdr::logging: pane child exited event="pane.exit" subsystem="pane" outcome="completed" pane_id=12 status="ExitStatus { code: 0, signal: None }"
2026-08-14T00:17:56.422768Z  INFO herdr::pane: pane session terminated pane=12 pid=14666 signal=Hangup
2026-08-14T00:17:57.834685Z  INFO herdr::logging: tab focused event="tab.focus" subsystem="tab" outcome="ok" workspace_id="w8" tab_id="w8:t2"
2026-08-14T00:18:02.835969Z  INFO herdr::logging: session saved event="persist.save" subsystem="persist" outcome="ok" path=/home/james/.config/herdr/session.json workspaces=1
2026-08-14T00:18:11.254790Z  INFO herdr::app::actions: copied selection to clipboard
2026-08-14T00:18:20.463853Z  INFO herdr::logging: tab focused event="tab.focus" subsystem="tab" outcome="ok" workspace_id="w8" tab_id="w8:t4"
2026-08-14T00:18:20.834270Z  INFO herdr::logging: pane child exited event="pane.exit" subsystem="pane" outcome="completed" pane_id=11 status="ExitStatus { code: 0, signal: None }"
2026-08-14T00:18:20.838111Z  INFO herdr::pane: pane session terminated pane=11 pid=14582 signal=Hangup
2026-08-14T00:18:25.840389Z  INFO herdr::logging: session saved event="persist.save" subsystem="persist" outcome="ok" path=/home/james/.config/herdr/session.json workspaces=1
2026-08-14T00:19:01.499587Z  INFO herdr::logging: tab focused event="tab.focus" subsystem="tab" outcome="ok" workspace_id="w8" tab_id="w8:t1"
2026-08-14T00:19:06.500481Z  INFO herdr::logging: session saved event="persist.save" subsystem="persist" outcome="ok" path=/home/james/.config/herdr/session.json workspaces=1
2026-08-14T00:22:40.244381Z  WARN herdr::raw_input: flushing lone escape after input timeout; if this follows an alt chord or focus switch it may reach the pane as plain esc bytes=[27]
2026-08-14T00:23:25.580639Z  INFO herdr::logging: tab focused event="tab.focus" subsystem="tab" outcome="ok" workspace_id="w8" tab_id="w8:t2"
2026-08-14T00:23:26.756062Z  INFO herdr::pane: agent changed pane=9 previous_agent=None agent=Some(Codex) process=codex pgid=Some(15904)
2026-08-14T00:23:30.581490Z  INFO herdr::logging: session saved event="persist.save" subsystem="persist" outcome="ok" path=/home/james/.config/herdr/session.json workspaces=1
2026-08-14T00:23:41.515161Z  INFO herdr::pane: agent changed pane=9 previous_agent=Some(Codex) agent=None pgid=Some(9978)
2026-08-14T00:23:41.640282Z  INFO herdr::logging: pane child exited event="pane.exit" subsystem="pane" outcome="completed" pane_id=9 status="ExitStatus { code: 0, signal: None }"
2026-08-14T00:23:41.643792Z  INFO herdr::pane: pane session terminated pane=9 pid=9978 signal=Hangup
2026-08-14T00:23:43.143433Z  WARN herdr::raw_input: flushing lone escape after input timeout; if this follows an alt chord or focus switch it may reach the pane as plain esc bytes=[27]
2026-08-14T00:23:46.646376Z  INFO herdr::logging: session saved event="persist.save" subsystem="persist" outcome="ok" path=/home/james/.config/herdr/session.json workspaces=1
2026-08-14T00:23:47.069205Z  WARN herdr::raw_input: flushing lone escape after input timeout; if this follows an alt chord or focus switch it may reach the pane as plain esc bytes=[27]
2026-08-14T00:23:47.219359Z  WARN herdr::raw_input: flushing lone escape after input timeout; if this follows an alt chord or focus switch it may reach the pane as plain esc bytes=[27]
2026-08-14T00:23:48.709876Z  WARN herdr::raw_input: flushing lone escape after input timeout; if this follows an alt chord or focus switch it may reach the pane as plain esc bytes=[27]
2026-08-14T00:23:49.944368Z  INFO herdr::pane: agent changed pane=8 previous_agent=Some(Pi) agent=None pgid=Some(9726)
2026-08-14T00:23:51.450054Z  INFO herdr::pane: agent changed pane=8 previous_agent=None agent=Some(Codex) process=codex pgid=Some(17193)
2026-08-14T00:23:53.558935Z  INFO herdr::pane: agent changed pane=8 previous_agent=Some(Codex) agent=None pgid=Some(9726)
2026-08-14T00:23:54.644731Z  INFO herdr::logging: session saved event="persist.save" subsystem="persist" outcome="ok" path=/home/james/.config/herdr/session.json workspaces=1
2026-08-14T00:23:55.064979Z  INFO herdr::pane: agent changed pane=8 previous_agent=None agent=Some(Pi) process=pi pgid=Some(18111)
2026-08-14T00:23:55.708731Z  INFO herdr::pane: agent changed pane=8 previous_agent=None agent=Some(Pi) process=pi pgid=Some(18111)
2026-08-14T00:23:59.625495Z  INFO herdr::pane: agent changed pane=8 previous_agent=Some(Pi) agent=None pgid=Some(9726)
2026-08-14T00:24:02.639872Z  INFO herdr::pane: agent changed pane=8 previous_agent=None agent=Some(Codex) process=codex pgid=Some(18259)
2026-08-14T00:24:04.325920Z  INFO herdr::logging: session saved event="persist.save" subsystem="persist" outcome="ok" path=/home/james/.config/herdr/session.json workspaces=1
2026-08-14T00:24:05.350156Z  INFO herdr::pane: agent changed pane=8 previous_agent=Some(Codex) agent=None pgid=Some(9726)
2026-08-14T00:24:06.856930Z  INFO herdr::pane: agent changed pane=8 previous_agent=None agent=Some(Pi) process=pi pgid=Some(19187)
2026-08-14T00:24:07.686034Z  INFO herdr::pane: agent changed pane=8 previous_agent=None agent=Some(Pi) process=pi pgid=Some(19187)
2026-08-14T00:24:12.586512Z  INFO herdr::logging: session saved event="persist.save" subsystem="persist" outcome="ok" path=/home/james/.config/herdr/session.json workspaces=1
2026-08-14T00:24:14.380731Z  INFO herdr::app::actions: copied selection to clipboard
2026-08-14T00:26:01.582339Z  INFO herdr::pane: agent changed pane=8 previous_agent=None agent=Some(Pi) process=pi pgid=Some(19187)
2026-08-14T00:26:03.407963Z  WARN herdr::raw_input: flushing lone escape after input timeout; if this follows an alt chord or focus switch it may reach the pane as plain esc bytes=[27]
2026-08-14T00:26:06.243271Z  INFO herdr::logging: session saved event="persist.save" subsystem="persist" outcome="ok" path=/home/james/.config/herdr/session.json workspaces=1
2026-08-14T00:26:32.729277Z  INFO herdr::logging: spawning pane terminal event="pane.spawn.start" subsystem="pane" outcome="started" pane_id=13 rows=79 cols=273 scrollback_limit_bytes=10000000
2026-08-14T00:26:32.730540Z  INFO herdr::logging: pane child spawned event="pane.spawned" subsystem="pane" outcome="ok" pane_id=13 pid=20005
2026-08-14T00:26:32.730682Z  INFO herdr::logging: tab focused event="tab.focus" subsystem="tab" outcome="ok" workspace_id="w8" tab_id="w8:t6"
2026-08-14T00:26:37.740759Z  INFO herdr::logging: session saved event="persist.save" subsystem="persist" outcome="ok" path=/home/james/.config/herdr/session.json workspaces=1
2026-08-14T00:27:00.185662Z  INFO herdr::server::headless: client resize client_id=2 cols=299 rows=81 cell_width_px=0 cell_height_px=0
2026-08-14T00:27:00.786256Z  INFO herdr::server::headless: client resize client_id=2 cols=299 rows=80 cell_width_px=0 cell_height_px=0
2026-08-14T00:27:21.104647Z  INFO herdr::server::headless: client resize client_id=2 cols=299 rows=81 cell_width_px=0 cell_height_px=0
2026-08-14T00:27:23.188734Z  INFO herdr::logging: tab focused event="tab.focus" subsystem="tab" outcome="ok" workspace_id="w8" tab_id="w8:t1"
2026-08-14T00:27:24.754041Z  INFO herdr::logging: tab focused event="tab.focus" subsystem="tab" outcome="ok" workspace_id="w8" tab_id="w8:t6"
2026-08-14T00:27:29.763926Z  INFO herdr::logging: session saved event="persist.save" subsystem="persist" outcome="ok" path=/home/james/.config/herdr/session.json workspaces=1
2026-08-14T00:27:40.005195Z  INFO herdr::logging: workspace renamed event="workspace.rename" subsystem="workspace" outcome="ok" workspace_id="w8"
2026-08-14T00:27:42.225328Z  INFO herdr::logging: spawning pane terminal event="pane.spawn.start" subsystem="pane" outcome="started" pane_id=14 rows=80 cols=273 scrollback_limit_bytes=10000000
2026-08-14T00:27:42.226744Z  INFO herdr::logging: pane child spawned event="pane.spawned" subsystem="pane" outcome="ok" pane_id=14 pid=20530
2026-08-14T00:27:42.226921Z  INFO herdr::logging: workspace created event="workspace.create" subsystem="workspace" outcome="ok" workspace_id="w9" pane_id=14
2026-08-14T00:27:42.226927Z  INFO herdr::logging: workspace focused event="workspace.focus" subsystem="workspace" outcome="ok" workspace_id="w9"
2026-08-14T00:27:42.226956Z  INFO herdr::logging: tab focused event="tab.focus" subsystem="tab" outcome="ok" workspace_id="w9" tab_id="w9:t1"
2026-08-14T00:27:47.229269Z  INFO herdr::logging: session saved event="persist.save" subsystem="persist" outcome="ok" path=/home/james/.config/herdr/session.json workspaces=2
2026-08-14T00:27:49.851195Z  INFO herdr::logging: workspace renamed event="workspace.rename" subsystem="workspace" outcome="ok" workspace_id="w9"
2026-08-14T00:27:51.313928Z  INFO herdr::pane: agent changed pane=14 previous_agent=None agent=Some(Codex) process=codex pgid=Some(20629)
2026-08-14T00:27:54.852323Z  INFO herdr::logging: session saved event="persist.save" subsystem="persist" outcome="ok" path=/home/james/.config/herdr/session.json workspaces=2
2026-08-14T00:29:03.193405Z  WARN herdr::raw_input: flushing lone escape after input timeout; if this follows an alt chord or focus switch it may reach the pane as plain esc bytes=[27]
2026-08-14T00:29:04.151733Z  INFO herdr::logging: spawning pane terminal event="pane.spawn.start" subsystem="pane" outcome="started" pane_id=15 rows=80 cols=273 scrollback_limit_bytes=10000000
2026-08-14T00:29:04.153263Z  INFO herdr::logging: pane child spawned event="pane.spawned" subsystem="pane" outcome="ok" pane_id=15 pid=28418
2026-08-14T00:29:04.153462Z  INFO herdr::logging: tab focused event="tab.focus" subsystem="tab" outcome="ok" workspace_id="w9" tab_id="w9:t2"
2026-08-14T00:29:05.710130Z  INFO herdr::pane: agent changed pane=15 previous_agent=None agent=Some(Pi) process=pi pgid=Some(28454)
2026-08-14T00:29:06.492118Z  INFO herdr::pane: agent changed pane=15 previous_agent=None agent=Some(Pi) process=pi pgid=Some(28454)
2026-08-14T00:29:11.393241Z  INFO herdr::logging: session saved event="persist.save" subsystem="persist" outcome="ok" path=/home/james/.config/herdr/session.json workspaces=2
2026-08-14T00:29:13.069434Z  WARN herdr::raw_input: flushing lone escape after input timeout; if this follows an alt chord or focus switch it may reach the pane as plain esc bytes=[27]
2026-08-14T00:29:14.018412Z  INFO herdr::pane: agent changed pane=15 previous_agent=Some(Pi) agent=None pgid=Some(28418)
2026-08-14T00:29:14.396571Z  INFO herdr::logging: tab focused event="tab.focus" subsystem="tab" outcome="ok" workspace_id="w9" tab_id="w9:t1"
2026-08-14T00:29:19.399688Z  INFO herdr::logging: session saved event="persist.save" subsystem="persist" outcome="ok" path=/home/james/.config/herdr/session.json workspaces=2
2026-08-14T00:29:46.029434Z  WARN herdr::raw_input: flushing lone escape after input timeout; if this follows an alt chord or focus switch it may reach the pane as plain esc bytes=[27]
2026-08-14T00:29:50.839616Z  WARN herdr::raw_input: flushing lone escape after input timeout; if this follows an alt chord or focus switch it may reach the pane as plain esc bytes=[27]
2026-08-14T00:29:51.486390Z  WARN herdr::raw_input: flushing lone escape after input timeout; if this follows an alt chord or focus switch it may reach the pane as plain esc bytes=[27]
2026-08-14T00:29:52.946493Z  INFO herdr::pane: agent changed pane=14 previous_agent=Some(Codex) agent=None pgid=Some(20530)
2026-08-14T00:29:57.464981Z  INFO herdr::pane: agent changed pane=14 previous_agent=None agent=Some(Codex) process=codex pgid=Some(33887)
2026-08-14T00:29:58.405955Z  INFO herdr::logging: workspace focused event="workspace.focus" subsystem="workspace" outcome="ok" workspace_id="w8"
2026-08-14T00:29:58.405986Z  INFO herdr::logging: tab focused event="tab.focus" subsystem="tab" outcome="ok" workspace_id="w8" tab_id="w8:t6"
2026-08-14T00:30:00.473554Z  INFO herdr::logging: tab focused event="tab.focus" subsystem="tab" outcome="ok" workspace_id="w8" tab_id="w8:t1"
2026-08-14T00:30:05.483955Z  INFO herdr::logging: session saved event="persist.save" subsystem="persist" outcome="ok" path=/home/james/.config/herdr/session.json workspaces=2
2026-08-14T00:30:18.765193Z  INFO herdr::app::actions: copied selection to clipboard
2026-08-14T00:30:21.335287Z  INFO herdr::logging: workspace focused event="workspace.focus" subsystem="workspace" outcome="ok" workspace_id="w9"
2026-08-14T00:30:21.335319Z  INFO herdr::logging: tab focused event="tab.focus" subsystem="tab" outcome="ok" workspace_id="w9" tab_id="w9:t1"
2026-08-14T00:30:26.344970Z  INFO herdr::logging: session saved event="persist.save" subsystem="persist" outcome="ok" path=/home/james/.config/herdr/session.json workspaces=2
2026-08-14T00:30:37.267860Z  WARN herdr::raw_input: flushing lone escape after input timeout; if this follows an alt chord or focus switch it may reach the pane as plain esc bytes=[27]
2026-08-14T00:30:59.067024Z  INFO herdr::logging: workspace focused event="workspace.focus" subsystem="workspace" outcome="ok" workspace_id="w8"
2026-08-14T00:30:59.067052Z  INFO herdr::logging: tab focused event="tab.focus" subsystem="tab" outcome="ok" workspace_id="w8" tab_id="w8:t1"
2026-08-14T00:31:04.079074Z  INFO herdr::logging: session saved event="persist.save" subsystem="persist" outcome="ok" path=/home/james/.config/herdr/session.json workspaces=2
2026-08-14T00:31:22.742652Z  INFO herdr::logging: workspace focused event="workspace.focus" subsystem="workspace" outcome="ok" workspace_id="w9"
2026-08-14T00:31:22.742682Z  INFO herdr::logging: tab focused event="tab.focus" subsystem="tab" outcome="ok" workspace_id="w9" tab_id="w9:t1"
2026-08-14T00:31:24.480044Z  INFO herdr::logging: tab focused event="tab.focus" subsystem="tab" outcome="ok" workspace_id="w9" tab_id="w9:t2"
2026-08-14T00:31:29.482955Z  INFO herdr::logging: session saved event="persist.save" subsystem="persist" outcome="ok" path=/home/james/.config/herdr/session.json workspaces=2
2026-08-14T00:31:44.918493Z  INFO herdr::logging: pane child exited event="pane.exit" subsystem="pane" outcome="completed" pane_id=15 status="ExitStatus { code: 0, signal: None }"
2026-08-14T00:31:44.922261Z  INFO herdr::pane: pane session terminated pane=15 pid=28418 signal=Hangup
2026-08-14T00:31:49.925238Z  INFO herdr::logging: session saved event="persist.save" subsystem="persist" outcome="ok" path=/home/james/.config/herdr/session.json workspaces=2
2026-08-14T00:33:10.763982Z  INFO herdr::logging: spawning pane terminal event="pane.spawn.start" subsystem="pane" outcome="started" pane_id=16 rows=80 cols=273 scrollback_limit_bytes=10000000
2026-08-14T00:33:10.765633Z  INFO herdr::logging: pane child spawned event="pane.spawned" subsystem="pane" outcome="ok" pane_id=16 pid=37638
2026-08-14T00:33:10.765844Z  INFO herdr::logging: tab focused event="tab.focus" subsystem="tab" outcome="ok" workspace_id="w9" tab_id="w9:t3"
2026-08-14T00:33:15.770399Z  INFO herdr::logging: session saved event="persist.save" subsystem="persist" outcome="ok" path=/home/james/.config/herdr/session.json workspaces=2
2026-08-14T00:33:29.395599Z  INFO herdr::pane: agent changed pane=16 previous_agent=None agent=Some(Codex) process=codex pgid=Some(37885)
2026-08-14T00:33:39.678920Z  INFO herdr::logging: session saved event="persist.save" subsystem="persist" outcome="ok" path=/home/james/.config/herdr/session.json workspaces=2
2026-08-14T00:33:56.829890Z  INFO herdr::pane: agent changed pane=16 previous_agent=Some(Codex) agent=None pgid=Some(37638)
2026-08-14T00:34:01.529361Z  INFO herdr::logging: session saved event="persist.save" subsystem="persist" outcome="ok" path=/home/james/.config/herdr/session.json workspaces=2
2026-08-14T00:34:16.921649Z  INFO herdr::logging: tab focused event="tab.focus" subsystem="tab" outcome="ok" workspace_id="w9" tab_id="w9:t1"
2026-08-14T00:34:21.924789Z  INFO herdr::logging: session saved event="persist.save" subsystem="persist" outcome="ok" path=/home/james/.config/herdr/session.json workspaces=2
2026-08-14T00:37:50.382632Z  INFO herdr::logging: checking for updates event="update.check.start" subsystem="update" outcome="started"
2026-08-14T00:37:50.468926Z  WARN herdr::detect::manifest_update: skipping unknown remote manifest agent agent="qwen"
2026-08-14T00:38:16.968922Z  INFO herdr::logging: workspace focused event="workspace.focus" subsystem="workspace" outcome="ok" workspace_id="w8"
2026-08-14T00:38:16.968954Z  INFO herdr::logging: tab focused event="tab.focus" subsystem="tab" outcome="ok" workspace_id="w8" tab_id="w8:t1"
2026-08-14T00:38:21.981184Z  INFO herdr::logging: session saved event="persist.save" subsystem="persist" outcome="ok" path=/home/james/.config/herdr/session.json workspaces=2
2026-08-14T00:38:35.486415Z  INFO herdr::logging: tab focused event="tab.focus" subsystem="tab" outcome="ok" workspace_id="w8" tab_id="w8:t6"
2026-08-14T00:38:40.496640Z  INFO herdr::logging: session saved event="persist.save" subsystem="persist" outcome="ok" path=/home/james/.config/herdr/session.json workspaces=2
2026-08-14T00:38:47.190733Z  INFO herdr::logging: tab focused event="tab.focus" subsystem="tab" outcome="ok" workspace_id="w8" tab_id="w8:t1"
2026-08-14T00:38:48.268930Z  INFO herdr::logging: tab focused event="tab.focus" subsystem="tab" outcome="ok" workspace_id="w8" tab_id="w8:t6"
2026-08-14T00:38:49.351991Z  INFO herdr::logging: tab focused event="tab.focus" subsystem="tab" outcome="ok" workspace_id="w8" tab_id="w8:t1"
2026-08-14T00:38:50.326760Z  INFO herdr::logging: tab focused event="tab.focus" subsystem="tab" outcome="ok" workspace_id="w8" tab_id="w8:t6"
2026-08-14T00:38:52.758564Z  INFO herdr::logging: tab focused event="tab.focus" subsystem="tab" outcome="ok" workspace_id="w8" tab_id="w8:t1"
2026-08-14T00:38:53.560977Z  INFO herdr::logging: tab focused event="tab.focus" subsystem="tab" outcome="ok" workspace_id="w8" tab_id="w8:t6"
2026-08-14T00:38:57.947648Z  INFO herdr::logging: tab focused event="tab.focus" subsystem="tab" outcome="ok" workspace_id="w8" tab_id="w8:t1"
2026-08-14T00:39:02.961485Z  INFO herdr::logging: session saved event="persist.save" subsystem="persist" outcome="ok" path=/home/james/.config/herdr/session.json workspaces=2
2026-08-14T00:39:03.479824Z  WARN herdr::raw_input: flushing lone escape after input timeout; if this follows an alt chord or focus switch it may reach the pane as plain esc bytes=[27]
2026-08-14T00:39:07.885010Z  INFO herdr::server::headless: client resize client_id=2 cols=299 rows=80 cell_width_px=0 cell_height_px=0
2026-08-14T00:39:33.181764Z  INFO herdr::logging: tab focused event="tab.focus" subsystem="tab" outcome="ok" workspace_id="w8" tab_id="w8:t6"
2026-08-14T00:39:34.712269Z  INFO herdr::pane: agent changed pane=13 previous_agent=None agent=Some(Codex) process=codex pgid=Some(43681)
2026-08-14T00:39:42.817178Z  INFO herdr::logging: session saved event="persist.save" subsystem="persist" outcome="ok" path=/home/james/.config/herdr/session.json workspaces=2
2026-08-14T00:40:08.955239Z  INFO herdr::logging: tab focused event="tab.focus" subsystem="tab" outcome="ok" workspace_id="w8" tab_id="w8:t1"
2026-08-14T00:40:10.755550Z  WARN herdr::raw_input: flushing lone escape after input timeout; if this follows an alt chord or focus switch it may reach the pane as plain esc bytes=[27]
2026-08-14T00:40:13.717240Z  INFO herdr::logging: tab focused event="tab.focus" subsystem="tab" outcome="ok" workspace_id="w8" tab_id="w8:t6"
2026-08-14T00:40:18.727371Z  INFO herdr::logging: session saved event="persist.save" subsystem="persist" outcome="ok" path=/home/james/.config/herdr/session.json workspaces=2
2026-08-14T00:42:02.252208Z  INFO herdr::logging: workspace focused event="workspace.focus" subsystem="workspace" outcome="ok" workspace_id="w9"
2026-08-14T00:42:02.252237Z  INFO herdr::logging: tab focused event="tab.focus" subsystem="tab" outcome="ok" workspace_id="w9" tab_id="w9:t1"
2026-08-14T00:42:07.258014Z  INFO herdr::logging: session saved event="persist.save" subsystem="persist" outcome="ok" path=/home/james/.config/herdr/session.json workspaces=2
2026-08-14T00:42:16.957948Z  INFO herdr::logging: workspace focused event="workspace.focus" subsystem="workspace" outcome="ok" workspace_id="w8"
2026-08-14T00:42:16.957976Z  INFO herdr::logging: tab focused event="tab.focus" subsystem="tab" outcome="ok" workspace_id="w8" tab_id="w8:t6"
2026-08-14T00:42:21.962949Z  INFO herdr::logging: session saved event="persist.save" subsystem="persist" outcome="ok" path=/home/james/.config/herdr/session.json workspaces=2
2026-08-14T00:44:17.705697Z  INFO herdr::app::actions: copied double-clicked token to clipboard
2026-08-14T00:44:18.776847Z  INFO herdr::app::actions: copied double-clicked token to clipboard
2026-08-14T00:44:22.310552Z  INFO herdr::logging: spawning pane terminal event="pane.spawn.start" subsystem="pane" outcome="started" pane_id=17 rows=79 cols=273 scrollback_limit_bytes=10000000
2026-08-14T00:44:22.311956Z  INFO herdr::logging: pane child spawned event="pane.spawned" subsystem="pane" outcome="ok" pane_id=17 pid=51163
2026-08-14T00:44:22.312152Z  INFO herdr::logging: tab focused event="tab.focus" subsystem="tab" outcome="ok" workspace_id="w8" tab_id="w8:t7"
2026-08-14T00:44:23.999089Z  INFO herdr::logging: tab focused event="tab.focus" subsystem="tab" outcome="ok" workspace_id="w8" tab_id="w8:t6"
2026-08-14T00:44:29.001605Z  INFO herdr::logging: session saved event="persist.save" subsystem="persist" outcome="ok" path=/home/james/.config/herdr/session.json workspaces=2
2026-08-14T00:44:44.320480Z  INFO herdr::logging: tab focused event="tab.focus" subsystem="tab" outcome="ok" workspace_id="w8" tab_id="w8:t7"
2026-08-14T00:44:45.132944Z  INFO herdr::logging: tab focused event="tab.focus" subsystem="tab" outcome="ok" workspace_id="w8" tab_id="w8:t6"
2026-08-14T00:44:45.547090Z  INFO herdr::logging: tab focused event="tab.focus" subsystem="tab" outcome="ok" workspace_id="w8" tab_id="w8:t7"
2026-08-14T00:44:46.289876Z  INFO herdr::logging: tab focused event="tab.focus" subsystem="tab" outcome="ok" workspace_id="w8" tab_id="w8:t6"
2026-08-14T00:44:51.293963Z  INFO herdr::logging: session saved event="persist.save" subsystem="persist" outcome="ok" path=/home/james/.config/herdr/session.json workspaces=2
2026-08-14T00:44:52.668189Z  INFO herdr::app::actions: copied selection to clipboard
2026-08-14T00:44:53.726640Z  INFO herdr::logging: tab focused event="tab.focus" subsystem="tab" outcome="ok" workspace_id="w8" tab_id="w8:t7"
2026-08-14T00:44:58.730966Z  INFO herdr::logging: session saved event="persist.save" subsystem="persist" outcome="ok" path=/home/james/.config/herdr/session.json workspaces=2
2026-08-14T00:46:39.955482Z  WARN herdr::raw_input: flushing lone escape after input timeout; if this follows an alt chord or focus switch it may reach the pane as plain esc bytes=[27]
2026-08-14T00:46:40.324835Z  INFO herdr::logging: tab focused event="tab.focus" subsystem="tab" outcome="ok" workspace_id="w8" tab_id="w8:t1"
2026-08-14T00:46:41.137205Z  INFO herdr::logging: tab focused event="tab.focus" subsystem="tab" outcome="ok" workspace_id="w8" tab_id="w8:t6"
2026-08-14T00:46:43.839872Z  INFO herdr::app::actions: copied selection to clipboard
2026-08-14T00:46:44.976161Z  INFO herdr::logging: tab focused event="tab.focus" subsystem="tab" outcome="ok" workspace_id="w8" tab_id="w8:t7"
2026-08-14T00:46:49.980557Z  INFO herdr::logging: session saved event="persist.save" subsystem="persist" outcome="ok" path=/home/james/.config/herdr/session.json workspaces=2
2026-08-14T00:46:51.854329Z  INFO herdr::logging: tab focused event="tab.focus" subsystem="tab" outcome="ok" workspace_id="w8" tab_id="w8:t6"
2026-08-14T00:46:56.858408Z  INFO herdr::logging: session saved event="persist.save" subsystem="persist" outcome="ok" path=/home/james/.config/herdr/session.json workspaces=2
2026-08-14T00:47:07.233154Z  INFO herdr::logging: tab focused event="tab.focus" subsystem="tab" outcome="ok" workspace_id="w8" tab_id="w8:t7"
2026-08-14T00:47:12.238555Z  INFO herdr::logging: session saved event="persist.save" subsystem="persist" outcome="ok" path=/home/james/.config/herdr/session.json workspaces=2
2026-08-14T00:48:28.137685Z  INFO herdr::logging: tab focused event="tab.focus" subsystem="tab" outcome="ok" workspace_id="w8" tab_id="w8:t6"
2026-08-14T00:48:33.143082Z  INFO herdr::logging: session saved event="persist.save" subsystem="persist" outcome="ok" path=/home/james/.config/herdr/session.json workspaces=2
2026-08-14T00:48:55.051526Z  INFO herdr::logging: tab focused event="tab.focus" subsystem="tab" outcome="ok" workspace_id="w8" tab_id="w8:t7"
2026-08-14T00:49:00.056506Z  INFO herdr::logging: session saved event="persist.save" subsystem="persist" outcome="ok" path=/home/james/.config/herdr/session.json workspaces=2
2026-08-14T00:49:03.119802Z  INFO herdr::logging: tab focused event="tab.focus" subsystem="tab" outcome="ok" workspace_id="w8" tab_id="w8:t6"
2026-08-14T00:49:08.124697Z  INFO herdr::logging: session saved event="persist.save" subsystem="persist" outcome="ok" path=/home/james/.config/herdr/session.json workspaces=2
2026-08-14T00:49:33.454891Z  INFO herdr::logging: tab focused event="tab.focus" subsystem="tab" outcome="ok" workspace_id="w8" tab_id="w8:t7"
2026-08-14T00:49:38.458731Z  INFO herdr::logging: session saved event="persist.save" subsystem="persist" outcome="ok" path=/home/james/.config/herdr/session.json workspaces=2
2026-08-14T00:49:43.810537Z  INFO herdr::app::actions: copied selection to clipboard
2026-08-14T00:49:45.134949Z  INFO herdr::logging: tab focused event="tab.focus" subsystem="tab" outcome="ok" workspace_id="w8" tab_id="w8:t6"
2026-08-14T00:49:50.139903Z  INFO herdr::logging: session saved event="persist.save" subsystem="persist" outcome="ok" path=/home/james/.config/herdr/session.json workspaces=2
2026-08-14T00:52:02.889015Z  INFO herdr::logging: tab focused event="tab.focus" subsystem="tab" outcome="ok" workspace_id="w8" tab_id="w8:t7"
2026-08-14T00:52:07.893970Z  INFO herdr::logging: session saved event="persist.save" subsystem="persist" outcome="ok" path=/home/james/.config/herdr/session.json workspaces=2
2026-08-14T00:52:13.192824Z  INFO herdr::logging: tab focused event="tab.focus" subsystem="tab" outcome="ok" workspace_id="w8" tab_id="w8:t6"
2026-08-14T00:52:18.198223Z  INFO herdr::logging: session saved event="persist.save" subsystem="persist" outcome="ok" path=/home/james/.config/herdr/session.json workspaces=2
2026-08-14T00:52:24.290219Z  WARN herdr::raw_input: flushing lone escape after input timeout; if this follows an alt chord or focus switch it may reach the pane as plain esc bytes=[27]
2026-08-14T00:52:33.845602Z  INFO herdr::app::actions: copied selection to clipboard
2026-08-14T00:52:34.998008Z  INFO herdr::logging: tab focused event="tab.focus" subsystem="tab" outcome="ok" workspace_id="w8" tab_id="w8:t7"
2026-08-14T00:52:40.002449Z  INFO herdr::logging: session saved event="persist.save" subsystem="persist" outcome="ok" path=/home/james/.config/herdr/session.json workspaces=2
2026-08-14T00:52:40.036387Z  WARN herdr::raw_input: flushing lone escape after input timeout; if this follows an alt chord or focus switch it may reach the pane as plain esc bytes=[27]
2026-08-14T00:52:45.495431Z  WARN herdr::raw_input: flushing lone escape after input timeout; if this follows an alt chord or focus switch it may reach the pane as plain esc bytes=[27]
2026-08-14T00:52:56.357610Z  WARN herdr::raw_input: flushing lone escape after input timeout; if this follows an alt chord or focus switch it may reach the pane as plain esc bytes=[27]
2026-08-14T00:53:02.531505Z  WARN herdr::raw_input: flushing lone escape after input timeout; if this follows an alt chord or focus switch it may reach the pane as plain esc bytes=[27]
2026-08-14T00:53:07.127972Z  WARN herdr::raw_input: flushing lone escape after input timeout; if this follows an alt chord or focus switch it may reach the pane as plain esc bytes=[27]
2026-08-14T00:53:13.230112Z  WARN herdr::raw_input: flushing lone escape after input timeout; if this follows an alt chord or focus switch it may reach the pane as plain esc bytes=[27]
2026-08-14T00:53:15.716093Z  WARN herdr::raw_input: flushing lone escape after input timeout; if this follows an alt chord or focus switch it may reach the pane as plain esc bytes=[27]
2026-08-14T00:53:24.520469Z  WARN herdr::raw_input: flushing lone escape after input timeout; if this follows an alt chord or focus switch it may reach the pane as plain esc bytes=[27]
2026-08-14T00:53:36.385559Z  WARN herdr::raw_input: flushing lone escape after input timeout; if this follows an alt chord or focus switch it may reach the pane as plain esc bytes=[27]
2026-08-14T00:53:42.330100Z  WARN herdr::raw_input: flushing lone escape after input timeout; if this follows an alt chord or focus switch it may reach the pane as plain esc bytes=[27]
2026-08-14T00:53:58.751376Z  INFO herdr::logging: tab focused event="tab.focus" subsystem="tab" outcome="ok" workspace_id="w8" tab_id="w8:t6"
2026-08-14T00:54:03.756306Z  INFO herdr::logging: session saved event="persist.save" subsystem="persist" outcome="ok" path=/home/james/.config/herdr/session.json workspaces=2
2026-08-14T00:54:33.681781Z  INFO herdr::logging: tab focused event="tab.focus" subsystem="tab" outcome="ok" workspace_id="w8" tab_id="w8:t7"
2026-08-14T00:54:38.058685Z  INFO herdr::logging: tab focused event="tab.focus" subsystem="tab" outcome="ok" workspace_id="w8" tab_id="w8:t6"
2026-08-14T00:54:40.126700Z  INFO herdr::logging: tab focused event="tab.focus" subsystem="tab" outcome="ok" workspace_id="w8" tab_id="w8:t7"
2026-08-14T00:54:45.131822Z  INFO herdr::logging: session saved event="persist.save" subsystem="persist" outcome="ok" path=/home/james/.config/herdr/session.json workspaces=2
2026-08-14T00:55:29.471641Z  INFO herdr::logging: tab focused event="tab.focus" subsystem="tab" outcome="ok" workspace_id="w8" tab_id="w8:t6"
2026-08-14T00:55:34.476966Z  INFO herdr::logging: session saved event="persist.save" subsystem="persist" outcome="ok" path=/home/james/.config/herdr/session.json workspaces=2
2026-08-14T00:55:58.350981Z  INFO herdr::logging: tab focused event="tab.focus" subsystem="tab" outcome="ok" workspace_id="w8" tab_id="w8:t7"
2026-08-14T00:55:59.261500Z  INFO herdr::logging: tab focused event="tab.focus" subsystem="tab" outcome="ok" workspace_id="w8" tab_id="w8:t6"
2026-08-14T00:56:04.266772Z  INFO herdr::logging: session saved event="persist.save" subsystem="persist" outcome="ok" path=/home/james/.config/herdr/session.json workspaces=2
2026-08-14T00:56:29.036443Z  INFO herdr::app::actions: copied selection to clipboard
2026-08-14T00:56:51.880970Z  INFO herdr::logging: tab focused event="tab.focus" subsystem="tab" outcome="ok" workspace_id="w8" tab_id="w8:t7"
2026-08-14T00:56:53.387114Z  INFO herdr::logging: tab focused event="tab.focus" subsystem="tab" outcome="ok" workspace_id="w8" tab_id="w8:t6"
2026-08-14T00:56:58.392946Z  INFO herdr::logging: session saved event="persist.save" subsystem="persist" outcome="ok" path=/home/james/.config/herdr/session.json workspaces=2
2026-08-14T00:57:09.062112Z  INFO herdr::app::actions: copied selection to clipboard
2026-08-14T00:57:10.593084Z  INFO herdr::logging: tab focused event="tab.focus" subsystem="tab" outcome="ok" workspace_id="w8" tab_id="w8:t7"
2026-08-14T00:57:12.415042Z  INFO herdr::logging: tab focused event="tab.focus" subsystem="tab" outcome="ok" workspace_id="w8" tab_id="w8:t6"
2026-08-14T00:57:14.413730Z  INFO herdr::logging: tab focused event="tab.focus" subsystem="tab" outcome="ok" workspace_id="w8" tab_id="w8:t7"
2026-08-14T00:57:19.422707Z  INFO herdr::logging: session saved event="persist.save" subsystem="persist" outcome="ok" path=/home/james/.config/herdr/session.json workspaces=2
2026-08-14T00:58:42.699316Z  INFO herdr::logging: tab focused event="tab.focus" subsystem="tab" outcome="ok" workspace_id="w8" tab_id="w8:t6"
2026-08-14T00:58:47.704798Z  INFO herdr::logging: session saved event="persist.save" subsystem="persist" outcome="ok" path=/home/james/.config/herdr/session.json workspaces=2
2026-08-14T00:59:04.902328Z  INFO herdr::logging: tab focused event="tab.focus" subsystem="tab" outcome="ok" workspace_id="w8" tab_id="w8:t7"
2026-08-14T00:59:06.005374Z  INFO herdr::logging: tab focused event="tab.focus" subsystem="tab" outcome="ok" workspace_id="w8" tab_id="w8:t6"
2026-08-14T00:59:07.127620Z  INFO herdr::logging: tab focused event="tab.focus" subsystem="tab" outcome="ok" workspace_id="w8" tab_id="w8:t7"
2026-08-14T00:59:07.550927Z  INFO herdr::logging: tab focused event="tab.focus" subsystem="tab" outcome="ok" workspace_id="w8" tab_id="w8:t6"
2026-08-14T00:59:08.576805Z  INFO herdr::logging: tab focused event="tab.focus" subsystem="tab" outcome="ok" workspace_id="w8" tab_id="w8:t7"
2026-08-14T00:59:13.582960Z  INFO herdr::logging: session saved event="persist.save" subsystem="persist" outcome="ok" path=/home/james/.config/herdr/session.json workspaces=2
2026-08-14T00:59:15.043284Z  INFO herdr::logging: tab focused event="tab.focus" subsystem="tab" outcome="ok" workspace_id="w8" tab_id="w8:t6"
2026-08-14T00:59:15.766822Z  INFO herdr::logging: tab focused event="tab.focus" subsystem="tab" outcome="ok" workspace_id="w8" tab_id="w8:t7"
2026-08-14T00:59:16.308342Z  INFO herdr::logging: tab focused event="tab.focus" subsystem="tab" outcome="ok" workspace_id="w8" tab_id="w8:t6"
2026-08-14T00:59:21.314736Z  INFO herdr::logging: session saved event="persist.save" subsystem="persist" outcome="ok" path=/home/james/.config/herdr/session.json workspaces=2
2026-08-14T00:59:30.965734Z  INFO herdr::logging: tab focused event="tab.focus" subsystem="tab" outcome="ok" workspace_id="w8" tab_id="w8:t1"
2026-08-14T00:59:32.078344Z  WARN herdr::raw_input: flushing lone escape after input timeout; if this follows an alt chord or focus switch it may reach the pane as plain esc bytes=[27]
2026-08-14T00:59:35.971326Z  INFO herdr::logging: session saved event="persist.save" subsystem="persist" outcome="ok" path=/home/james/.config/herdr/session.json workspaces=2
2026-08-14T00:59:36.383864Z  WARN herdr::raw_input: flushing lone escape after input timeout; if this follows an alt chord or focus switch it may reach the pane as plain esc bytes=[27]
2026-08-14T00:59:40.540810Z  WARN herdr::raw_input: flushing lone escape after input timeout; if this follows an alt chord or focus switch it may reach the pane as plain esc bytes=[27]
2026-08-14T00:59:43.344333Z  INFO herdr::logging: tab focused event="tab.focus" subsystem="tab" outcome="ok" workspace_id="w8" tab_id="w8:t6"
2026-08-14T00:59:46.847786Z  INFO herdr::logging: tab focused event="tab.focus" subsystem="tab" outcome="ok" workspace_id="w8" tab_id="w8:t7"
2026-08-14T00:59:48.738836Z  INFO herdr::logging: spawning pane terminal event="pane.spawn.start" subsystem="pane" outcome="started" pane_id=18 rows=79 cols=273 scrollback_limit_bytes=10000000
2026-08-14T00:59:48.740400Z  INFO herdr::logging: pane child spawned event="pane.spawned" subsystem="pane" outcome="ok" pane_id=18 pid=63201
2026-08-14T00:59:48.740545Z  INFO herdr::logging: tab focused event="tab.focus" subsystem="tab" outcome="ok" workspace_id="w8" tab_id="w8:t8"
2026-08-14T00:59:53.749032Z  INFO herdr::logging: session saved event="persist.save" subsystem="persist" outcome="ok" path=/home/james/.config/herdr/session.json workspaces=2
2026-08-14T01:00:05.266446Z  INFO herdr::app::actions: copied selection to clipboard
2026-08-14T01:00:07.558144Z  INFO herdr::logging: tab focused event="tab.focus" subsystem="tab" outcome="ok" workspace_id="w8" tab_id="w8:t7"
2026-08-14T01:00:09.236212Z  INFO herdr::logging: tab focused event="tab.focus" subsystem="tab" outcome="ok" workspace_id="w8" tab_id="w8:t6"
2026-08-14T01:00:14.245142Z  INFO herdr::logging: session saved event="persist.save" subsystem="persist" outcome="ok" path=/home/james/.config/herdr/session.json workspaces=2
2026-08-14T01:01:40.815329Z  INFO herdr::logging: tab focused event="tab.focus" subsystem="tab" outcome="ok" workspace_id="w8" tab_id="w8:t7"
2026-08-14T01:01:45.824041Z  INFO herdr::logging: session saved event="persist.save" subsystem="persist" outcome="ok" path=/home/james/.config/herdr/session.json workspaces=2
2026-08-14T01:01:46.181676Z  INFO herdr::logging: tab focused event="tab.focus" subsystem="tab" outcome="ok" workspace_id="w8" tab_id="w8:t6"
2026-08-14T01:01:47.648387Z  INFO herdr::logging: tab focused event="tab.focus" subsystem="tab" outcome="ok" workspace_id="w8" tab_id="w8:t7"
2026-08-14T01:01:48.781818Z  INFO herdr::logging: tab focused event="tab.focus" subsystem="tab" outcome="ok" workspace_id="w8" tab_id="w8:t6"
2026-08-14T01:01:53.790725Z  INFO herdr::logging: session saved event="persist.save" subsystem="persist" outcome="ok" path=/home/james/.config/herdr/session.json workspaces=2
2026-08-14T01:02:35.401032Z  WARN herdr::raw_input: flushing lone escape after input timeout; if this follows an alt chord or focus switch it may reach the pane as plain esc bytes=[27]
2026-08-14T01:03:18.427363Z  INFO herdr::logging: tab focused event="tab.focus" subsystem="tab" outcome="ok" workspace_id="w8" tab_id="w8:t7"
2026-08-14T01:03:19.274233Z  INFO herdr::logging: tab focused event="tab.focus" subsystem="tab" outcome="ok" workspace_id="w8" tab_id="w8:t8"
2026-08-14T01:03:24.283969Z  INFO herdr::logging: session saved event="persist.save" subsystem="persist" outcome="ok" path=/home/james/.config/herdr/session.json workspaces=2
2026-08-14T01:03:25.888626Z  INFO herdr::logging: tab focused event="tab.focus" subsystem="tab" outcome="ok" workspace_id="w8" tab_id="w8:t7"
2026-08-14T01:03:26.169025Z  INFO herdr::logging: tab focused event="tab.focus" subsystem="tab" outcome="ok" workspace_id="w8" tab_id="w8:t6"
2026-08-14T01:03:31.178416Z  INFO herdr::logging: session saved event="persist.save" subsystem="persist" outcome="ok" path=/home/james/.config/herdr/session.json workspaces=2
2026-08-14T01:04:19.512300Z  INFO herdr::logging: tab focused event="tab.focus" subsystem="tab" outcome="ok" workspace_id="w8" tab_id="w8:t7"
2026-08-14T01:04:20.260504Z  INFO herdr::logging: tab focused event="tab.focus" subsystem="tab" outcome="ok" workspace_id="w8" tab_id="w8:t8"
2026-08-14T01:04:25.266357Z  INFO herdr::logging: session saved event="persist.save" subsystem="persist" outcome="ok" path=/home/james/.config/herdr/session.json workspaces=2
2026-08-14T01:04:26.965905Z  WARN herdr::raw_input: flushing lone escape after input timeout; if this follows an alt chord or focus switch it may reach the pane as plain esc bytes=[27]
2026-08-14T01:04:29.311181Z  WARN herdr::raw_input: flushing lone escape after input timeout; if this follows an alt chord or focus switch it may reach the pane as plain esc bytes=[27]
2026-08-14T01:04:32.377744Z  INFO herdr::logging: tab focused event="tab.focus" subsystem="tab" outcome="ok" workspace_id="w8" tab_id="w8:t7"
2026-08-14T01:04:32.663134Z  INFO herdr::logging: tab focused event="tab.focus" subsystem="tab" outcome="ok" workspace_id="w8" tab_id="w8:t6"
2026-08-14T01:04:34.400857Z  INFO herdr::logging: tab focused event="tab.focus" subsystem="tab" outcome="ok" workspace_id="w8" tab_id="w8:t7"
2026-08-14T01:04:35.745301Z  INFO herdr::logging: tab focused event="tab.focus" subsystem="tab" outcome="ok" workspace_id="w8" tab_id="w8:t8"
2026-08-14T01:04:37.888089Z  INFO herdr::logging: tab focused event="tab.focus" subsystem="tab" outcome="ok" workspace_id="w8" tab_id="w8:t7"
2026-08-14T01:04:42.895343Z  INFO herdr::logging: session saved event="persist.save" subsystem="persist" outcome="ok" path=/home/james/.config/herdr/session.json workspaces=2
2026-08-14T01:04:43.891482Z  INFO herdr::logging: tab focused event="tab.focus" subsystem="tab" outcome="ok" workspace_id="w8" tab_id="w8:t8"
2026-08-14T01:04:48.898635Z  INFO herdr::logging: session saved event="persist.save" subsystem="persist" outcome="ok" path=/home/james/.config/herdr/session.json workspaces=2
2026-08-14T01:04:49.828493Z  INFO herdr::logging: tab focused event="tab.focus" subsystem="tab" outcome="ok" workspace_id="w8" tab_id="w8:t7"
2026-08-14T01:04:50.133870Z  INFO herdr::logging: tab focused event="tab.focus" subsystem="tab" outcome="ok" workspace_id="w8" tab_id="w8:t6"
2026-08-14T01:04:52.520216Z  INFO herdr::logging: tab focused event="tab.focus" subsystem="tab" outcome="ok" workspace_id="w8" tab_id="w8:t7"
2026-08-14T01:04:52.835374Z  INFO herdr::logging: tab focused event="tab.focus" subsystem="tab" outcome="ok" workspace_id="w8" tab_id="w8:t8"
2026-08-14T01:04:57.842418Z  INFO herdr::logging: session saved event="persist.save" subsystem="persist" outcome="ok" path=/home/james/.config/herdr/session.json workspaces=2
2026-08-14T01:05:22.677835Z  INFO herdr::app::actions: copied selection to clipboard
2026-08-14T01:05:41.764222Z  INFO herdr::app::actions: copied selection to clipboard
2026-08-14T01:05:57.083751Z  INFO herdr::logging: tab focused event="tab.focus" subsystem="tab" outcome="ok" workspace_id="w8" tab_id="w8:t7"
2026-08-14T01:05:57.367353Z  INFO herdr::logging: tab focused event="tab.focus" subsystem="tab" outcome="ok" workspace_id="w8" tab_id="w8:t6"
2026-08-14T01:06:02.375918Z  INFO herdr::logging: session saved event="persist.save" subsystem="persist" outcome="ok" path=/home/james/.config/herdr/session.json workspaces=2
2026-08-14T01:06:03.378385Z  INFO herdr::logging: tab focused event="tab.focus" subsystem="tab" outcome="ok" workspace_id="w8" tab_id="w8:t7"
2026-08-14T01:06:03.678969Z  INFO herdr::logging: tab focused event="tab.focus" subsystem="tab" outcome="ok" workspace_id="w8" tab_id="w8:t8"
2026-08-14T01:06:08.685631Z  INFO herdr::logging: session saved event="persist.save" subsystem="persist" outcome="ok" path=/home/james/.config/herdr/session.json workspaces=2
2026-08-14T01:06:13.824125Z  INFO herdr::logging: spawning pane terminal event="pane.spawn.start" subsystem="pane" outcome="started" pane_id=19 rows=79 cols=273 scrollback_limit_bytes=10000000
2026-08-14T01:06:13.825942Z  INFO herdr::logging: pane child spawned event="pane.spawned" subsystem="pane" outcome="ok" pane_id=19 pid=66421
2026-08-14T01:06:13.826127Z  INFO herdr::logging: tab focused event="tab.focus" subsystem="tab" outcome="ok" workspace_id="w8" tab_id="w8:t9"
2026-08-14T01:06:18.828369Z  INFO herdr::logging: session saved event="persist.save" subsystem="persist" outcome="ok" path=/home/james/.config/herdr/session.json workspaces=2
2026-08-14T01:06:22.317694Z  INFO herdr::logging: tab focused event="tab.focus" subsystem="tab" outcome="ok" workspace_id="w8" tab_id="w8:t8"
2026-08-14T01:06:23.636918Z  INFO herdr::logging: tab focused event="tab.focus" subsystem="tab" outcome="ok" workspace_id="w8" tab_id="w8:t9"
2026-08-14T01:06:28.240964Z  INFO herdr::app::actions: copied double-clicked token to clipboard
2026-08-14T01:06:28.638774Z  INFO herdr::logging: session saved event="persist.save" subsystem="persist" outcome="ok" path=/home/james/.config/herdr/session.json workspaces=2
2026-08-14T01:06:40.224667Z  WARN herdr::raw_input: flushing lone escape after input timeout; if this follows an alt chord or focus switch it may reach the pane as plain esc bytes=[27]
2026-08-14T01:06:40.374781Z  WARN herdr::raw_input: flushing lone escape after input timeout; if this follows an alt chord or focus switch it may reach the pane as plain esc bytes=[27]
2026-08-14T01:06:51.328892Z  INFO herdr::app::actions: copied selection to clipboard
2026-08-14T01:06:52.294411Z  INFO herdr::logging: tab focused event="tab.focus" subsystem="tab" outcome="ok" workspace_id="w8" tab_id="w8:t8"
2026-08-14T01:06:52.863873Z  INFO herdr::logging: tab focused event="tab.focus" subsystem="tab" outcome="ok" workspace_id="w8" tab_id="w8:t7"
2026-08-14T01:06:55.320513Z  INFO herdr::logging: tab focused event="tab.focus" subsystem="tab" outcome="ok" workspace_id="w8" tab_id="w8:t6"
2026-08-14T01:06:56.855481Z  INFO herdr::logging: tab focused event="tab.focus" subsystem="tab" outcome="ok" workspace_id="w8" tab_id="w8:t7"
2026-08-14T01:06:58.115449Z  INFO herdr::logging: tab focused event="tab.focus" subsystem="tab" outcome="ok" workspace_id="w8" tab_id="w8:t6"
2026-08-14T01:07:00.922335Z  INFO herdr::logging: tab focused event="tab.focus" subsystem="tab" outcome="ok" workspace_id="w8" tab_id="w8:t7"
2026-08-14T01:07:05.931094Z  INFO herdr::logging: session saved event="persist.save" subsystem="persist" outcome="ok" path=/home/james/.config/herdr/session.json workspaces=2
2026-08-14T01:07:07.337488Z  INFO herdr::logging: tab focused event="tab.focus" subsystem="tab" outcome="ok" workspace_id="w8" tab_id="w8:t6"
2026-08-14T01:07:08.750405Z  INFO herdr::logging: tab focused event="tab.focus" subsystem="tab" outcome="ok" workspace_id="w8" tab_id="w8:t7"
2026-08-14T01:07:09.040763Z  INFO herdr::logging: tab focused event="tab.focus" subsystem="tab" outcome="ok" workspace_id="w8" tab_id="w8:t8"
2026-08-14T01:07:09.829998Z  INFO herdr::logging: pane child exited event="pane.exit" subsystem="pane" outcome="completed" pane_id=18 status="ExitStatus { code: 0, signal: None }"
2026-08-14T01:07:09.834610Z  INFO herdr::pane: pane session terminated pane=18 pid=63201 signal=Hangup
2026-08-14T01:07:10.365712Z  INFO herdr::logging: tab focused event="tab.focus" subsystem="tab" outcome="ok" workspace_id="w8" tab_id="w8:t9"
2026-08-14T01:07:11.788450Z  INFO herdr::logging: tab focused event="tab.focus" subsystem="tab" outcome="ok" workspace_id="w8" tab_id="w8:t7"
2026-08-14T01:07:12.518128Z  INFO herdr::logging: pane child exited event="pane.exit" subsystem="pane" outcome="completed" pane_id=17 status="ExitStatus { code: 130, signal: None }"
2026-08-14T01:07:12.522816Z  INFO herdr::pane: pane session terminated pane=17 pid=51163 signal=Hangup
2026-08-14T01:07:13.225698Z  INFO herdr::logging: tab focused event="tab.focus" subsystem="tab" outcome="ok" workspace_id="w8" tab_id="w8:t9"
2026-08-14T01:07:13.812867Z  INFO herdr::logging: tab focused event="tab.focus" subsystem="tab" outcome="ok" workspace_id="w8" tab_id="w8:t6"
2026-08-14T01:07:18.817036Z  INFO herdr::logging: session saved event="persist.save" subsystem="persist" outcome="ok" path=/home/james/.config/herdr/session.json workspaces=2
2026-08-14T01:07:25.156096Z  INFO herdr::app::actions: copied selection to clipboard
2026-08-14T01:07:26.751063Z  INFO herdr::logging: tab focused event="tab.focus" subsystem="tab" outcome="ok" workspace_id="w8" tab_id="w8:t9"
2026-08-14T01:07:28.754587Z  INFO herdr::logging: tab focused event="tab.focus" subsystem="tab" outcome="ok" workspace_id="w8" tab_id="w8:t6"
2026-08-14T01:07:29.768831Z  INFO herdr::logging: tab focused event="tab.focus" subsystem="tab" outcome="ok" workspace_id="w8" tab_id="w8:t9"
2026-08-14T01:07:34.773272Z  INFO herdr::logging: session saved event="persist.save" subsystem="persist" outcome="ok" path=/home/james/.config/herdr/session.json workspaces=2
2026-08-14T01:07:35.690178Z  INFO herdr::logging: tab focused event="tab.focus" subsystem="tab" outcome="ok" workspace_id="w8" tab_id="w8:t6"
2026-08-14T01:07:36.212006Z  INFO herdr::logging: tab focused event="tab.focus" subsystem="tab" outcome="ok" workspace_id="w8" tab_id="w8:t9"
2026-08-14T01:07:41.215915Z  INFO herdr::logging: session saved event="persist.save" subsystem="persist" outcome="ok" path=/home/james/.config/herdr/session.json workspaces=2
2026-08-14T01:07:43.010851Z  INFO herdr::logging: tab focused event="tab.focus" subsystem="tab" outcome="ok" workspace_id="w8" tab_id="w8:t6"
2026-08-14T01:07:48.014850Z  INFO herdr::logging: session saved event="persist.save" subsystem="persist" outcome="ok" path=/home/james/.config/herdr/session.json workspaces=2
2026-08-14T01:07:50.383518Z  INFO herdr::logging: checking for updates event="update.check.start" subsystem="update" outcome="started"
2026-08-14T01:07:50.491532Z  WARN herdr::detect::manifest_update: skipping unknown remote manifest agent agent="qwen"
2026-08-14T01:08:34.674457Z  INFO herdr::logging: tab focused event="tab.focus" subsystem="tab" outcome="ok" workspace_id="w8" tab_id="w8:t1"
2026-08-14T01:08:35.142266Z  INFO herdr::logging: tab focused event="tab.focus" subsystem="tab" outcome="ok" workspace_id="w8" tab_id="w8:t6"
2026-08-14T01:08:36.230629Z  INFO herdr::logging: workspace focused event="workspace.focus" subsystem="workspace" outcome="ok" workspace_id="w9"
2026-08-14T01:08:36.230653Z  INFO herdr::logging: tab focused event="tab.focus" subsystem="tab" outcome="ok" workspace_id="w9" tab_id="w9:t1"
2026-08-14T01:08:41.238347Z  INFO herdr::logging: session saved event="persist.save" subsystem="persist" outcome="ok" path=/home/james/.config/herdr/session.json workspaces=2
2026-08-14T01:08:47.144449Z  INFO herdr::logging: workspace focused event="workspace.focus" subsystem="workspace" outcome="ok" workspace_id="w8"
2026-08-14T01:08:47.144476Z  INFO herdr::logging: tab focused event="tab.focus" subsystem="tab" outcome="ok" workspace_id="w8" tab_id="w8:t6"
2026-08-14T01:08:48.198186Z  INFO herdr::logging: tab focused event="tab.focus" subsystem="tab" outcome="ok" workspace_id="w8" tab_id="w8:t1"
2026-08-14T01:08:53.203955Z  INFO herdr::logging: session saved event="persist.save" subsystem="persist" outcome="ok" path=/home/james/.config/herdr/session.json workspaces=2
2026-08-14T01:09:03.424867Z  INFO herdr::logging: tab focused event="tab.focus" subsystem="tab" outcome="ok" workspace_id="w8" tab_id="w8:t9"
2026-08-14T01:09:04.739475Z  INFO herdr::logging: tab focused event="tab.focus" subsystem="tab" outcome="ok" workspace_id="w8" tab_id="w8:t6"
2026-08-14T01:09:05.236517Z  INFO herdr::logging: tab focused event="tab.focus" subsystem="tab" outcome="ok" workspace_id="w8" tab_id="w8:t9"
2026-08-14T01:09:06.448316Z  INFO herdr::logging: pane child exited event="pane.exit" subsystem="pane" outcome="completed" pane_id=19 status="ExitStatus { code: 0, signal: None }"
2026-08-14T01:09:06.448430Z  INFO herdr::pane: pane session terminated pane=19 pid=66421 signal=Hangup
2026-08-14T01:09:10.449488Z  INFO herdr::logging: tab focused event="tab.focus" subsystem="tab" outcome="ok" workspace_id="w8" tab_id="w8:t1"
2026-08-14T01:09:11.522934Z  INFO herdr::logging: workspace focused event="workspace.focus" subsystem="workspace" outcome="ok" workspace_id="w9"
2026-08-14T01:09:11.522960Z  INFO herdr::logging: tab focused event="tab.focus" subsystem="tab" outcome="ok" workspace_id="w9" tab_id="w9:t1"
2026-08-14T01:09:13.196556Z  INFO herdr::logging: workspace focused event="workspace.focus" subsystem="workspace" outcome="ok" workspace_id="w8"
2026-08-14T01:09:13.196579Z  INFO herdr::logging: tab focused event="tab.focus" subsystem="tab" outcome="ok" workspace_id="w8" tab_id="w8:t6"
2026-08-14T01:09:15.564730Z  INFO herdr::logging: tab focused event="tab.focus" subsystem="tab" outcome="ok" workspace_id="w8" tab_id="w8:t1"
2026-08-14T01:09:19.190660Z  INFO herdr::logging: spawning pane terminal event="pane.spawn.start" subsystem="pane" outcome="started" pane_id=20 rows=79 cols=273 scrollback_limit_bytes=10000000
2026-08-14T01:09:19.192231Z  INFO herdr::logging: pane child spawned event="pane.spawned" subsystem="pane" outcome="ok" pane_id=20 pid=68237
2026-08-14T01:09:19.192451Z  INFO herdr::logging: tab focused event="tab.focus" subsystem="tab" outcome="ok" workspace_id="w8" tab_id="w8:tA"
2026-08-14T01:09:24.195624Z  INFO herdr::logging: session saved event="persist.save" subsystem="persist" outcome="ok" path=/home/james/.config/herdr/session.json workspaces=2
2026-08-14T01:09:25.869692Z  INFO herdr::logging: tab focused event="tab.focus" subsystem="tab" outcome="ok" workspace_id="w8" tab_id="w8:t6"
2026-08-14T01:09:26.385175Z  INFO herdr::app::actions: copied selection to clipboard
2026-08-14T01:09:30.873519Z  INFO herdr::logging: session saved event="persist.save" subsystem="persist" outcome="ok" path=/home/james/.config/herdr/session.json workspaces=2
2026-08-14T01:09:31.077633Z  INFO herdr::logging: tab focused event="tab.focus" subsystem="tab" outcome="ok" workspace_id="w8" tab_id="w8:t1"
2026-08-14T01:09:36.082580Z  INFO herdr::logging: session saved event="persist.save" subsystem="persist" outcome="ok" path=/home/james/.config/herdr/session.json workspaces=2
2026-08-14T01:10:25.030656Z  INFO herdr::logging: tab focused event="tab.focus" subsystem="tab" outcome="ok" workspace_id="w8" tab_id="w8:t6"
2026-08-14T01:10:27.469451Z  INFO herdr::logging: tab focused event="tab.focus" subsystem="tab" outcome="ok" workspace_id="w8" tab_id="w8:tA"
2026-08-14T01:10:28.301548Z  INFO herdr::logging: tab focused event="tab.focus" subsystem="tab" outcome="ok" workspace_id="w8" tab_id="w8:t6"
2026-08-14T01:10:29.635560Z  INFO herdr::logging: tab focused event="tab.focus" subsystem="tab" outcome="ok" workspace_id="w8" tab_id="w8:t1"
2026-08-14T01:10:34.641102Z  INFO herdr::logging: session saved event="persist.save" subsystem="persist" outcome="ok" path=/home/james/.config/herdr/session.json workspaces=2
2026-08-14T01:12:52.973349Z  INFO herdr::logging: workspace focused event="workspace.focus" subsystem="workspace" outcome="ok" workspace_id="w9"
2026-08-14T01:12:52.973383Z  INFO herdr::logging: tab focused event="tab.focus" subsystem="tab" outcome="ok" workspace_id="w9" tab_id="w9:t1"
2026-08-14T01:12:57.979641Z  INFO herdr::logging: session saved event="persist.save" subsystem="persist" outcome="ok" path=/home/james/.config/herdr/session.json workspaces=2
2026-08-14T01:13:00.003042Z  INFO herdr::logging: tab focused event="tab.focus" subsystem="tab" outcome="ok" workspace_id="w9" tab_id="w9:t3"
2026-08-14T01:13:05.007885Z  INFO herdr::logging: session saved event="persist.save" subsystem="persist" outcome="ok" path=/home/james/.config/herdr/session.json workspaces=2
2026-08-14T01:13:07.097174Z  INFO herdr::logging: tab focused event="tab.focus" subsystem="tab" outcome="ok" workspace_id="w9" tab_id="w9:t1"
2026-08-14T01:13:07.441927Z  INFO herdr::logging: tab focused event="tab.focus" subsystem="tab" outcome="ok" workspace_id="w9" tab_id="w9:t3"
2026-08-14T01:13:08.648123Z  INFO herdr::logging: tab focused event="tab.focus" subsystem="tab" outcome="ok" workspace_id="w9" tab_id="w9:t1"
2026-08-14T01:13:13.653033Z  INFO herdr::logging: session saved event="persist.save" subsystem="persist" outcome="ok" path=/home/james/.config/herdr/session.json workspaces=2
2026-08-14T01:13:22.926864Z  INFO herdr::pane: agent changed pane=14 previous_agent=Some(Codex) agent=None pgid=Some(20530)
2026-08-14T01:13:26.062445Z  INFO herdr::app::actions: copied double-clicked token to clipboard
2026-08-14T01:13:47.538851Z  INFO herdr::pane: agent changed pane=14 previous_agent=None agent=Some(Codex) process=codex pgid=Some(72501)
2026-08-14T01:13:50.550966Z  INFO herdr::pane: agent changed pane=14 previous_agent=Some(Codex) agent=None pgid=Some(20530)
2026-08-14T01:13:59.096021Z  INFO herdr::pane: agent changed pane=14 previous_agent=None agent=Some(Claude) process=claude pgid=Some(72789)
2026-08-14T01:14:02.109634Z  INFO herdr::pane: agent changed pane=14 previous_agent=Some(Claude) agent=None pgid=Some(20530)
2026-08-14T01:14:26.852236Z  INFO herdr::logging: workspace focused event="workspace.focus" subsystem="workspace" outcome="ok" workspace_id="w8"
2026-08-14T01:14:26.852270Z  INFO herdr::logging: tab focused event="tab.focus" subsystem="tab" outcome="ok" workspace_id="w8" tab_id="w8:t1"
2026-08-14T01:14:29.623613Z  INFO herdr::logging: workspace focused event="workspace.focus" subsystem="workspace" outcome="ok" workspace_id="w9"
2026-08-14T01:14:29.623658Z  INFO herdr::logging: tab focused event="tab.focus" subsystem="tab" outcome="ok" workspace_id="w9" tab_id="w9:t1"
2026-08-14T01:14:34.428708Z  INFO herdr::app::actions: copied double-clicked token to clipboard
2026-08-14T01:14:34.630300Z  INFO herdr::logging: session saved event="persist.save" subsystem="persist" outcome="ok" path=/home/james/.config/herdr/session.json workspaces=2
2026-08-14T01:14:35.772276Z  INFO herdr::pane: agent changed pane=14 previous_agent=None agent=Some(Codex) process=codex pgid=Some(73687)
2026-08-14T01:14:36.977778Z  INFO herdr::pane: agent changed pane=14 previous_agent=Some(Codex) agent=None pgid=Some(20530)
2026-08-14T01:14:39.993491Z  INFO herdr::pane: agent changed pane=14 previous_agent=None agent=Some(Codex) process=codex pgid=Some(74039)
2026-08-14T01:14:44.211092Z  WARN herdr::raw_input: flushing lone escape after input timeout; if this follows an alt chord or focus switch it may reach the pane as plain esc bytes=[27]
2026-08-14T01:14:46.931731Z  INFO herdr::pane: agent changed pane=14 previous_agent=Some(Codex) agent=None pgid=Some(20530)
2026-08-14T01:14:48.941064Z  INFO herdr::pane: agent changed pane=14 previous_agent=None agent=Some(Codex) process=codex pgid=Some(75706)
2026-08-14T01:14:55.622692Z  WARN herdr::raw_input: flushing lone escape after input timeout; if this follows an alt chord or focus switch it may reach the pane as plain esc bytes=[27]
2026-08-14T01:16:11.250282Z  INFO herdr::logging: tab focused event="tab.focus" subsystem="tab" outcome="ok" workspace_id="w9" tab_id="w9:t3"
2026-08-14T01:16:13.766831Z  INFO herdr::logging: tab focused event="tab.focus" subsystem="tab" outcome="ok" workspace_id="w9" tab_id="w9:t1"
2026-08-14T01:16:14.347739Z  INFO herdr::logging: workspace focused event="workspace.focus" subsystem="workspace" outcome="ok" workspace_id="w8"
2026-08-14T01:16:14.347764Z  INFO herdr::logging: tab focused event="tab.focus" subsystem="tab" outcome="ok" workspace_id="w8" tab_id="w8:t6"
2026-08-14T01:16:19.352628Z  INFO herdr::logging: session saved event="persist.save" subsystem="persist" outcome="ok" path=/home/james/.config/herdr/session.json workspaces=2
2026-08-14T01:16:41.892526Z  INFO herdr::logging: tab focused event="tab.focus" subsystem="tab" outcome="ok" workspace_id="w8" tab_id="w8:t1"
2026-08-14T01:16:46.898614Z  INFO herdr::logging: session saved event="persist.save" subsystem="persist" outcome="ok" path=/home/james/.config/herdr/session.json workspaces=2
2026-08-14T01:17:17.601041Z  WARN herdr::raw_input: flushing lone escape after input timeout; if this follows an alt chord or focus switch it may reach the pane as plain esc bytes=[27]
2026-08-14T01:17:18.834488Z  INFO herdr::logging: tab focused event="tab.focus" subsystem="tab" outcome="ok" workspace_id="w8" tab_id="w8:t6"
2026-08-14T01:17:19.577837Z  INFO herdr::logging: workspace focused event="workspace.focus" subsystem="workspace" outcome="ok" workspace_id="w9"
2026-08-14T01:17:19.577861Z  INFO herdr::logging: tab focused event="tab.focus" subsystem="tab" outcome="ok" workspace_id="w9" tab_id="w9:t1"
2026-08-14T01:17:21.086498Z  WARN herdr::raw_input: flushing lone escape after input timeout; if this follows an alt chord or focus switch it may reach the pane as plain esc bytes=[27]
2026-08-14T01:17:24.583197Z  INFO herdr::logging: session saved event="persist.save" subsystem="persist" outcome="ok" path=/home/james/.config/herdr/session.json workspaces=2
2026-08-14T01:17:38.363925Z  INFO herdr::logging: workspace focused event="workspace.focus" subsystem="workspace" outcome="ok" workspace_id="w8"
2026-08-14T01:17:38.363953Z  INFO herdr::logging: tab focused event="tab.focus" subsystem="tab" outcome="ok" workspace_id="w8" tab_id="w8:t6"
2026-08-14T01:17:38.939518Z  WARN herdr::raw_input: flushing lone escape after input timeout; if this follows an alt chord or focus switch it may reach the pane as plain esc bytes=[27]
2026-08-14T01:17:39.089693Z  WARN herdr::raw_input: flushing lone escape after input timeout; if this follows an alt chord or focus switch it may reach the pane as plain esc bytes=[27]
2026-08-14T01:17:39.276924Z  WARN herdr::raw_input: flushing lone escape after input timeout; if this follows an alt chord or focus switch it may reach the pane as plain esc bytes=[27]
2026-08-14T01:17:40.625677Z  WARN herdr::raw_input: flushing lone escape after input timeout; if this follows an alt chord or focus switch it may reach the pane as plain esc bytes=[27]
2026-08-14T01:17:43.369677Z  INFO herdr::logging: session saved event="persist.save" subsystem="persist" outcome="ok" path=/home/james/.config/herdr/session.json workspaces=2
2026-08-14T01:17:44.273498Z  INFO herdr::logging: workspace focused event="workspace.focus" subsystem="workspace" outcome="ok" workspace_id="w9"
2026-08-14T01:17:44.273528Z  INFO herdr::logging: tab focused event="tab.focus" subsystem="tab" outcome="ok" workspace_id="w9" tab_id="w9:t1"
2026-08-14T01:17:44.908786Z  INFO herdr::logging: workspace focused event="workspace.focus" subsystem="workspace" outcome="ok" workspace_id="w8"
2026-08-14T01:17:44.908815Z  INFO herdr::logging: tab focused event="tab.focus" subsystem="tab" outcome="ok" workspace_id="w8" tab_id="w8:t1"
2026-08-14T01:17:45.745319Z  INFO herdr::logging: workspace focused event="workspace.focus" subsystem="workspace" outcome="ok" workspace_id="w9"
2026-08-14T01:17:45.745343Z  INFO herdr::logging: tab focused event="tab.focus" subsystem="tab" outcome="ok" workspace_id="w9" tab_id="w9:t1"
2026-08-14T01:17:46.030887Z  INFO herdr::logging: workspace focused event="workspace.focus" subsystem="workspace" outcome="ok" workspace_id="w8"
2026-08-14T01:17:46.030913Z  INFO herdr::logging: tab focused event="tab.focus" subsystem="tab" outcome="ok" workspace_id="w8" tab_id="w8:t6"
2026-08-14T01:17:51.037176Z  INFO herdr::logging: session saved event="persist.save" subsystem="persist" outcome="ok" path=/home/james/.config/herdr/session.json workspaces=2
2026-08-14T01:21:04.840521Z  WARN herdr::raw_input: flushing lone escape after input timeout; if this follows an alt chord or focus switch it may reach the pane as plain esc bytes=[27]
2026-08-14T01:23:32.772312Z  INFO herdr::app::actions: copied selection to clipboard
2026-08-14T01:23:56.138776Z  INFO herdr::app::actions: copied selection to clipboard
2026-08-14T01:23:57.172509Z  INFO herdr::logging: tab focused event="tab.focus" subsystem="tab" outcome="ok" workspace_id="w8" tab_id="w8:tA"
2026-08-14T01:23:59.186361Z  INFO herdr::logging: tab focused event="tab.focus" subsystem="tab" outcome="ok" workspace_id="w8" tab_id="w8:t6"
2026-08-14T01:24:01.884128Z  INFO herdr::app::actions: copied selection to clipboard
2026-08-14T01:24:02.908118Z  INFO herdr::logging: tab focused event="tab.focus" subsystem="tab" outcome="ok" workspace_id="w8" tab_id="w8:tA"
2026-08-14T01:24:04.513311Z  INFO herdr::logging: tab focused event="tab.focus" subsystem="tab" outcome="ok" workspace_id="w8" tab_id="w8:t6"
2026-08-14T01:24:09.517524Z  INFO herdr::logging: session saved event="persist.save" subsystem="persist" outcome="ok" path=/home/james/.config/herdr/session.json workspaces=2
2026-08-14T01:24:09.530137Z  INFO herdr::app::actions: copied selection to clipboard
2026-08-14T01:24:10.750887Z  INFO herdr::logging: tab focused event="tab.focus" subsystem="tab" outcome="ok" workspace_id="w8" tab_id="w8:tA"
2026-08-14T01:24:15.754698Z  INFO herdr::logging: session saved event="persist.save" subsystem="persist" outcome="ok" path=/home/james/.config/herdr/session.json workspaces=2
2026-08-14T01:24:18.932008Z  INFO herdr::logging: tab focused event="tab.focus" subsystem="tab" outcome="ok" workspace_id="w8" tab_id="w8:t6"
2026-08-14T01:24:22.683896Z  INFO herdr::logging: tab focused event="tab.focus" subsystem="tab" outcome="ok" workspace_id="w8" tab_id="w8:tA"
2026-08-14T01:24:27.688858Z  INFO herdr::logging: session saved event="persist.save" subsystem="persist" outcome="ok" path=/home/james/.config/herdr/session.json workspaces=2
2026-08-14T01:24:28.993300Z  INFO herdr::app::actions: copied selection to clipboard
2026-08-14T01:24:30.346818Z  INFO herdr::logging: tab focused event="tab.focus" subsystem="tab" outcome="ok" workspace_id="w8" tab_id="w8:t6"
2026-08-14T01:24:35.350731Z  INFO herdr::logging: session saved event="persist.save" subsystem="persist" outcome="ok" path=/home/james/.config/herdr/session.json workspaces=2
2026-08-14T01:24:45.745585Z  INFO herdr::app::actions: copied selection to clipboard
2026-08-14T01:24:46.843145Z  INFO herdr::logging: tab focused event="tab.focus" subsystem="tab" outcome="ok" workspace_id="w8" tab_id="w8:tA"
2026-08-14T01:24:51.848403Z  INFO herdr::logging: session saved event="persist.save" subsystem="persist" outcome="ok" path=/home/james/.config/herdr/session.json workspaces=2
2026-08-14T01:25:10.252113Z  INFO herdr::logging: tab focused event="tab.focus" subsystem="tab" outcome="ok" workspace_id="w8" tab_id="w8:t6"
2026-08-14T01:25:15.259053Z  INFO herdr::logging: session saved event="persist.save" subsystem="persist" outcome="ok" path=/home/james/.config/herdr/session.json workspaces=2
2026-08-14T01:25:16.769859Z  INFO herdr::app::actions: copied selection to clipboard
2026-08-14T01:25:58.752322Z  INFO herdr::logging: tab focused event="tab.focus" subsystem="tab" outcome="ok" workspace_id="w8" tab_id="w8:tA"
2026-08-14T01:26:01.362883Z  INFO herdr::logging: tab focused event="tab.focus" subsystem="tab" outcome="ok" workspace_id="w8" tab_id="w8:t6"
2026-08-14T01:26:06.368668Z  INFO herdr::logging: session saved event="persist.save" subsystem="persist" outcome="ok" path=/home/james/.config/herdr/session.json workspaces=2
2026-08-14T01:26:06.507697Z  INFO herdr::logging: tab focused event="tab.focus" subsystem="tab" outcome="ok" workspace_id="w8" tab_id="w8:tA"
2026-08-14T01:26:11.307551Z  INFO herdr::app::actions: copied selection to clipboard
2026-08-14T01:26:11.513704Z  INFO herdr::logging: session saved event="persist.save" subsystem="persist" outcome="ok" path=/home/james/.config/herdr/session.json workspaces=2
2026-08-14T01:26:12.311742Z  INFO herdr::logging: tab focused event="tab.focus" subsystem="tab" outcome="ok" workspace_id="w8" tab_id="w8:t6"
2026-08-14T01:26:17.318415Z  INFO herdr::logging: session saved event="persist.save" subsystem="persist" outcome="ok" path=/home/james/.config/herdr/session.json workspaces=2
2026-08-14T01:26:30.005147Z  INFO herdr::logging: tab focused event="tab.focus" subsystem="tab" outcome="ok" workspace_id="w8" tab_id="w8:tA"
2026-08-14T01:26:31.860267Z  INFO herdr::pane: agent changed pane=20 previous_agent=None agent=Some(Pi) process=pi pgid=Some(92148)
2026-08-14T01:26:32.724569Z  INFO herdr::pane: agent changed pane=20 previous_agent=None agent=Some(Pi) process=pi pgid=Some(92148)
2026-08-14T01:26:33.930558Z  INFO herdr::pane: agent changed pane=20 previous_agent=Some(Pi) agent=None pgid=Some(68237)
2026-08-14T01:26:36.902378Z  INFO herdr::logging: tab focused event="tab.focus" subsystem="tab" outcome="ok" workspace_id="w8" tab_id="w8:t6"
2026-08-14T01:26:41.909053Z  INFO herdr::logging: session saved event="persist.save" subsystem="persist" outcome="ok" path=/home/james/.config/herdr/session.json workspaces=2
2026-08-14T01:26:46.084101Z  INFO herdr::app::actions: copied selection to clipboard
2026-08-14T01:27:02.674806Z  INFO herdr::logging: tab focused event="tab.focus" subsystem="tab" outcome="ok" workspace_id="w8" tab_id="w8:tA"
2026-08-14T01:27:07.680930Z  INFO herdr::logging: session saved event="persist.save" subsystem="persist" outcome="ok" path=/home/james/.config/herdr/session.json workspaces=2
2026-08-14T01:34:57.192735Z  INFO herdr::logging: tab focused event="tab.focus" subsystem="tab" outcome="ok" workspace_id="w8" tab_id="w8:t6"
2026-08-14T01:34:57.911837Z  INFO herdr::logging: tab focused event="tab.focus" subsystem="tab" outcome="ok" workspace_id="w8" tab_id="w8:tA"
2026-08-14T01:35:02.921395Z  INFO herdr::logging: session saved event="persist.save" subsystem="persist" outcome="ok" path=/home/james/.config/herdr/session.json workspaces=2
2026-08-14T01:35:07.289850Z  INFO herdr::app::actions: copied selection to clipboard
2026-08-14T01:35:08.480483Z  INFO herdr::logging: tab focused event="tab.focus" subsystem="tab" outcome="ok" workspace_id="w8" tab_id="w8:t6"
2026-08-14T01:35:10.021294Z  INFO herdr::logging: tab focused event="tab.focus" subsystem="tab" outcome="ok" workspace_id="w8" tab_id="w8:tA"
2026-08-14T01:35:11.730522Z  INFO herdr::logging: tab focused event="tab.focus" subsystem="tab" outcome="ok" workspace_id="w8" tab_id="w8:t6"
2026-08-14T01:35:16.739994Z  INFO herdr::logging: session saved event="persist.save" subsystem="persist" outcome="ok" path=/home/james/.config/herdr/session.json workspaces=2
2026-08-14T01:35:27.311869Z  WARN herdr::raw_input: flushing lone escape after input timeout; if this follows an alt chord or focus switch it may reach the pane as plain esc bytes=[27]
2026-08-14T01:35:36.134087Z  INFO herdr::logging: tab focused event="tab.focus" subsystem="tab" outcome="ok" workspace_id="w8" tab_id="w8:tA"
2026-08-14T01:35:41.143350Z  INFO herdr::logging: session saved event="persist.save" subsystem="persist" outcome="ok" path=/home/james/.config/herdr/session.json workspaces=2
2026-08-14T01:36:03.744709Z  INFO herdr::app::actions: copied selection to clipboard
2026-08-14T01:36:04.726546Z  INFO herdr::logging: tab focused event="tab.focus" subsystem="tab" outcome="ok" workspace_id="w8" tab_id="w8:t6"
2026-08-14T01:36:09.376711Z  INFO herdr::logging: tab focused event="tab.focus" subsystem="tab" outcome="ok" workspace_id="w8" tab_id="w8:tA"
2026-08-14T01:36:11.126551Z  INFO herdr::logging: tab focused event="tab.focus" subsystem="tab" outcome="ok" workspace_id="w8" tab_id="w8:t6"
2026-08-14T01:36:16.136241Z  INFO herdr::logging: session saved event="persist.save" subsystem="persist" outcome="ok" path=/home/james/.config/herdr/session.json workspaces=2
2026-08-14T01:36:30.233045Z  INFO herdr::logging: tab focused event="tab.focus" subsystem="tab" outcome="ok" workspace_id="w8" tab_id="w8:t1"
2026-08-14T01:36:35.241828Z  INFO herdr::logging: session saved event="persist.save" subsystem="persist" outcome="ok" path=/home/james/.config/herdr/session.json workspaces=2
2026-08-14T01:36:57.408341Z  INFO herdr::logging: tab focused event="tab.focus" subsystem="tab" outcome="ok" workspace_id="w8" tab_id="w8:t6"
2026-08-14T01:36:58.240915Z  INFO herdr::logging: tab focused event="tab.focus" subsystem="tab" outcome="ok" workspace_id="w8" tab_id="w8:tA"
2026-08-14T01:36:58.742822Z  INFO herdr::logging: tab focused event="tab.focus" subsystem="tab" outcome="ok" workspace_id="w8" tab_id="w8:t6"
2026-08-14T01:37:03.751722Z  INFO herdr::logging: session saved event="persist.save" subsystem="persist" outcome="ok" path=/home/james/.config/herdr/session.json workspaces=2
2026-08-14T01:37:22.505044Z  INFO herdr::logging: tab focused event="tab.focus" subsystem="tab" outcome="ok" workspace_id="w8" tab_id="w8:t1"
2026-08-14T01:37:23.476318Z  INFO herdr::logging: tab focused event="tab.focus" subsystem="tab" outcome="ok" workspace_id="w8" tab_id="w8:t6"
2026-08-14T01:37:28.484896Z  INFO herdr::logging: session saved event="persist.save" subsystem="persist" outcome="ok" path=/home/james/.config/herdr/session.json workspaces=2
2026-08-14T01:37:50.384827Z  INFO herdr::logging: checking for updates event="update.check.start" subsystem="update" outcome="started"
2026-08-14T01:37:50.493607Z  WARN herdr::detect::manifest_update: skipping unknown remote manifest agent agent="qwen"
2026-08-14T01:38:20.359086Z  INFO herdr::app::actions: copied selection to clipboard
2026-08-14T01:38:33.047341Z  INFO herdr::logging: tab focused event="tab.focus" subsystem="tab" outcome="ok" workspace_id="w8" tab_id="w8:tA"
2026-08-14T01:38:38.056783Z  INFO herdr::logging: session saved event="persist.save" subsystem="persist" outcome="ok" path=/home/james/.config/herdr/session.json workspaces=2
2026-08-14T01:38:49.289090Z  INFO herdr::logging: tab focused event="tab.focus" subsystem="tab" outcome="ok" workspace_id="w8" tab_id="w8:t6"
2026-08-14T01:38:54.298616Z  INFO herdr::logging: session saved event="persist.save" subsystem="persist" outcome="ok" path=/home/james/.config/herdr/session.json workspaces=2
2026-08-14T01:39:12.005485Z  INFO herdr::logging: tab focused event="tab.focus" subsystem="tab" outcome="ok" workspace_id="w8" tab_id="w8:t1"
2026-08-14T01:39:12.709307Z  INFO herdr::logging: tab focused event="tab.focus" subsystem="tab" outcome="ok" workspace_id="w8" tab_id="w8:t6"
2026-08-14T01:39:13.236067Z  INFO herdr::logging: tab focused event="tab.focus" subsystem="tab" outcome="ok" workspace_id="w8" tab_id="w8:t1"
2026-08-14T01:39:18.244975Z  INFO herdr::logging: session saved event="persist.save" subsystem="persist" outcome="ok" path=/home/james/.config/herdr/session.json workspaces=2
2026-08-14T01:39:40.163577Z  INFO herdr::logging: tab focused event="tab.focus" subsystem="tab" outcome="ok" workspace_id="w8" tab_id="w8:t6"
2026-08-14T01:39:42.699477Z  INFO herdr::logging: tab focused event="tab.focus" subsystem="tab" outcome="ok" workspace_id="w8" tab_id="w8:t1"
2026-08-14T01:39:47.708386Z  INFO herdr::logging: session saved event="persist.save" subsystem="persist" outcome="ok" path=/home/james/.config/herdr/session.json workspaces=2
2026-08-14T01:44:41.165732Z  INFO herdr::logging: tab focused event="tab.focus" subsystem="tab" outcome="ok" workspace_id="w8" tab_id="w8:t6"
2026-08-14T01:44:43.415645Z  INFO herdr::logging: tab focused event="tab.focus" subsystem="tab" outcome="ok" workspace_id="w8" tab_id="w8:tA"
2026-08-14T01:44:44.247832Z  INFO herdr::logging: tab focused event="tab.focus" subsystem="tab" outcome="ok" workspace_id="w8" tab_id="w8:t6"
2026-08-14T01:44:44.710711Z  INFO herdr::logging: tab focused event="tab.focus" subsystem="tab" outcome="ok" workspace_id="w8" tab_id="w8:tA"
2026-08-14T01:44:44.898384Z  INFO herdr::logging: pane child exited event="pane.exit" subsystem="pane" outcome="completed" pane_id=20 status="ExitStatus { code: 0, signal: None }"
2026-08-14T01:44:44.898507Z  INFO herdr::pane: pane session terminated pane=20 pid=68237 signal=Hangup
2026-08-14T01:44:45.512896Z  INFO herdr::logging: tab focused event="tab.focus" subsystem="tab" outcome="ok" workspace_id="w8" tab_id="w8:t1"
2026-08-14T01:44:50.522758Z  INFO herdr::logging: session saved event="persist.save" subsystem="persist" outcome="ok" path=/home/james/.config/herdr/session.json workspaces=2
2026-08-14T01:45:16.396182Z  INFO herdr::logging: tab focused event="tab.focus" subsystem="tab" outcome="ok" workspace_id="w8" tab_id="w8:t6"
2026-08-14T01:45:17.833559Z  INFO herdr::logging: tab focused event="tab.focus" subsystem="tab" outcome="ok" workspace_id="w8" tab_id="w8:t1"
2026-08-14T01:45:18.298154Z  INFO herdr::logging: tab focused event="tab.focus" subsystem="tab" outcome="ok" workspace_id="w8" tab_id="w8:t6"
2026-08-14T01:45:18.827725Z  INFO herdr::logging: tab focused event="tab.focus" subsystem="tab" outcome="ok" workspace_id="w8" tab_id="w8:t1"
2026-08-14T01:45:23.729617Z  INFO herdr::logging: workspace focused event="workspace.focus" subsystem="workspace" outcome="ok" workspace_id="w9"
2026-08-14T01:45:23.729651Z  INFO herdr::logging: tab focused event="tab.focus" subsystem="tab" outcome="ok" workspace_id="w9" tab_id="w9:t1"
2026-08-14T01:45:28.738796Z  INFO herdr::logging: session saved event="persist.save" subsystem="persist" outcome="ok" path=/home/james/.config/herdr/session.json workspaces=2
2026-08-14T01:48:22.883187Z  INFO herdr::logging: workspace focused event="workspace.focus" subsystem="workspace" outcome="ok" workspace_id="w8"
2026-08-14T01:48:22.883216Z  INFO herdr::logging: tab focused event="tab.focus" subsystem="tab" outcome="ok" workspace_id="w8" tab_id="w8:t1"
2026-08-14T01:48:27.892729Z  INFO herdr::logging: session saved event="persist.save" subsystem="persist" outcome="ok" path=/home/james/.config/herdr/session.json workspaces=2
2026-08-14T01:48:35.126857Z  INFO herdr::logging: tab focused event="tab.focus" subsystem="tab" outcome="ok" workspace_id="w8" tab_id="w8:t6"
2026-08-14T01:48:35.781904Z  INFO herdr::logging: workspace focused event="workspace.focus" subsystem="workspace" outcome="ok" workspace_id="w9"
2026-08-14T01:48:35.781926Z  INFO herdr::logging: tab focused event="tab.focus" subsystem="tab" outcome="ok" workspace_id="w9" tab_id="w9:t1"
2026-08-14T01:48:36.283423Z  WARN herdr::raw_input: flushing lone escape after input timeout; if this follows an alt chord or focus switch it may reach the pane as plain esc bytes=[27]
2026-08-14T01:48:39.902900Z  INFO herdr::logging: workspace focused event="workspace.focus" subsystem="workspace" outcome="ok" workspace_id="w8"
2026-08-14T01:48:39.902926Z  INFO herdr::logging: tab focused event="tab.focus" subsystem="tab" outcome="ok" workspace_id="w8" tab_id="w8:t1"
2026-08-14T01:48:42.885454Z  INFO herdr::logging: tab focused event="tab.focus" subsystem="tab" outcome="ok" workspace_id="w8" tab_id="w8:t6"
2026-08-14T01:48:43.697894Z  INFO herdr::logging: tab focused event="tab.focus" subsystem="tab" outcome="ok" workspace_id="w8" tab_id="w8:t1"
2026-08-14T01:48:45.767575Z  WARN herdr::raw_input: flushing lone escape after input timeout; if this follows an alt chord or focus switch it may reach the pane as plain esc bytes=[27]
2026-08-14T01:48:48.710384Z  INFO herdr::logging: session saved event="persist.save" subsystem="persist" outcome="ok" path=/home/james/.config/herdr/session.json workspaces=2
2026-08-14T01:48:51.360223Z  WARN herdr::raw_input: flushing lone escape after input timeout; if this follows an alt chord or focus switch it may reach the pane as plain esc bytes=[27]
2026-08-14T01:51:27.752422Z  INFO herdr::app::actions: copied selection to clipboard
2026-08-14T01:51:34.391087Z  WARN herdr::raw_input: flushing lone escape after input timeout; if this follows an alt chord or focus switch it may reach the pane as plain esc bytes=[27]
2026-08-14T01:52:06.773701Z  INFO herdr::app::actions: copied selection to clipboard
2026-08-14T01:52:07.537028Z  INFO herdr::app::actions: copied selection to clipboard
2026-08-14T01:52:28.700314Z  INFO herdr::app::actions: copied selection to clipboard
2026-08-14T01:52:30.763191Z  INFO herdr::logging: tab focused event="tab.focus" subsystem="tab" outcome="ok" workspace_id="w8" tab_id="w8:t6"
2026-08-14T01:52:35.776045Z  INFO herdr::logging: session saved event="persist.save" subsystem="persist" outcome="ok" path=/home/james/.config/herdr/session.json workspaces=2
2026-08-14T01:53:40.842167Z  INFO herdr::logging: spawning pane terminal event="pane.spawn.start" subsystem="pane" outcome="started" pane_id=21 rows=79 cols=273 scrollback_limit_bytes=10000000
2026-08-14T01:53:40.843707Z  INFO herdr::logging: pane child spawned event="pane.spawned" subsystem="pane" outcome="ok" pane_id=21 pid=112119
2026-08-14T01:53:40.843861Z  INFO herdr::logging: tab focused event="tab.focus" subsystem="tab" outcome="ok" workspace_id="w8" tab_id="w8:tB"
2026-08-14T01:53:42.348546Z  INFO herdr::logging: tab focused event="tab.focus" subsystem="tab" outcome="ok" workspace_id="w8" tab_id="w8:t6"
2026-08-14T01:53:42.909981Z  INFO herdr::logging: tab focused event="tab.focus" subsystem="tab" outcome="ok" workspace_id="w8" tab_id="w8:tB"
2026-08-14T01:53:45.558343Z  INFO herdr::logging: tab focused event="tab.focus" subsystem="tab" outcome="ok" workspace_id="w8" tab_id="w8:t6"
2026-08-14T01:53:46.304910Z  INFO herdr::logging: tab focused event="tab.focus" subsystem="tab" outcome="ok" workspace_id="w8" tab_id="w8:tB"
2026-08-14T01:53:51.311244Z  INFO herdr::logging: session saved event="persist.save" subsystem="persist" outcome="ok" path=/home/james/.config/herdr/session.json workspaces=2
2026-08-14T01:53:53.435179Z  INFO herdr::logging: tab focused event="tab.focus" subsystem="tab" outcome="ok" workspace_id="w8" tab_id="w8:t6"
2026-08-14T01:53:58.440435Z  INFO herdr::logging: session saved event="persist.save" subsystem="persist" outcome="ok" path=/home/james/.config/herdr/session.json workspaces=2
2026-08-14T01:54:09.873514Z  INFO herdr::app::actions: copied double-clicked token to clipboard
2026-08-14T01:54:11.357147Z  INFO herdr::logging: spawning pane terminal event="pane.spawn.start" subsystem="pane" outcome="started" pane_id=22 rows=79 cols=273 scrollback_limit_bytes=10000000
2026-08-14T01:54:11.358785Z  INFO herdr::logging: pane child spawned event="pane.spawned" subsystem="pane" outcome="ok" pane_id=22 pid=112485
2026-08-14T01:54:11.358925Z  INFO herdr::logging: tab focused event="tab.focus" subsystem="tab" outcome="ok" workspace_id="w8" tab_id="w8:tC"
2026-08-14T01:54:16.364836Z  INFO herdr::logging: session saved event="persist.save" subsystem="persist" outcome="ok" path=/home/james/.config/herdr/session.json workspaces=2
2026-08-14T01:54:19.580919Z  INFO herdr::logging: tab focused event="tab.focus" subsystem="tab" outcome="ok" workspace_id="w8" tab_id="w8:tB"
2026-08-14T01:54:20.329369Z  INFO herdr::logging: tab focused event="tab.focus" subsystem="tab" outcome="ok" workspace_id="w8" tab_id="w8:t6"
2026-08-14T01:54:25.336549Z  INFO herdr::logging: session saved event="persist.save" subsystem="persist" outcome="ok" path=/home/james/.config/herdr/session.json workspaces=2
2026-08-14T01:54:40.025201Z  WARN herdr::raw_input: flushing lone escape after input timeout; if this follows an alt chord or focus switch it may reach the pane as plain esc bytes=[27]
2026-08-14T01:54:40.257586Z  WARN herdr::raw_input: flushing lone escape after input timeout; if this follows an alt chord or focus switch it may reach the pane as plain esc bytes=[27]
2026-08-14T01:54:40.320705Z  WARN herdr::raw_input: flushing lone escape after input timeout; if this follows an alt chord or focus switch it may reach the pane as plain esc bytes=[27]
2026-08-14T01:54:40.643251Z  WARN herdr::raw_input: flushing lone escape after input timeout; if this follows an alt chord or focus switch it may reach the pane as plain esc bytes=[27]
2026-08-14T02:00:46.919895Z  INFO herdr::server::headless: client connected client_id=4 cols=299 rows=80 cell_width_px=0 cell_height_px=0 render_encoding=TerminalAnsi
2026-08-14T02:02:49.821778Z  INFO herdr::logging: tab focused event="tab.focus" subsystem="tab" outcome="ok" workspace_id="w8" tab_id="w8:tB"
2026-08-14T02:02:50.186149Z  INFO herdr::logging: tab focused event="tab.focus" subsystem="tab" outcome="ok" workspace_id="w8" tab_id="w8:tC"
2026-08-14T02:02:55.189045Z  INFO herdr::logging: session saved event="persist.save" subsystem="persist" outcome="ok" path=/home/james/.config/herdr/session.json workspaces=2
2026-08-14T02:03:10.933109Z  INFO herdr::app::actions: copied double-clicked token to clipboard
2026-08-14T02:03:41.940123Z  INFO herdr::logging: tab focused event="tab.focus" subsystem="tab" outcome="ok" workspace_id="w8" tab_id="w8:tB"
2026-08-14T02:03:42.461864Z  INFO herdr::logging: tab focused event="tab.focus" subsystem="tab" outcome="ok" workspace_id="w8" tab_id="w8:tC"
2026-08-14T02:03:43.121596Z  INFO herdr::logging: tab focused event="tab.focus" subsystem="tab" outcome="ok" workspace_id="w8" tab_id="w8:tB"
2026-08-14T02:03:48.123953Z  INFO herdr::logging: session saved event="persist.save" subsystem="persist" outcome="ok" path=/home/james/.config/herdr/session.json workspaces=2
2026-08-14T02:04:00.236152Z  INFO herdr::logging: tab focused event="tab.focus" subsystem="tab" outcome="ok" workspace_id="w8" tab_id="w8:t6"
2026-08-14T02:04:05.243220Z  INFO herdr::logging: session saved event="persist.save" subsystem="persist" outcome="ok" path=/home/james/.config/herdr/session.json workspaces=2
2026-08-14T02:06:09.921933Z  INFO herdr::app::actions: copied selection to clipboard
2026-08-14T02:07:50.385935Z  INFO herdr::logging: checking for updates event="update.check.start" subsystem="update" outcome="started"
2026-08-14T02:07:50.493149Z  WARN herdr::detect::manifest_update: skipping unknown remote manifest agent agent="qwen"
2026-08-14T02:08:04.438489Z  INFO herdr::logging: tab focused event="tab.focus" subsystem="tab" outcome="ok" workspace_id="w8" tab_id="w8:tB"
2026-08-14T02:08:09.445047Z  INFO herdr::logging: session saved event="persist.save" subsystem="persist" outcome="ok" path=/home/james/.config/herdr/session.json workspaces=2
2026-08-14T02:08:37.128544Z  INFO herdr::logging: tab focused event="tab.focus" subsystem="tab" outcome="ok" workspace_id="w8" tab_id="w8:t6"
2026-08-14T02:08:38.605887Z  INFO herdr::logging: tab focused event="tab.focus" subsystem="tab" outcome="ok" workspace_id="w8" tab_id="w8:tB"
2026-08-14T02:08:43.613299Z  INFO herdr::logging: session saved event="persist.save" subsystem="persist" outcome="ok" path=/home/james/.config/herdr/session.json workspaces=2
2026-08-14T02:08:56.695061Z  INFO herdr::logging: tab focused event="tab.focus" subsystem="tab" outcome="ok" workspace_id="w8" tab_id="w8:t6"
2026-08-14T02:08:57.546779Z  INFO herdr::logging: tab focused event="tab.focus" subsystem="tab" outcome="ok" workspace_id="w8" tab_id="w8:tB"
2026-08-14T02:09:02.554263Z  INFO herdr::logging: session saved event="persist.save" subsystem="persist" outcome="ok" path=/home/james/.config/herdr/session.json workspaces=2
2026-08-14T02:09:08.819070Z  WARN herdr::raw_input: flushing lone escape after input timeout; if this follows an alt chord or focus switch it may reach the pane as plain esc bytes=[27]
2026-08-14T02:10:50.240941Z  INFO herdr::logging: tab focused event="tab.focus" subsystem="tab" outcome="ok" workspace_id="w8" tab_id="w8:tC"
2026-08-14T02:10:53.070135Z  INFO herdr::logging: tab focused event="tab.focus" subsystem="tab" outcome="ok" workspace_id="w8" tab_id="w8:tB"
2026-08-14T02:10:53.522820Z  INFO herdr::logging: tab focused event="tab.focus" subsystem="tab" outcome="ok" workspace_id="w8" tab_id="w8:tC"
2026-08-14T02:10:55.932109Z  INFO herdr::logging: tab focused event="tab.focus" subsystem="tab" outcome="ok" workspace_id="w8" tab_id="w8:tB"
2026-08-14T02:11:00.937498Z  INFO herdr::logging: session saved event="persist.save" subsystem="persist" outcome="ok" path=/home/james/.config/herdr/session.json workspaces=2
2026-08-14T02:11:01.163608Z  WARN herdr::raw_input: flushing lone escape after input timeout; if this follows an alt chord or focus switch it may reach the pane as plain esc bytes=[27]
2026-08-14T02:11:02.994947Z  WARN herdr::raw_input: flushing lone escape after input timeout; if this follows an alt chord or focus switch it may reach the pane as plain esc bytes=[27]
2026-08-14T02:11:05.367911Z  WARN herdr::raw_input: flushing lone escape after input timeout; if this follows an alt chord or focus switch it may reach the pane as plain esc bytes=[27]
2026-08-14T02:11:07.025037Z  WARN herdr::raw_input: flushing lone escape after input timeout; if this follows an alt chord or focus switch it may reach the pane as plain esc bytes=[27]
2026-08-14T02:11:07.443407Z  WARN herdr::raw_input: flushing lone escape after input timeout; if this follows an alt chord or focus switch it may reach the pane as plain esc bytes=[27]
2026-08-14T02:11:07.709355Z  WARN herdr::raw_input: flushing lone escape after input timeout; if this follows an alt chord or focus switch it may reach the pane as plain esc bytes=[27]
2026-08-14T02:11:13.347763Z  INFO herdr::server::headless: client disconnected client_id=2
2026-08-14T02:11:33.314651Z  INFO herdr::logging: tab focused event="tab.focus" subsystem="tab" outcome="ok" workspace_id="w8" tab_id="w8:tC"
2026-08-14T02:11:34.530727Z  INFO herdr::logging: tab focused event="tab.focus" subsystem="tab" outcome="ok" workspace_id="w8" tab_id="w8:tB"
2026-08-14T02:11:35.830351Z  INFO herdr::logging: tab focused event="tab.focus" subsystem="tab" outcome="ok" workspace_id="w8" tab_id="w8:tC"
2026-08-14T02:11:36.859242Z  INFO herdr::logging: tab focused event="tab.focus" subsystem="tab" outcome="ok" workspace_id="w8" tab_id="w8:tB"
2026-08-14T02:11:41.865062Z  INFO herdr::logging: session saved event="persist.save" subsystem="persist" outcome="ok" path=/home/james/.config/herdr/session.json workspaces=2
2026-08-14T02:12:11.449316Z  INFO herdr::logging: tab focused event="tab.focus" subsystem="tab" outcome="ok" workspace_id="w8" tab_id="w8:tC"
2026-08-14T02:12:12.542086Z  INFO herdr::logging: tab focused event="tab.focus" subsystem="tab" outcome="ok" workspace_id="w8" tab_id="w8:tB"
2026-08-14T02:12:17.546210Z  INFO herdr::logging: session saved event="persist.save" subsystem="persist" outcome="ok" path=/home/james/.config/herdr/session.json workspaces=2
2026-08-14T02:12:20.423962Z  WARN herdr::raw_input: flushing lone escape after input timeout; if this follows an alt chord or focus switch it may reach the pane as plain esc bytes=[27]
2026-08-14T02:12:49.567661Z  WARN herdr::raw_input: flushing lone escape after input timeout; if this follows an alt chord or focus switch it may reach the pane as plain esc bytes=[27]
2026-08-14T02:12:52.477063Z  WARN herdr::raw_input: flushing lone escape after input timeout; if this follows an alt chord or focus switch it may reach the pane as plain esc bytes=[27]
2026-08-14T02:12:53.077812Z  WARN herdr::raw_input: flushing lone escape after input timeout; if this follows an alt chord or focus switch it may reach the pane as plain esc bytes=[27]
2026-08-14T02:15:04.852978Z  INFO herdr::logging: tab focused event="tab.focus" subsystem="tab" outcome="ok" workspace_id="w8" tab_id="w8:tC"
2026-08-14T02:15:05.803143Z  INFO herdr::logging: tab focused event="tab.focus" subsystem="tab" outcome="ok" workspace_id="w8" tab_id="w8:tB"
2026-08-14T02:15:06.192231Z  INFO herdr::logging: tab focused event="tab.focus" subsystem="tab" outcome="ok" workspace_id="w8" tab_id="w8:tC"
2026-08-14T02:15:07.004403Z  INFO herdr::logging: tab focused event="tab.focus" subsystem="tab" outcome="ok" workspace_id="w8" tab_id="w8:tB"
2026-08-14T02:15:12.010421Z  INFO herdr::logging: session saved event="persist.save" subsystem="persist" outcome="ok" path=/home/james/.config/herdr/session.json workspaces=2
2026-08-14T02:16:17.126546Z  INFO herdr::logging: tab focused event="tab.focus" subsystem="tab" outcome="ok" workspace_id="w8" tab_id="w8:t6"
2026-08-14T02:16:17.476051Z  INFO herdr::logging: tab focused event="tab.focus" subsystem="tab" outcome="ok" workspace_id="w8" tab_id="w8:t1"
2026-08-14T02:16:18.524807Z  INFO herdr::logging: tab focused event="tab.focus" subsystem="tab" outcome="ok" workspace_id="w8" tab_id="w8:t6"
2026-08-14T02:16:19.095983Z  INFO herdr::logging: tab focused event="tab.focus" subsystem="tab" outcome="ok" workspace_id="w8" tab_id="w8:t1"
2026-08-14T02:16:19.582952Z  INFO herdr::logging: tab focused event="tab.focus" subsystem="tab" outcome="ok" workspace_id="w8" tab_id="w8:t6"
2026-08-14T02:16:19.962257Z  INFO herdr::logging: tab focused event="tab.focus" subsystem="tab" outcome="ok" workspace_id="w8" tab_id="w8:t1"
2026-08-14T02:16:24.975462Z  INFO herdr::logging: session saved event="persist.save" subsystem="persist" outcome="ok" path=/home/james/.config/herdr/session.json workspaces=2
2026-08-14T02:17:39.292547Z  INFO herdr::app::actions: copied selection to clipboard
2026-08-14T02:28:33.442600Z  INFO herdr::logging: workspace focused event="workspace.focus" subsystem="workspace" outcome="ok" workspace_id="w9"
2026-08-14T02:28:33.442631Z  INFO herdr::logging: tab focused event="tab.focus" subsystem="tab" outcome="ok" workspace_id="w9" tab_id="w9:t1"
2026-08-14T02:28:38.453548Z  INFO herdr::logging: session saved event="persist.save" subsystem="persist" outcome="ok" path=/home/james/.config/herdr/session.json workspaces=2
2026-08-14T02:28:44.110380Z  INFO herdr::app::actions: copied selection to clipboard
2026-08-14T02:28:47.566155Z  INFO herdr::logging: workspace focused event="workspace.focus" subsystem="workspace" outcome="ok" workspace_id="w8"
2026-08-14T02:28:47.566188Z  INFO herdr::logging: tab focused event="tab.focus" subsystem="tab" outcome="ok" workspace_id="w8" tab_id="w8:t1"
2026-08-14T02:28:52.576967Z  INFO herdr::logging: session saved event="persist.save" subsystem="persist" outcome="ok" path=/home/james/.config/herdr/session.json workspaces=2
2026-08-14T02:28:54.641547Z  INFO herdr::logging: workspace focused event="workspace.focus" subsystem="workspace" outcome="ok" workspace_id="w9"
2026-08-14T02:28:54.641577Z  INFO herdr::logging: tab focused event="tab.focus" subsystem="tab" outcome="ok" workspace_id="w9" tab_id="w9:t1"
2026-08-14T02:28:55.265049Z  INFO herdr::logging: workspace focused event="workspace.focus" subsystem="workspace" outcome="ok" workspace_id="w8"
2026-08-14T02:28:55.265075Z  INFO herdr::logging: tab focused event="tab.focus" subsystem="tab" outcome="ok" workspace_id="w8" tab_id="w8:t1"
2026-08-14T02:29:00.288912Z  INFO herdr::logging: session saved event="persist.save" subsystem="persist" outcome="ok" path=/home/james/.config/herdr/session.json workspaces=2
2026-08-14T02:29:33.564002Z  WARN herdr::raw_input: flushing lone escape after input timeout; if this follows an alt chord or focus switch it may reach the pane as plain esc bytes=[27]
2026-08-14T02:30:14.347194Z  INFO herdr::logging: workspace focused event="workspace.focus" subsystem="workspace" outcome="ok" workspace_id="w9"
2026-08-14T02:30:14.347221Z  INFO herdr::logging: tab focused event="tab.focus" subsystem="tab" outcome="ok" workspace_id="w9" tab_id="w9:t1"
2026-08-14T02:30:17.128794Z  INFO herdr::app::actions: copied selection to clipboard
2026-08-14T02:30:19.358975Z  INFO herdr::logging: session saved event="persist.save" subsystem="persist" outcome="ok" path=/home/james/.config/herdr/session.json workspaces=2
2026-08-14T02:32:28.284960Z  INFO herdr::logging: tab focused event="tab.focus" subsystem="tab" outcome="ok" workspace_id="w9" tab_id="w9:t3"
2026-08-14T02:32:29.234139Z  INFO herdr::logging: tab focused event="tab.focus" subsystem="tab" outcome="ok" workspace_id="w9" tab_id="w9:t1"
2026-08-14T02:32:34.237952Z  INFO herdr::logging: session saved event="persist.save" subsystem="persist" outcome="ok" path=/home/james/.config/herdr/session.json workspaces=2
2026-08-14T02:32:41.218265Z  INFO herdr::logging: spawning pane terminal event="pane.spawn.start" subsystem="pane" outcome="started" pane_id=23 rows=79 cols=273 scrollback_limit_bytes=10000000
2026-08-14T02:32:41.220091Z  INFO herdr::logging: pane child spawned event="pane.spawned" subsystem="pane" outcome="ok" pane_id=23 pid=138504
2026-08-14T02:32:41.220284Z  INFO herdr::logging: tab focused event="tab.focus" subsystem="tab" outcome="ok" workspace_id="w9" tab_id="w9:t4"
2026-08-14T02:32:41.931621Z  INFO herdr::logging: tab focused event="tab.focus" subsystem="tab" outcome="ok" workspace_id="w9" tab_id="w9:t3"
2026-08-14T02:32:43.483021Z  INFO herdr::logging: tab focused event="tab.focus" subsystem="tab" outcome="ok" workspace_id="w9" tab_id="w9:t4"
2026-08-14T02:32:43.794216Z  INFO herdr::logging: pane child exited event="pane.exit" subsystem="pane" outcome="completed" pane_id=23 status="ExitStatus { code: 0, signal: None }"
2026-08-14T02:32:43.801938Z  INFO herdr::pane: pane session terminated pane=23 pid=138504 signal=Hangup
2026-08-14T02:32:48.804520Z  INFO herdr::logging: session saved event="persist.save" subsystem="persist" outcome="ok" path=/home/james/.config/herdr/session.json workspaces=2
2026-08-14T02:33:05.265906Z  INFO herdr::logging: tab focused event="tab.focus" subsystem="tab" outcome="ok" workspace_id="w9" tab_id="w9:t1"
2026-08-14T02:33:10.269172Z  INFO herdr::logging: session saved event="persist.save" subsystem="persist" outcome="ok" path=/home/james/.config/herdr/session.json workspaces=2
2026-08-14T02:33:56.996132Z  INFO herdr::logging: workspace focused event="workspace.focus" subsystem="workspace" outcome="ok" workspace_id="w8"
2026-08-14T02:33:56.996163Z  INFO herdr::logging: tab focused event="tab.focus" subsystem="tab" outcome="ok" workspace_id="w8" tab_id="w8:t1"
2026-08-14T02:34:02.009976Z  INFO herdr::logging: session saved event="persist.save" subsystem="persist" outcome="ok" path=/home/james/.config/herdr/session.json workspaces=2
2026-08-14T02:34:06.802867Z  INFO herdr::logging: tab focused event="tab.focus" subsystem="tab" outcome="ok" workspace_id="w8" tab_id="w8:tC"
2026-08-14T02:34:09.264440Z  INFO herdr::logging: tab focused event="tab.focus" subsystem="tab" outcome="ok" workspace_id="w8" tab_id="w8:t1"
2026-08-14T02:34:14.276029Z  INFO herdr::logging: session saved event="persist.save" subsystem="persist" outcome="ok" path=/home/james/.config/herdr/session.json workspaces=2
2026-08-14T02:34:20.429908Z  WARN herdr::raw_input: flushing lone escape after input timeout; if this follows an alt chord or focus switch it may reach the pane as plain esc bytes=[27]
2026-08-14T02:34:47.062654Z  INFO herdr::logging: workspace focused event="workspace.focus" subsystem="workspace" outcome="ok" workspace_id="w9"
2026-08-14T02:34:47.062685Z  INFO herdr::logging: tab focused event="tab.focus" subsystem="tab" outcome="ok" workspace_id="w9" tab_id="w9:t1"
2026-08-14T02:34:52.074327Z  INFO herdr::logging: session saved event="persist.save" subsystem="persist" outcome="ok" path=/home/james/.config/herdr/session.json workspaces=2
2026-08-14T02:35:09.396794Z  INFO herdr::logging: workspace focused event="workspace.focus" subsystem="workspace" outcome="ok" workspace_id="w8"
2026-08-14T02:35:09.396833Z  INFO herdr::logging: tab focused event="tab.focus" subsystem="tab" outcome="ok" workspace_id="w8" tab_id="w8:t1"
2026-08-14T02:35:14.409013Z  INFO herdr::logging: session saved event="persist.save" subsystem="persist" outcome="ok" path=/home/james/.config/herdr/session.json workspaces=2
2026-08-14T02:36:09.760669Z  INFO herdr::logging: workspace focused event="workspace.focus" subsystem="workspace" outcome="ok" workspace_id="w9"
2026-08-14T02:36:09.760696Z  INFO herdr::logging: tab focused event="tab.focus" subsystem="tab" outcome="ok" workspace_id="w9" tab_id="w9:t1"
2026-08-14T02:36:11.138173Z  INFO herdr::logging: workspace focused event="workspace.focus" subsystem="workspace" outcome="ok" workspace_id="w8"
2026-08-14T02:36:11.138201Z  INFO herdr::logging: tab focused event="tab.focus" subsystem="tab" outcome="ok" workspace_id="w8" tab_id="w8:t1"
2026-08-14T02:36:16.151921Z  INFO herdr::logging: session saved event="persist.save" subsystem="persist" outcome="ok" path=/home/james/.config/herdr/session.json workspaces=2
2026-08-14T02:36:29.141792Z  INFO herdr::logging: tab focused event="tab.focus" subsystem="tab" outcome="ok" workspace_id="w8" tab_id="w8:tC"
2026-08-14T02:36:34.151820Z  INFO herdr::logging: session saved event="persist.save" subsystem="persist" outcome="ok" path=/home/james/.config/herdr/session.json workspaces=2
2026-08-14T02:36:40.586375Z  INFO herdr::pane: agent changed pane=22 previous_agent=None agent=Some(Codex) process=codex pgid=Some(143463)
2026-08-14T02:36:55.246093Z  INFO herdr::logging: session saved event="persist.save" subsystem="persist" outcome="ok" path=/home/james/.config/herdr/session.json workspaces=2
2026-08-14T02:37:14.921637Z  INFO herdr::logging: tab focused event="tab.focus" subsystem="tab" outcome="ok" workspace_id="w8" tab_id="w8:t1"
2026-08-14T02:37:19.932325Z  INFO herdr::logging: session saved event="persist.save" subsystem="persist" outcome="ok" path=/home/james/.config/herdr/session.json workspaces=2
2026-08-14T02:37:20.094278Z  INFO herdr::app::actions: copied selection to clipboard
2026-08-14T02:37:29.393467Z  INFO herdr::logging: tab focused event="tab.focus" subsystem="tab" outcome="ok" workspace_id="w8" tab_id="w8:tC"
2026-08-14T02:37:34.413520Z  INFO herdr::logging: session saved event="persist.save" subsystem="persist" outcome="ok" path=/home/james/.config/herdr/session.json workspaces=2
2026-08-14T02:37:35.773510Z  INFO herdr::app::actions: copied selection to clipboard
2026-08-14T02:37:50.386678Z  INFO herdr::logging: checking for updates event="update.check.start" subsystem="update" outcome="started"
2026-08-14T02:37:50.483008Z  WARN herdr::detect::manifest_update: skipping unknown remote manifest agent agent="qwen"
2026-08-14T02:38:21.041509Z  INFO herdr::logging: spawning pane terminal event="pane.spawn.start" subsystem="pane" outcome="started" pane_id=24 rows=79 cols=273 scrollback_limit_bytes=10000000
2026-08-14T02:38:21.043357Z  INFO herdr::logging: pane child spawned event="pane.spawned" subsystem="pane" outcome="ok" pane_id=24 pid=146575
2026-08-14T02:38:21.043571Z  INFO herdr::logging: tab focused event="tab.focus" subsystem="tab" outcome="ok" workspace_id="w8" tab_id="w8:tD"
2026-08-14T02:38:26.049960Z  INFO herdr::logging: session saved event="persist.save" subsystem="persist" outcome="ok" path=/home/james/.config/herdr/session.json workspaces=2
2026-08-14T02:38:32.445257Z  INFO herdr::logging: workspace focused event="workspace.focus" subsystem="workspace" outcome="ok" workspace_id="w9"
2026-08-14T02:38:32.445312Z  INFO herdr::logging: tab focused event="tab.focus" subsystem="tab" outcome="ok" workspace_id="w9" tab_id="w9:t1"
2026-08-14T02:38:37.448685Z  INFO herdr::logging: session saved event="persist.save" subsystem="persist" outcome="ok" path=/home/james/.config/herdr/session.json workspaces=2
2026-08-14T02:39:18.388604Z  INFO herdr::server::headless: client resize client_id=4 cols=299 rows=81 cell_width_px=0 cell_height_px=0
2026-08-14T02:40:31.351617Z  INFO herdr::logging: spawning pane terminal event="pane.spawn.start" subsystem="pane" outcome="started" pane_id=25 rows=80 cols=273 scrollback_limit_bytes=10000000
2026-08-14T02:40:31.353479Z  INFO herdr::logging: pane child spawned event="pane.spawned" subsystem="pane" outcome="ok" pane_id=25 pid=154799
2026-08-14T02:40:31.353722Z  INFO herdr::logging: tab focused event="tab.focus" subsystem="tab" outcome="ok" workspace_id="w9" tab_id="w9:t5"
2026-08-14T02:40:36.360277Z  INFO herdr::logging: session saved event="persist.save" subsystem="persist" outcome="ok" path=/home/james/.config/herdr/session.json workspaces=2
2026-08-14T02:40:54.008820Z  INFO herdr::pane: agent changed pane=25 previous_agent=None agent=Some(Codex) process=codex pgid=Some(155843)
2026-08-14T02:41:07.601457Z  INFO herdr::logging: session saved event="persist.save" subsystem="persist" outcome="ok" path=/home/james/.config/herdr/session.json workspaces=2
2026-08-14T02:43:08.040674Z  WARN herdr::raw_input: flushing lone escape after input timeout; if this follows an alt chord or focus switch it may reach the pane as plain esc bytes=[27]
2026-08-14T02:43:42.019824Z  WARN herdr::raw_input: flushing lone escape after input timeout; if this follows an alt chord or focus switch it may reach the pane as plain esc bytes=[27]
2026-08-14T02:43:51.391386Z  INFO herdr::logging: tab focused event="tab.focus" subsystem="tab" outcome="ok" workspace_id="w9" tab_id="w9:t1"
2026-08-14T02:43:51.946861Z  INFO herdr::logging: tab focused event="tab.focus" subsystem="tab" outcome="ok" workspace_id="w9" tab_id="w9:t3"
2026-08-14T02:43:52.507451Z  INFO herdr::logging: tab focused event="tab.focus" subsystem="tab" outcome="ok" workspace_id="w9" tab_id="w9:t5"
2026-08-14T02:43:57.510376Z  INFO herdr::logging: session saved event="persist.save" subsystem="persist" outcome="ok" path=/home/james/.config/herdr/session.json workspaces=2
2026-08-14T02:44:09.042705Z  INFO herdr::logging: tab focused event="tab.focus" subsystem="tab" outcome="ok" workspace_id="w9" tab_id="w9:t1"
2026-08-14T02:44:09.692703Z  INFO herdr::logging: tab focused event="tab.focus" subsystem="tab" outcome="ok" workspace_id="w9" tab_id="w9:t3"
2026-08-14T02:44:10.436070Z  INFO herdr::logging: tab focused event="tab.focus" subsystem="tab" outcome="ok" workspace_id="w9" tab_id="w9:t1"
2026-08-14T02:44:11.121892Z  INFO herdr::logging: tab focused event="tab.focus" subsystem="tab" outcome="ok" workspace_id="w9" tab_id="w9:t3"
2026-08-14T02:44:11.474576Z  INFO herdr::logging: tab focused event="tab.focus" subsystem="tab" outcome="ok" workspace_id="w9" tab_id="w9:t5"
2026-08-14T02:44:16.476515Z  INFO herdr::logging: session saved event="persist.save" subsystem="persist" outcome="ok" path=/home/james/.config/herdr/session.json workspaces=2
2026-08-14T02:44:16.847954Z  INFO herdr::logging: workspace focused event="workspace.focus" subsystem="workspace" outcome="ok" workspace_id="w8"
2026-08-14T02:44:16.847986Z  INFO herdr::logging: tab focused event="tab.focus" subsystem="tab" outcome="ok" workspace_id="w8" tab_id="w8:tC"
2026-08-14T02:44:21.850960Z  INFO herdr::logging: session saved event="persist.save" subsystem="persist" outcome="ok" path=/home/james/.config/herdr/session.json workspaces=2
2026-08-14T02:44:25.085983Z  INFO herdr::logging: pane child exited event="pane.exit" subsystem="pane" outcome="completed" pane_id=22 status="ExitStatus { code: 0, signal: None }"
2026-08-14T02:44:25.086121Z  INFO herdr::pane: pane session terminated pane=22 pid=112485 signal=Hangup
2026-08-14T02:44:26.189102Z  INFO herdr::logging: tab focused event="tab.focus" subsystem="tab" outcome="ok" workspace_id="w8" tab_id="w8:tD"
2026-08-14T02:44:26.918144Z  INFO herdr::logging: pane child exited event="pane.exit" subsystem="pane" outcome="completed" pane_id=24 status="ExitStatus { code: 1, signal: None }"
2026-08-14T02:44:26.923225Z  INFO herdr::pane: pane session terminated pane=24 pid=146575 signal=Hangup
2026-08-14T02:44:30.177298Z  INFO herdr::app::actions: copied selection to clipboard
2026-08-14T02:44:31.929836Z  INFO herdr::logging: session saved event="persist.save" subsystem="persist" outcome="ok" path=/home/james/.config/herdr/session.json workspaces=2
2026-08-14T02:44:36.166081Z  INFO herdr::server::headless: client resize client_id=4 cols=299 rows=80 cell_width_px=0 cell_height_px=0
2026-08-14T02:44:40.356331Z  INFO herdr::server::headless: client disconnected client_id=4
2026-08-14T02:44:40.357650Z  INFO herdr::logging: pane child exited event="pane.exit" subsystem="pane" outcome="completed" pane_id=21 status="ExitStatus { code: 0, signal: None }"
2026-08-14T02:44:40.357768Z  INFO herdr::pane: pane session terminated pane=21 pid=112119 signal=Hangup
2026-08-14T02:44:45.360900Z  INFO herdr::logging: session saved event="persist.save" subsystem="persist" outcome="ok" path=/home/james/.config/herdr/session.json workspaces=2
2026-08-14T02:44:45.624242Z  INFO herdr::server::headless: client connected client_id=6 cols=299 rows=81 cell_width_px=0 cell_height_px=0 render_encoding=TerminalAnsi
2026-08-14T02:44:46.911318Z  INFO herdr::logging: spawning pane terminal event="pane.spawn.start" subsystem="pane" outcome="started" pane_id=26 rows=80 cols=273 scrollback_limit_bytes=10000000
2026-08-14T02:44:46.913310Z  INFO herdr::logging: pane child spawned event="pane.spawned" subsystem="pane" outcome="ok" pane_id=26 pid=170470
2026-08-14T02:44:46.913521Z  INFO herdr::logging: tab focused event="tab.focus" subsystem="tab" outcome="ok" workspace_id="w8" tab_id="w8:tE"
2026-08-14T02:44:51.918160Z  INFO herdr::logging: session saved event="persist.save" subsystem="persist" outcome="ok" path=/home/james/.config/herdr/session.json workspaces=2
2026-08-14T02:45:18.457789Z  INFO herdr::logging: pane child exited event="pane.exit" subsystem="pane" outcome="completed" pane_id=26 status="ExitStatus { code: 0, signal: None }"
2026-08-14T02:45:18.463158Z  INFO herdr::pane: pane session terminated pane=26 pid=170470 signal=Hangup
2026-08-14T02:45:19.580200Z  INFO herdr::logging: spawning pane terminal event="pane.spawn.start" subsystem="pane" outcome="started" pane_id=27 rows=80 cols=273 scrollback_limit_bytes=10000000
2026-08-14T02:45:19.581844Z  INFO herdr::logging: pane child spawned event="pane.spawned" subsystem="pane" outcome="ok" pane_id=27 pid=171366
2026-08-14T02:45:19.582015Z  INFO herdr::logging: tab focused event="tab.focus" subsystem="tab" outcome="ok" workspace_id="w8" tab_id="w8:tF"
2026-08-14T02:45:24.585771Z  INFO herdr::logging: session saved event="persist.save" subsystem="persist" outcome="ok" path=/home/james/.config/herdr/session.json workspaces=2
2026-08-14T02:45:25.886986Z  INFO herdr::logging: pane child exited event="pane.exit" subsystem="pane" outcome="completed" pane_id=27 status="ExitStatus { code: 0, signal: None }"
2026-08-14T02:45:25.887115Z  INFO herdr::pane: pane session terminated pane=27 pid=171366 signal=Hangup
2026-08-14T02:45:27.362960Z  INFO herdr::logging: workspace focused event="workspace.focus" subsystem="workspace" outcome="ok" workspace_id="w9"
2026-08-14T02:45:27.362989Z  INFO herdr::logging: tab focused event="tab.focus" subsystem="tab" outcome="ok" workspace_id="w9" tab_id="w9:t5"
2026-08-14T02:45:32.366299Z  INFO herdr::logging: session saved event="persist.save" subsystem="persist" outcome="ok" path=/home/james/.config/herdr/session.json workspaces=2
2026-08-14T02:45:36.593642Z  INFO herdr::logging: workspace focused event="workspace.focus" subsystem="workspace" outcome="ok" workspace_id="w8"
2026-08-14T02:45:36.593674Z  INFO herdr::logging: tab focused event="tab.focus" subsystem="tab" outcome="ok" workspace_id="w8" tab_id="w8:t6"
2026-08-14T02:45:41.596817Z  INFO herdr::logging: session saved event="persist.save" subsystem="persist" outcome="ok" path=/home/james/.config/herdr/session.json workspaces=2
2026-08-14T02:46:07.404201Z  INFO herdr::logging: workspace focused event="workspace.focus" subsystem="workspace" outcome="ok" workspace_id="w9"
2026-08-14T02:46:07.404228Z  INFO herdr::logging: tab focused event="tab.focus" subsystem="tab" outcome="ok" workspace_id="w9" tab_id="w9:t1"
2026-08-14T02:46:08.679159Z  INFO herdr::logging: workspace focused event="workspace.focus" subsystem="workspace" outcome="ok" workspace_id="w8"
2026-08-14T02:46:08.679188Z  INFO herdr::logging: tab focused event="tab.focus" subsystem="tab" outcome="ok" workspace_id="w8" tab_id="w8:t1"
2026-08-14T02:46:13.691385Z  INFO herdr::logging: session saved event="persist.save" subsystem="persist" outcome="ok" path=/home/james/.config/herdr/session.json workspaces=2
2026-08-14T02:46:13.745135Z  INFO herdr::logging: spawning pane terminal event="pane.spawn.start" subsystem="pane" outcome="started" pane_id=28 rows=80 cols=273 scrollback_limit_bytes=10000000
2026-08-14T02:46:13.746802Z  INFO herdr::logging: pane child spawned event="pane.spawned" subsystem="pane" outcome="ok" pane_id=28 pid=172941
2026-08-14T02:46:13.747029Z  INFO herdr::logging: tab focused event="tab.focus" subsystem="tab" outcome="ok" workspace_id="w8" tab_id="w8:tG"
2026-08-14T02:46:18.758987Z  INFO herdr::logging: session saved event="persist.save" subsystem="persist" outcome="ok" path=/home/james/.config/herdr/session.json workspaces=2
2026-08-14T02:46:23.395212Z  INFO herdr::logging: pane child exited event="pane.exit" subsystem="pane" outcome="completed" pane_id=28 status="ExitStatus { code: 0, signal: None }"
2026-08-14T02:46:23.395343Z  INFO herdr::pane: pane session terminated pane=28 pid=172941 signal=Hangup
2026-08-14T02:46:26.984381Z  INFO herdr::logging: workspace focused event="workspace.focus" subsystem="workspace" outcome="ok" workspace_id="w9"
2026-08-14T02:46:26.984409Z  INFO herdr::logging: tab focused event="tab.focus" subsystem="tab" outcome="ok" workspace_id="w9" tab_id="w9:t5"
2026-08-14T02:46:31.987621Z  INFO herdr::logging: session saved event="persist.save" subsystem="persist" outcome="ok" path=/home/james/.config/herdr/session.json workspaces=2
2026-08-14T02:46:36.132325Z  WARN herdr::raw_input: flushing lone escape after input timeout; if this follows an alt chord or focus switch it may reach the pane as plain esc bytes=[27]
2026-08-14T02:46:45.177949Z  INFO herdr::app::actions: copied selection to clipboard
2026-08-14T02:47:16.964612Z  WARN herdr::raw_input: flushing lone escape after input timeout; if this follows an alt chord or focus switch it may reach the pane as plain esc bytes=[27]
2026-08-14T02:47:22.578658Z  INFO herdr::app::actions: copied double-clicked token to clipboard
2026-08-14T02:47:35.335920Z  INFO herdr::logging: workspace focused event="workspace.focus" subsystem="workspace" outcome="ok" workspace_id="w8"
2026-08-14T02:47:35.335965Z  INFO herdr::logging: tab focused event="tab.focus" subsystem="tab" outcome="ok" workspace_id="w8" tab_id="w8:t6"
2026-08-14T02:47:40.279958Z  INFO herdr::logging: workspace focused event="workspace.focus" subsystem="workspace" outcome="ok" workspace_id="w9"
2026-08-14T02:47:40.279984Z  INFO herdr::logging: tab focused event="tab.focus" subsystem="tab" outcome="ok" workspace_id="w9" tab_id="w9:t5"
2026-08-14T02:47:44.451061Z  INFO herdr::logging: spawning pane terminal event="pane.spawn.start" subsystem="pane" outcome="started" pane_id=29 rows=80 cols=273 scrollback_limit_bytes=10000000
2026-08-14T02:47:44.452580Z  INFO herdr::logging: pane child spawned event="pane.spawned" subsystem="pane" outcome="ok" pane_id=29 pid=176048
2026-08-14T02:47:44.452750Z  INFO herdr::logging: tab focused event="tab.focus" subsystem="tab" outcome="ok" workspace_id="w9" tab_id="w9:t6"
2026-08-14T02:47:49.457180Z  INFO herdr::logging: session saved event="persist.save" subsystem="persist" outcome="ok" path=/home/james/.config/herdr/session.json workspaces=2
2026-08-14T02:47:57.144458Z  INFO herdr::logging: tab focused event="tab.focus" subsystem="tab" outcome="ok" workspace_id="w9" tab_id="w9:t1"
2026-08-14T02:48:02.148035Z  INFO herdr::logging: session saved event="persist.save" subsystem="persist" outcome="ok" path=/home/james/.config/herdr/session.json workspaces=2
2026-08-14T02:48:03.092962Z  INFO herdr::logging: tab focused event="tab.focus" subsystem="tab" outcome="ok" workspace_id="w9" tab_id="w9:t3"
2026-08-14T02:48:04.678271Z  INFO herdr::logging: tab focused event="tab.focus" subsystem="tab" outcome="ok" workspace_id="w9" tab_id="w9:t5"
2026-08-14T02:48:09.684946Z  INFO herdr::logging: session saved event="persist.save" subsystem="persist" outcome="ok" path=/home/james/.config/herdr/session.json workspaces=2
2026-08-14T02:48:48.927548Z  INFO herdr::logging: workspace focused event="workspace.focus" subsystem="workspace" outcome="ok" workspace_id="w8"
2026-08-14T02:48:48.927605Z  INFO herdr::logging: tab focused event="tab.focus" subsystem="tab" outcome="ok" workspace_id="w8" tab_id="w8:t6"
2026-08-14T02:48:52.518175Z  INFO herdr::logging: spawning pane terminal event="pane.spawn.start" subsystem="pane" outcome="started" pane_id=30 rows=80 cols=273 scrollback_limit_bytes=10000000
2026-08-14T02:48:52.520300Z  INFO herdr::logging: pane child spawned event="pane.spawned" subsystem="pane" outcome="ok" pane_id=30 pid=178864
2026-08-14T02:48:52.520538Z  INFO herdr::logging: tab focused event="tab.focus" subsystem="tab" outcome="ok" workspace_id="w8" tab_id="w8:tH"
2026-08-14T02:48:57.526379Z  INFO herdr::logging: session saved event="persist.save" subsystem="persist" outcome="ok" path=/home/james/.config/herdr/session.json workspaces=2
2026-08-14T02:49:03.358645Z  INFO herdr::logging: tab focused event="tab.focus" subsystem="tab" outcome="ok" workspace_id="w8" tab_id="w8:t6"
2026-08-14T02:49:08.363413Z  INFO herdr::logging: session saved event="persist.save" subsystem="persist" outcome="ok" path=/home/james/.config/herdr/session.json workspaces=2
2026-08-14T02:51:18.674451Z  INFO herdr::logging: tab focused event="tab.focus" subsystem="tab" outcome="ok" workspace_id="w8" tab_id="w8:tH"
2026-08-14T02:51:23.679785Z  INFO herdr::logging: session saved event="persist.save" subsystem="persist" outcome="ok" path=/home/james/.config/herdr/session.json workspaces=2
2026-08-14T02:52:12.107240Z  INFO herdr::logging: tab focused event="tab.focus" subsystem="tab" outcome="ok" workspace_id="w8" tab_id="w8:t1"
2026-08-14T02:52:12.717644Z  INFO herdr::logging: tab focused event="tab.focus" subsystem="tab" outcome="ok" workspace_id="w8" tab_id="w8:t6"
2026-08-14T02:52:16.225970Z  INFO herdr::pane: agent changed pane=13 previous_agent=Some(Codex) agent=None pgid=Some(20005)
2026-08-14T02:52:16.428741Z  INFO herdr::logging: pane child exited event="pane.exit" subsystem="pane" outcome="completed" pane_id=13 status="ExitStatus { code: 0, signal: None }"
2026-08-14T02:52:16.433635Z  INFO herdr::pane: pane session terminated pane=13 pid=20005 signal=Hangup
2026-08-14T02:52:17.146720Z  INFO herdr::logging: tab focused event="tab.focus" subsystem="tab" outcome="ok" workspace_id="w8" tab_id="w8:tH"
2026-08-14T02:52:17.600239Z  INFO herdr::logging: pane child exited event="pane.exit" subsystem="pane" outcome="completed" pane_id=30 status="ExitStatus { code: 0, signal: None }"
2026-08-14T02:52:17.600355Z  INFO herdr::pane: pane session terminated pane=30 pid=178864 signal=Hangup
2026-08-14T02:52:19.354613Z  INFO herdr::logging: workspace focused event="workspace.focus" subsystem="workspace" outcome="ok" workspace_id="w9"
2026-08-14T02:52:19.354636Z  INFO herdr::logging: tab focused event="tab.focus" subsystem="tab" outcome="ok" workspace_id="w9" tab_id="w9:t5"
2026-08-14T02:52:24.365842Z  INFO herdr::logging: session saved event="persist.save" subsystem="persist" outcome="ok" path=/home/james/.config/herdr/session.json workspaces=2
2026-08-14T02:52:25.206947Z  INFO herdr::logging: tab focused event="tab.focus" subsystem="tab" outcome="ok" workspace_id="w9" tab_id="w9:t6"
2026-08-14T02:52:30.208686Z  INFO herdr::logging: session saved event="persist.save" subsystem="persist" outcome="ok" path=/home/james/.config/herdr/session.json workspaces=2
2026-08-14T02:52:56.388312Z  INFO herdr::logging: spawning pane terminal event="pane.spawn.start" subsystem="pane" outcome="started" pane_id=31 rows=80 cols=273 scrollback_limit_bytes=10000000
2026-08-14T02:52:56.389772Z  INFO herdr::logging: pane child spawned event="pane.spawned" subsystem="pane" outcome="ok" pane_id=31 pid=187716
2026-08-14T02:52:56.389973Z  INFO herdr::logging: workspace created event="workspace.create" subsystem="workspace" outcome="ok" workspace_id="wA" pane_id=31
2026-08-14T02:52:56.389979Z  INFO herdr::logging: workspace focused event="workspace.focus" subsystem="workspace" outcome="ok" workspace_id="wA"
2026-08-14T02:52:56.390001Z  INFO herdr::logging: tab focused event="tab.focus" subsystem="tab" outcome="ok" workspace_id="wA" tab_id="wA:t1"
2026-08-14T02:53:01.365901Z  INFO herdr::logging: workspace renamed event="workspace.rename" subsystem="workspace" outcome="ok" workspace_id="wA"
2026-08-14T02:53:02.464326Z  INFO herdr::pane: agent changed pane=31 previous_agent=None agent=Some(Codex) process=codex pgid=Some(187811)
2026-08-14T02:53:06.367288Z  INFO herdr::logging: session saved event="persist.save" subsystem="persist" outcome="ok" path=/home/james/.config/herdr/session.json workspaces=3
2026-08-14T02:53:07.183071Z  INFO herdr::logging: spawning pane terminal event="pane.spawn.start" subsystem="pane" outcome="started" pane_id=32 rows=80 cols=273 scrollback_limit_bytes=10000000
2026-08-14T02:53:07.184537Z  INFO herdr::logging: pane child spawned event="pane.spawned" subsystem="pane" outcome="ok" pane_id=32 pid=189036
2026-08-14T02:53:07.184731Z  INFO herdr::logging: tab focused event="tab.focus" subsystem="tab" outcome="ok" workspace_id="wA" tab_id="wA:t2"
2026-08-14T02:53:10.780843Z  INFO herdr::app::actions: copied double-clicked token to clipboard
2026-08-14T02:53:11.844548Z  INFO herdr::logging: tab focused event="tab.focus" subsystem="tab" outcome="ok" workspace_id="wA" tab_id="wA:t1"
2026-08-14T02:53:16.845731Z  INFO herdr::logging: session saved event="persist.save" subsystem="persist" outcome="ok" path=/home/james/.config/herdr/session.json workspaces=3
2026-08-14T02:53:56.031623Z  INFO herdr::logging: session saved event="persist.save" subsystem="persist" outcome="ok" path=/home/james/.config/herdr/session.json workspaces=3
2026-08-14T02:53:56.942637Z  INFO herdr::logging: workspace focused event="workspace.focus" subsystem="workspace" outcome="ok" workspace_id="w8"
2026-08-14T02:53:56.942666Z  INFO herdr::logging: tab focused event="tab.focus" subsystem="tab" outcome="ok" workspace_id="w8" tab_id="w8:t1"
2026-08-14T02:53:57.187937Z  INFO herdr::logging: workspace focused event="workspace.focus" subsystem="workspace" outcome="ok" workspace_id="wA"
2026-08-14T02:53:57.187977Z  INFO herdr::logging: tab focused event="tab.focus" subsystem="tab" outcome="ok" workspace_id="wA" tab_id="wA:t1"
2026-08-14T02:53:57.794476Z  INFO herdr::logging: workspace focused event="workspace.focus" subsystem="workspace" outcome="ok" workspace_id="w8"
2026-08-14T02:53:57.794508Z  INFO herdr::logging: tab focused event="tab.focus" subsystem="tab" outcome="ok" workspace_id="w8" tab_id="w8:t1"
2026-08-14T02:53:58.463892Z  INFO herdr::logging: workspace focused event="workspace.focus" subsystem="workspace" outcome="ok" workspace_id="wA"
2026-08-14T02:53:58.463917Z  INFO herdr::logging: tab focused event="tab.focus" subsystem="tab" outcome="ok" workspace_id="wA" tab_id="wA:t1"
2026-08-14T02:54:03.474600Z  INFO herdr::logging: session saved event="persist.save" subsystem="persist" outcome="ok" path=/home/james/.config/herdr/session.json workspaces=3
2026-08-14T02:54:04.425695Z  INFO herdr::logging: workspace focused event="workspace.focus" subsystem="workspace" outcome="ok" workspace_id="w8"
2026-08-14T02:54:04.425727Z  INFO herdr::logging: tab focused event="tab.focus" subsystem="tab" outcome="ok" workspace_id="w8" tab_id="w8:t1"
2026-08-14T02:54:04.977298Z  INFO herdr::logging: workspace focused event="workspace.focus" subsystem="workspace" outcome="ok" workspace_id="w9"
2026-08-14T02:54:04.977329Z  INFO herdr::logging: tab focused event="tab.focus" subsystem="tab" outcome="ok" workspace_id="w9" tab_id="w9:t1"
2026-08-14T02:54:05.336542Z  INFO herdr::logging: tab focused event="tab.focus" subsystem="tab" outcome="ok" workspace_id="w9" tab_id="w9:t5"
2026-08-14T02:54:09.084167Z  INFO herdr::pane: agent changed pane=25 previous_agent=Some(Codex) agent=None pgid=Some(154799)
2026-08-14T02:54:09.472373Z  INFO herdr::logging: pane child exited event="pane.exit" subsystem="pane" outcome="completed" pane_id=25 status="ExitStatus { code: 0, signal: None }"
2026-08-14T02:54:09.472511Z  INFO herdr::pane: pane session terminated pane=25 pid=154799 signal=Hangup
2026-08-14T02:54:10.510740Z  INFO herdr::logging: tab focused event="tab.focus" subsystem="tab" outcome="ok" workspace_id="w9" tab_id="w9:t6"
2026-08-14T02:54:11.195442Z  INFO herdr::logging: pane child exited event="pane.exit" subsystem="pane" outcome="completed" pane_id=29 status="ExitStatus { code: 0, signal: None }"
2026-08-14T02:54:11.195576Z  INFO herdr::pane: pane session terminated pane=29 pid=176048 signal=Hangup
2026-08-14T02:54:11.599285Z  INFO herdr::logging: pane child exited event="pane.exit" subsystem="pane" outcome="completed" pane_id=16 status="ExitStatus { code: 0, signal: None }"
2026-08-14T02:54:11.599398Z  INFO herdr::pane: pane session terminated pane=16 pid=37638 signal=Hangup
2026-08-14T02:54:16.602417Z  INFO herdr::logging: session saved event="persist.save" subsystem="persist" outcome="ok" path=/home/james/.config/herdr/session.json workspaces=3
2026-08-14T02:55:12.031570Z  INFO herdr::logging: workspace focused event="workspace.focus" subsystem="workspace" outcome="ok" workspace_id="w8"
2026-08-14T02:55:12.031608Z  INFO herdr::logging: tab focused event="tab.focus" subsystem="tab" outcome="ok" workspace_id="w8" tab_id="w8:t1"
2026-08-14T02:55:17.044334Z  INFO herdr::logging: session saved event="persist.save" subsystem="persist" outcome="ok" path=/home/james/.config/herdr/session.json workspaces=3
2026-08-14T02:55:17.429285Z  INFO herdr::logging: workspace focused event="workspace.focus" subsystem="workspace" outcome="ok" workspace_id="wA"
2026-08-14T02:55:17.429314Z  INFO herdr::logging: tab focused event="tab.focus" subsystem="tab" outcome="ok" workspace_id="wA" tab_id="wA:t1"
2026-08-14T02:55:22.441110Z  INFO herdr::logging: session saved event="persist.save" subsystem="persist" outcome="ok" path=/home/james/.config/herdr/session.json workspaces=3
2026-08-14T02:55:39.847182Z  INFO herdr::logging: workspace focused event="workspace.focus" subsystem="workspace" outcome="ok" workspace_id="w9"
2026-08-14T02:55:39.847210Z  INFO herdr::logging: tab focused event="tab.focus" subsystem="tab" outcome="ok" workspace_id="w9" tab_id="w9:t1"
2026-08-14T02:55:44.850288Z  INFO herdr::logging: session saved event="persist.save" subsystem="persist" outcome="ok" path=/home/james/.config/herdr/session.json workspaces=3
2026-08-14T02:55:53.861553Z  INFO herdr::app::actions: copied double-clicked token to clipboard
2026-08-14T02:55:55.947088Z  INFO herdr::app::actions: copied selection to clipboard
2026-08-14T02:55:57.748182Z  INFO herdr::app::actions: copied selection to clipboard
2026-08-14T02:55:58.924779Z  INFO herdr::logging: spawning pane terminal event="pane.spawn.start" subsystem="pane" outcome="started" pane_id=33 rows=80 cols=273 scrollback_limit_bytes=10000000
2026-08-14T02:55:58.926247Z  INFO herdr::logging: pane child spawned event="pane.spawned" subsystem="pane" outcome="ok" pane_id=33 pid=194319
2026-08-14T02:55:58.926466Z  INFO herdr::logging: tab focused event="tab.focus" subsystem="tab" outcome="ok" workspace_id="w9" tab_id="w9:t7"
2026-08-14T02:56:01.234489Z  INFO herdr::logging: tab focused event="tab.focus" subsystem="tab" outcome="ok" workspace_id="w9" tab_id="w9:t1"
2026-08-14T02:56:06.237992Z  INFO herdr::logging: session saved event="persist.save" subsystem="persist" outcome="ok" path=/home/james/.config/herdr/session.json workspaces=3
2026-08-14T02:58:25.536359Z  INFO herdr::logging: workspace focused event="workspace.focus" subsystem="workspace" outcome="ok" workspace_id="w8"
2026-08-14T02:58:25.536386Z  INFO herdr::logging: tab focused event="tab.focus" subsystem="tab" outcome="ok" workspace_id="w8" tab_id="w8:t1"
2026-08-14T02:58:30.549136Z  INFO herdr::logging: session saved event="persist.save" subsystem="persist" outcome="ok" path=/home/james/.config/herdr/session.json workspaces=3
2026-08-14T02:58:31.390644Z  INFO herdr::logging: workspace focused event="workspace.focus" subsystem="workspace" outcome="ok" workspace_id="w9"
2026-08-14T02:58:31.390669Z  INFO herdr::logging: tab focused event="tab.focus" subsystem="tab" outcome="ok" workspace_id="w9" tab_id="w9:t1"
2026-08-14T02:58:36.403520Z  INFO herdr::logging: session saved event="persist.save" subsystem="persist" outcome="ok" path=/home/james/.config/herdr/session.json workspaces=3
2026-08-14T02:58:58.734793Z  INFO herdr::app::actions: copied selection to clipboard
2026-08-14T02:59:11.765321Z  INFO herdr::logging: workspace focused event="workspace.focus" subsystem="workspace" outcome="ok" workspace_id="wA"
2026-08-14T02:59:11.765348Z  INFO herdr::logging: tab focused event="tab.focus" subsystem="tab" outcome="ok" workspace_id="wA" tab_id="wA:t1"
2026-08-14T02:59:16.769413Z  INFO herdr::logging: session saved event="persist.save" subsystem="persist" outcome="ok" path=/home/james/.config/herdr/session.json workspaces=3
2026-08-14T02:59:41.428523Z  INFO herdr::app::actions: copied selection to clipboard
2026-08-14T03:01:00.404577Z  INFO herdr::app::actions: copied selection to clipboard
2026-08-14T03:01:13.520180Z  INFO herdr::logging: tab focused event="tab.focus" subsystem="tab" outcome="ok" workspace_id="wA" tab_id="wA:t2"
2026-08-14T03:01:15.509069Z  INFO herdr::logging: tab focused event="tab.focus" subsystem="tab" outcome="ok" workspace_id="wA" tab_id="wA:t1"
2026-08-14T03:01:20.511446Z  INFO herdr::logging: session saved event="persist.save" subsystem="persist" outcome="ok" path=/home/james/.config/herdr/session.json workspaces=3
2026-08-14T03:01:33.122092Z  INFO herdr::logging: workspace focused event="workspace.focus" subsystem="workspace" outcome="ok" workspace_id="w8"
2026-08-14T03:01:33.122123Z  INFO herdr::logging: tab focused event="tab.focus" subsystem="tab" outcome="ok" workspace_id="w8" tab_id="w8:t1"
2026-08-14T03:01:38.124778Z  INFO herdr::logging: session saved event="persist.save" subsystem="persist" outcome="ok" path=/home/james/.config/herdr/session.json workspaces=3
2026-08-14T03:01:47.889938Z  INFO herdr::app::actions: copied selection to clipboard
2026-08-14T03:01:48.412147Z  INFO herdr::app::actions: copied selection to clipboard
2026-08-14T03:02:14.691208Z  INFO herdr::logging: workspace focused event="workspace.focus" subsystem="workspace" outcome="ok" workspace_id="w9"
2026-08-14T03:02:14.691237Z  INFO herdr::logging: tab focused event="tab.focus" subsystem="tab" outcome="ok" workspace_id="w9" tab_id="w9:t1"
2026-08-14T03:02:19.697177Z  INFO herdr::logging: session saved event="persist.save" subsystem="persist" outcome="ok" path=/home/james/.config/herdr/session.json workspaces=3
2026-08-14T03:02:41.153570Z  INFO herdr::app::actions: copied selection to clipboard
2026-08-14T03:03:43.099793Z  INFO herdr::logging: workspace focused event="workspace.focus" subsystem="workspace" outcome="ok" workspace_id="w8"
2026-08-14T03:03:43.099828Z  INFO herdr::logging: tab focused event="tab.focus" subsystem="tab" outcome="ok" workspace_id="w8" tab_id="w8:t1"
2026-08-14T03:03:48.119331Z  INFO herdr::logging: session saved event="persist.save" subsystem="persist" outcome="ok" path=/home/james/.config/herdr/session.json workspaces=3
2026-08-14T03:03:56.866692Z  INFO herdr::logging: workspace focused event="workspace.focus" subsystem="workspace" outcome="ok" workspace_id="wA"
2026-08-14T03:03:56.866733Z  INFO herdr::logging: tab focused event="tab.focus" subsystem="tab" outcome="ok" workspace_id="wA" tab_id="wA:t1"
2026-08-14T03:04:01.874307Z  INFO herdr::logging: session saved event="persist.save" subsystem="persist" outcome="ok" path=/home/james/.config/herdr/session.json workspaces=3
2026-08-14T03:04:25.796882Z  INFO herdr::logging: workspace focused event="workspace.focus" subsystem="workspace" outcome="ok" workspace_id="w9"
2026-08-14T03:04:25.796934Z  INFO herdr::logging: tab focused event="tab.focus" subsystem="tab" outcome="ok" workspace_id="w9" tab_id="w9:t1"
2026-08-14T03:04:26.259452Z  INFO herdr::logging: workspace focused event="workspace.focus" subsystem="workspace" outcome="ok" workspace_id="wA"
2026-08-14T03:04:26.259494Z  INFO herdr::logging: tab focused event="tab.focus" subsystem="tab" outcome="ok" workspace_id="wA" tab_id="wA:t1"
2026-08-14T03:04:26.909085Z  INFO herdr::logging: workspace focused event="workspace.focus" subsystem="workspace" outcome="ok" workspace_id="w9"
2026-08-14T03:04:26.909116Z  INFO herdr::logging: tab focused event="tab.focus" subsystem="tab" outcome="ok" workspace_id="w9" tab_id="w9:t1"
2026-08-14T03:04:27.386704Z  INFO herdr::logging: workspace focused event="workspace.focus" subsystem="workspace" outcome="ok" workspace_id="wA"
2026-08-14T03:04:27.386744Z  INFO herdr::logging: tab focused event="tab.focus" subsystem="tab" outcome="ok" workspace_id="wA" tab_id="wA:t1"
2026-08-14T03:04:28.074684Z  INFO herdr::logging: workspace focused event="workspace.focus" subsystem="workspace" outcome="ok" workspace_id="w9"
2026-08-14T03:04:28.074720Z  INFO herdr::logging: tab focused event="tab.focus" subsystem="tab" outcome="ok" workspace_id="w9" tab_id="w9:t1"
2026-08-14T03:04:33.089332Z  INFO herdr::logging: session saved event="persist.save" subsystem="persist" outcome="ok" path=/home/james/.config/herdr/session.json workspaces=3
2026-08-14T03:04:53.121881Z  INFO herdr::logging: workspace focused event="workspace.focus" subsystem="workspace" outcome="ok" workspace_id="wA"
2026-08-14T03:04:53.121913Z  INFO herdr::logging: tab focused event="tab.focus" subsystem="tab" outcome="ok" workspace_id="wA" tab_id="wA:t1"
2026-08-14T03:04:58.127050Z  INFO herdr::logging: session saved event="persist.save" subsystem="persist" outcome="ok" path=/home/james/.config/herdr/session.json workspaces=3
2026-08-14T03:05:01.037744Z  INFO herdr::logging: workspace focused event="workspace.focus" subsystem="workspace" outcome="ok" workspace_id="w9"
2026-08-14T03:05:01.037792Z  INFO herdr::logging: tab focused event="tab.focus" subsystem="tab" outcome="ok" workspace_id="w9" tab_id="w9:t1"
2026-08-14T03:05:06.042590Z  INFO herdr::logging: session saved event="persist.save" subsystem="persist" outcome="ok" path=/home/james/.config/herdr/session.json workspaces=3
2026-08-14T03:05:21.143140Z  INFO herdr::logging: workspace focused event="workspace.focus" subsystem="workspace" outcome="ok" workspace_id="w8"
2026-08-14T03:05:21.143180Z  INFO herdr::logging: tab focused event="tab.focus" subsystem="tab" outcome="ok" workspace_id="w8" tab_id="w8:t1"
2026-08-14T03:05:25.052090Z  INFO herdr::logging: workspace focused event="workspace.focus" subsystem="workspace" outcome="ok" workspace_id="w9"
2026-08-14T03:05:25.052126Z  INFO herdr::logging: tab focused event="tab.focus" subsystem="tab" outcome="ok" workspace_id="w9" tab_id="w9:t1"
2026-08-14T03:05:30.058701Z  INFO herdr::logging: session saved event="persist.save" subsystem="persist" outcome="ok" path=/home/james/.config/herdr/session.json workspaces=3
2026-08-14T03:05:40.961352Z  WARN herdr::raw_input: flushing lone escape after input timeout; if this follows an alt chord or focus switch it may reach the pane as plain esc bytes=[27]
2026-08-14T03:05:56.892833Z  INFO herdr::logging: workspace focused event="workspace.focus" subsystem="workspace" outcome="ok" workspace_id="wA"
2026-08-14T03:05:56.892893Z  INFO herdr::logging: tab focused event="tab.focus" subsystem="tab" outcome="ok" workspace_id="wA" tab_id="wA:t1"
2026-08-14T03:06:01.898082Z  INFO herdr::logging: session saved event="persist.save" subsystem="persist" outcome="ok" path=/home/james/.config/herdr/session.json workspaces=3
2026-08-14T03:07:04.356643Z  WARN herdr::raw_input: flushing lone escape after input timeout; if this follows an alt chord or focus switch it may reach the pane as plain esc bytes=[27]
2026-08-14T03:07:13.833228Z  WARN herdr::raw_input: flushing lone escape after input timeout; if this follows an alt chord or focus switch it may reach the pane as plain esc bytes=[27]
2026-08-14T03:07:17.834563Z  INFO herdr::logging: workspace focused event="workspace.focus" subsystem="workspace" outcome="ok" workspace_id="w9"
2026-08-14T03:07:17.834599Z  INFO herdr::logging: tab focused event="tab.focus" subsystem="tab" outcome="ok" workspace_id="w9" tab_id="w9:t1"
2026-08-14T03:07:22.840701Z  INFO herdr::logging: session saved event="persist.save" subsystem="persist" outcome="ok" path=/home/james/.config/herdr/session.json workspaces=3
2026-08-14T03:07:27.141475Z  WARN herdr::raw_input: flushing lone escape after input timeout; if this follows an alt chord or focus switch it may reach the pane as plain esc bytes=[27]
2026-08-14T03:07:30.050567Z  INFO herdr::logging: workspace focused event="workspace.focus" subsystem="workspace" outcome="ok" workspace_id="wA"
2026-08-14T03:07:30.050605Z  INFO herdr::logging: tab focused event="tab.focus" subsystem="tab" outcome="ok" workspace_id="wA" tab_id="wA:t1"
2026-08-14T03:07:35.056336Z  INFO herdr::logging: session saved event="persist.save" subsystem="persist" outcome="ok" path=/home/james/.config/herdr/session.json workspaces=3
2026-08-14T03:07:43.444427Z  INFO herdr::logging: workspace focused event="workspace.focus" subsystem="workspace" outcome="ok" workspace_id="w8"
2026-08-14T03:07:43.444460Z  INFO herdr::logging: tab focused event="tab.focus" subsystem="tab" outcome="ok" workspace_id="w8" tab_id="w8:t1"
2026-08-14T03:07:48.451975Z  INFO herdr::logging: session saved event="persist.save" subsystem="persist" outcome="ok" path=/home/james/.config/herdr/session.json workspaces=3
2026-08-14T03:07:50.387406Z  INFO herdr::logging: checking for updates event="update.check.start" subsystem="update" outcome="started"
2026-08-14T03:07:50.494435Z  WARN herdr::detect::manifest_update: skipping unknown remote manifest agent agent="qwen"
2026-08-14T03:08:00.134841Z  WARN herdr::raw_input: flushing lone escape after input timeout; if this follows an alt chord or focus switch it may reach the pane as plain esc bytes=[27]
2026-08-14T03:08:04.267893Z  WARN herdr::raw_input: flushing lone escape after input timeout; if this follows an alt chord or focus switch it may reach the pane as plain esc bytes=[27]
2026-08-14T03:08:05.010467Z  WARN herdr::raw_input: flushing lone escape after input timeout; if this follows an alt chord or focus switch it may reach the pane as plain esc bytes=[27]
2026-08-14T03:08:05.542810Z  WARN herdr::raw_input: flushing lone escape after input timeout; if this follows an alt chord or focus switch it may reach the pane as plain esc bytes=[27]
2026-08-14T03:08:10.091842Z  WARN herdr::raw_input: flushing lone escape after input timeout; if this follows an alt chord or focus switch it may reach the pane as plain esc bytes=[27]
2026-08-14T03:08:10.758172Z  WARN herdr::raw_input: flushing lone escape after input timeout; if this follows an alt chord or focus switch it may reach the pane as plain esc bytes=[27]
2026-08-14T03:08:27.926494Z  WARN herdr::raw_input: flushing lone escape after input timeout; if this follows an alt chord or focus switch it may reach the pane as plain esc bytes=[27]
2026-08-14T03:08:35.003169Z  INFO herdr::logging: workspace focused event="workspace.focus" subsystem="workspace" outcome="ok" workspace_id="wA"
2026-08-14T03:08:35.003203Z  INFO herdr::logging: tab focused event="tab.focus" subsystem="tab" outcome="ok" workspace_id="wA" tab_id="wA:t1"
2026-08-14T03:08:35.884440Z  INFO herdr::logging: workspace focused event="workspace.focus" subsystem="workspace" outcome="ok" workspace_id="w8"
2026-08-14T03:08:35.884468Z  INFO herdr::logging: tab focused event="tab.focus" subsystem="tab" outcome="ok" workspace_id="w8" tab_id="w8:t1"
2026-08-14T03:08:36.421035Z  INFO herdr::logging: workspace focused event="workspace.focus" subsystem="workspace" outcome="ok" workspace_id="w9"
2026-08-14T03:08:36.421069Z  INFO herdr::logging: tab focused event="tab.focus" subsystem="tab" outcome="ok" workspace_id="w9" tab_id="w9:t1"
2026-08-14T03:08:41.430572Z  INFO herdr::logging: session saved event="persist.save" subsystem="persist" outcome="ok" path=/home/james/.config/herdr/session.json workspaces=3
2026-08-14T03:10:27.229327Z  INFO herdr::logging: spawning pane terminal event="pane.spawn.start" subsystem="pane" outcome="started" pane_id=34 rows=80 cols=273 scrollback_limit_bytes=10000000
2026-08-14T03:10:27.230776Z  INFO herdr::logging: pane child spawned event="pane.spawned" subsystem="pane" outcome="ok" pane_id=34 pid=234401
2026-08-14T03:10:27.230973Z  INFO herdr::logging: tab focused event="tab.focus" subsystem="tab" outcome="ok" workspace_id="w9" tab_id="w9:t8"
2026-08-14T03:10:30.896641Z  INFO herdr::logging: spawning pane terminal event="pane.spawn.start" subsystem="pane" outcome="started" pane_id=35 rows=80 cols=273 scrollback_limit_bytes=10000000
2026-08-14T03:10:30.898203Z  INFO herdr::logging: pane child spawned event="pane.spawned" subsystem="pane" outcome="ok" pane_id=35 pid=234648
2026-08-14T03:10:30.898421Z  INFO herdr::logging: tab focused event="tab.focus" subsystem="tab" outcome="ok" workspace_id="w9" tab_id="w9:t9"
2026-08-14T03:10:35.900852Z  INFO herdr::logging: session saved event="persist.save" subsystem="persist" outcome="ok" path=/home/james/.config/herdr/session.json workspaces=3
2026-08-14T03:10:41.899594Z  INFO herdr::app::actions: copied selection to clipboard
2026-08-14T03:10:43.396288Z  INFO herdr::logging: tab focused event="tab.focus" subsystem="tab" outcome="ok" workspace_id="w9" tab_id="w9:t8"
2026-08-14T03:10:44.066437Z  INFO herdr::logging: tab focused event="tab.focus" subsystem="tab" outcome="ok" workspace_id="w9" tab_id="w9:t7"
2026-08-14T03:10:44.662103Z  INFO herdr::logging: tab focused event="tab.focus" subsystem="tab" outcome="ok" workspace_id="w9" tab_id="w9:t1"
2026-08-14T03:10:49.663561Z  INFO herdr::logging: session saved event="persist.save" subsystem="persist" outcome="ok" path=/home/james/.config/herdr/session.json workspaces=3
2026-08-14T03:11:28.766385Z  INFO herdr::app::actions: copied double-clicked token to clipboard
2026-08-14T03:11:29.849256Z  INFO herdr::app::actions: copied double-clicked token to clipboard
2026-08-14T03:11:35.392606Z  WARN herdr::raw_input: flushing lone escape after input timeout; if this follows an alt chord or focus switch it may reach the pane as plain esc bytes=[27]
2026-08-14T03:11:42.106974Z  INFO herdr::app::actions: copied double-clicked token to clipboard
2026-08-14T03:11:46.750061Z  WARN herdr::raw_input: flushing lone escape after input timeout; if this follows an alt chord or focus switch it may reach the pane as plain esc bytes=[27]
2026-08-14T03:11:47.852790Z  INFO herdr::app::actions: copied selection to clipboard
2026-08-14T03:12:36.136266Z  INFO herdr::logging: workspace focused event="workspace.focus" subsystem="workspace" outcome="ok" workspace_id="w8"
2026-08-14T03:12:36.136305Z  INFO herdr::logging: tab focused event="tab.focus" subsystem="tab" outcome="ok" workspace_id="w8" tab_id="w8:t1"
2026-08-14T03:12:38.231447Z  INFO herdr::app::actions: copied selection to clipboard
2026-08-14T03:12:41.143023Z  INFO herdr::logging: session saved event="persist.save" subsystem="persist" outcome="ok" path=/home/james/.config/herdr/session.json workspaces=3
2026-08-14T03:12:45.880004Z  INFO herdr::logging: workspace focused event="workspace.focus" subsystem="workspace" outcome="ok" workspace_id="wA"
2026-08-14T03:12:45.880038Z  INFO herdr::logging: tab focused event="tab.focus" subsystem="tab" outcome="ok" workspace_id="wA" tab_id="wA:t1"
2026-08-14T03:12:50.886981Z  INFO herdr::logging: session saved event="persist.save" subsystem="persist" outcome="ok" path=/home/james/.config/herdr/session.json workspaces=3
2026-08-14T03:12:54.001794Z  INFO herdr::logging: tab focused event="tab.focus" subsystem="tab" outcome="ok" workspace_id="wA" tab_id="wA:t2"
2026-08-14T03:12:54.366103Z  INFO herdr::logging: tab focused event="tab.focus" subsystem="tab" outcome="ok" workspace_id="wA" tab_id="wA:t1"
2026-08-14T03:12:57.994409Z  INFO herdr::app::actions: copied selection to clipboard
2026-08-14T03:12:59.161162Z  INFO herdr::logging: tab focused event="tab.focus" subsystem="tab" outcome="ok" workspace_id="wA" tab_id="wA:t2"
2026-08-14T03:13:04.164199Z  INFO herdr::logging: session saved event="persist.save" subsystem="persist" outcome="ok" path=/home/james/.config/herdr/session.json workspaces=3
2026-08-14T03:13:10.151517Z  INFO herdr::logging: tab focused event="tab.focus" subsystem="tab" outcome="ok" workspace_id="wA" tab_id="wA:t1"
2026-08-14T03:13:15.154887Z  INFO herdr::logging: session saved event="persist.save" subsystem="persist" outcome="ok" path=/home/james/.config/herdr/session.json workspaces=3
2026-08-14T03:13:19.407458Z  INFO herdr::logging: workspace focused event="workspace.focus" subsystem="workspace" outcome="ok" workspace_id="w9"
2026-08-14T03:13:19.407491Z  INFO herdr::logging: tab focused event="tab.focus" subsystem="tab" outcome="ok" workspace_id="w9" tab_id="w9:t1"
2026-08-14T03:13:24.410448Z  INFO herdr::logging: session saved event="persist.save" subsystem="persist" outcome="ok" path=/home/james/.config/herdr/session.json workspaces=3
2026-08-14T03:14:29.578430Z  INFO herdr::logging: tab focused event="tab.focus" subsystem="tab" outcome="ok" workspace_id="w9" tab_id="w9:t9"
2026-08-14T03:14:34.580838Z  INFO herdr::logging: session saved event="persist.save" subsystem="persist" outcome="ok" path=/home/james/.config/herdr/session.json workspaces=3
2026-08-14T03:14:59.073713Z  INFO herdr::app::actions: copied double-clicked token to clipboard
2026-08-14T03:15:00.476733Z  INFO herdr::logging: tab focused event="tab.focus" subsystem="tab" outcome="ok" workspace_id="w9" tab_id="w9:t8"
2026-08-14T03:15:01.037621Z  INFO herdr::logging: tab focused event="tab.focus" subsystem="tab" outcome="ok" workspace_id="w9" tab_id="w9:t7"
2026-08-14T03:15:01.579110Z  INFO herdr::logging: tab focused event="tab.focus" subsystem="tab" outcome="ok" workspace_id="w9" tab_id="w9:t1"
2026-08-14T03:15:06.581148Z  INFO herdr::logging: session saved event="persist.save" subsystem="persist" outcome="ok" path=/home/james/.config/herdr/session.json workspaces=3
2026-08-14T03:15:20.912670Z  INFO herdr::app::actions: copied double-clicked token to clipboard
2026-08-14T03:15:23.041314Z  INFO herdr::logging: tab focused event="tab.focus" subsystem="tab" outcome="ok" workspace_id="w9" tab_id="w9:t9"
2026-08-14T03:15:24.414426Z  INFO herdr::logging: tab focused event="tab.focus" subsystem="tab" outcome="ok" workspace_id="w9" tab_id="w9:t1"
2026-08-14T03:15:29.416703Z  INFO herdr::logging: session saved event="persist.save" subsystem="persist" outcome="ok" path=/home/james/.config/herdr/session.json workspaces=3
2026-08-14T03:15:29.674553Z  INFO herdr::logging: tab focused event="tab.focus" subsystem="tab" outcome="ok" workspace_id="w9" tab_id="w9:t9"
2026-08-14T03:15:30.102926Z  INFO herdr::logging: tab focused event="tab.focus" subsystem="tab" outcome="ok" workspace_id="w9" tab_id="w9:t1"
2026-08-14T03:15:35.106230Z  INFO herdr::logging: session saved event="persist.save" subsystem="persist" outcome="ok" path=/home/james/.config/herdr/session.json workspaces=3
2026-08-14T03:15:47.060871Z  WARN herdr::raw_input: flushing lone escape after input timeout; if this follows an alt chord or focus switch it may reach the pane as plain esc bytes=[27]
2026-08-14T03:15:48.779267Z  INFO herdr::logging: tab focused event="tab.focus" subsystem="tab" outcome="ok" workspace_id="w9" tab_id="w9:t9"
2026-08-14T03:15:53.763481Z  INFO herdr::logging: workspace focused event="workspace.focus" subsystem="workspace" outcome="ok" workspace_id="w8"
2026-08-14T03:15:53.763511Z  INFO herdr::logging: tab focused event="tab.focus" subsystem="tab" outcome="ok" workspace_id="w8" tab_id="w8:t1"
2026-08-14T03:15:54.428361Z  INFO herdr::logging: workspace focused event="workspace.focus" subsystem="workspace" outcome="ok" workspace_id="w9"
2026-08-14T03:15:54.428397Z  INFO herdr::logging: tab focused event="tab.focus" subsystem="tab" outcome="ok" workspace_id="w9" tab_id="w9:t1"
2026-08-14T03:15:55.284723Z  INFO herdr::logging: workspace focused event="workspace.focus" subsystem="workspace" outcome="ok" workspace_id="wA"
2026-08-14T03:15:55.284755Z  INFO herdr::logging: tab focused event="tab.focus" subsystem="tab" outcome="ok" workspace_id="wA" tab_id="wA:t1"
2026-08-14T03:15:55.924316Z  INFO herdr::logging: workspace focused event="workspace.focus" subsystem="workspace" outcome="ok" workspace_id="w8"
2026-08-14T03:15:55.924345Z  INFO herdr::logging: tab focused event="tab.focus" subsystem="tab" outcome="ok" workspace_id="w8" tab_id="w8:t1"
2026-08-14T03:16:00.932273Z  INFO herdr::logging: session saved event="persist.save" subsystem="persist" outcome="ok" path=/home/james/.config/herdr/session.json workspaces=3
2026-08-14T03:16:10.366406Z  INFO herdr::logging: workspace focused event="workspace.focus" subsystem="workspace" outcome="ok" workspace_id="wA"
2026-08-14T03:16:10.366437Z  INFO herdr::logging: tab focused event="tab.focus" subsystem="tab" outcome="ok" workspace_id="wA" tab_id="wA:t1"
2026-08-14T03:16:15.374018Z  INFO herdr::logging: session saved event="persist.save" subsystem="persist" outcome="ok" path=/home/james/.config/herdr/session.json workspaces=3
2026-08-14T03:16:32.337201Z  INFO herdr::logging: workspace focused event="workspace.focus" subsystem="workspace" outcome="ok" workspace_id="w9"
2026-08-14T03:16:32.337228Z  INFO herdr::logging: tab focused event="tab.focus" subsystem="tab" outcome="ok" workspace_id="w9" tab_id="w9:t1"
2026-08-14T03:16:32.721858Z  INFO herdr::logging: workspace focused event="workspace.focus" subsystem="workspace" outcome="ok" workspace_id="wA"
2026-08-14T03:16:32.721880Z  INFO herdr::logging: tab focused event="tab.focus" subsystem="tab" outcome="ok" workspace_id="wA" tab_id="wA:t1"
2026-08-14T03:16:33.595338Z  INFO herdr::logging: workspace focused event="workspace.focus" subsystem="workspace" outcome="ok" workspace_id="w9"
2026-08-14T03:16:33.595363Z  INFO herdr::logging: tab focused event="tab.focus" subsystem="tab" outcome="ok" workspace_id="w9" tab_id="w9:t1"
2026-08-14T03:16:34.899835Z  INFO herdr::logging: workspace focused event="workspace.focus" subsystem="workspace" outcome="ok" workspace_id="wA"
2026-08-14T03:16:34.899865Z  INFO herdr::logging: tab focused event="tab.focus" subsystem="tab" outcome="ok" workspace_id="wA" tab_id="wA:t1"
2026-08-14T03:16:35.795826Z  INFO herdr::logging: workspace focused event="workspace.focus" subsystem="workspace" outcome="ok" workspace_id="w9"
2026-08-14T03:16:35.795851Z  INFO herdr::logging: tab focused event="tab.focus" subsystem="tab" outcome="ok" workspace_id="w9" tab_id="w9:t1"
2026-08-14T03:16:40.799655Z  INFO herdr::logging: session saved event="persist.save" subsystem="persist" outcome="ok" path=/home/james/.config/herdr/session.json workspaces=3
2026-08-14T03:16:42.627645Z  INFO herdr::logging: tab focused event="tab.focus" subsystem="tab" outcome="ok" workspace_id="w9" tab_id="w9:t9"
2026-08-14T03:16:46.678965Z  INFO herdr::logging: tab focused event="tab.focus" subsystem="tab" outcome="ok" workspace_id="w9" tab_id="w9:t1"
2026-08-14T03:16:51.682795Z  INFO herdr::logging: session saved event="persist.save" subsystem="persist" outcome="ok" path=/home/james/.config/herdr/session.json workspaces=3
2026-08-14T03:16:56.085090Z  INFO herdr::logging: tab focused event="tab.focus" subsystem="tab" outcome="ok" workspace_id="w9" tab_id="w9:t9"
2026-08-14T03:16:57.015529Z  INFO herdr::logging: tab focused event="tab.focus" subsystem="tab" outcome="ok" workspace_id="w9" tab_id="w9:t1"
2026-08-14T03:16:58.115506Z  INFO herdr::logging: tab focused event="tab.focus" subsystem="tab" outcome="ok" workspace_id="w9" tab_id="w9:t9"
2026-08-14T03:17:03.122000Z  INFO herdr::logging: session saved event="persist.save" subsystem="persist" outcome="ok" path=/home/james/.config/herdr/session.json workspaces=3
2026-08-14T03:17:12.393123Z  INFO herdr::app::actions: copied selection to clipboard
2026-08-14T03:17:13.674371Z  INFO herdr::logging: tab focused event="tab.focus" subsystem="tab" outcome="ok" workspace_id="w9" tab_id="w9:t8"
2026-08-14T03:17:14.096391Z  INFO herdr::logging: tab focused event="tab.focus" subsystem="tab" outcome="ok" workspace_id="w9" tab_id="w9:t7"
2026-08-14T03:17:14.810773Z  INFO herdr::logging: tab focused event="tab.focus" subsystem="tab" outcome="ok" workspace_id="w9" tab_id="w9:t1"
2026-08-14T03:17:19.812811Z  INFO herdr::logging: session saved event="persist.save" subsystem="persist" outcome="ok" path=/home/james/.config/herdr/session.json workspaces=3
2026-08-14T03:17:26.036216Z  INFO herdr::app::actions: copied selection to clipboard
2026-08-14T03:17:27.010720Z  INFO herdr::logging: tab focused event="tab.focus" subsystem="tab" outcome="ok" workspace_id="w9" tab_id="w9:t9"
2026-08-14T03:17:32.016254Z  INFO herdr::logging: session saved event="persist.save" subsystem="persist" outcome="ok" path=/home/james/.config/herdr/session.json workspaces=3
2026-08-14T03:17:32.098415Z  INFO herdr::app::actions: copied selection to clipboard
2026-08-14T03:17:33.127101Z  INFO herdr::logging: tab focused event="tab.focus" subsystem="tab" outcome="ok" workspace_id="w9" tab_id="w9:t1"
2026-08-14T03:17:38.132120Z  INFO herdr::logging: session saved event="persist.save" subsystem="persist" outcome="ok" path=/home/james/.config/herdr/session.json workspaces=3
2026-08-14T03:17:52.094307Z  INFO herdr::logging: tab focused event="tab.focus" subsystem="tab" outcome="ok" workspace_id="w9" tab_id="w9:t9"
2026-08-14T03:17:57.098984Z  INFO herdr::logging: session saved event="persist.save" subsystem="persist" outcome="ok" path=/home/james/.config/herdr/session.json workspaces=3
2026-08-14T03:18:25.778293Z  INFO herdr::logging: tab focused event="tab.focus" subsystem="tab" outcome="ok" workspace_id="w9" tab_id="w9:t8"
2026-08-14T03:18:26.167477Z  INFO herdr::logging: tab focused event="tab.focus" subsystem="tab" outcome="ok" workspace_id="w9" tab_id="w9:t7"
2026-08-14T03:18:26.664049Z  INFO herdr::logging: tab focused event="tab.focus" subsystem="tab" outcome="ok" workspace_id="w9" tab_id="w9:t1"
2026-08-14T03:18:31.666059Z  INFO herdr::logging: session saved event="persist.save" subsystem="persist" outcome="ok" path=/home/james/.config/herdr/session.json workspaces=3
2026-08-14T03:18:34.510597Z  INFO herdr::app::actions: copied selection to clipboard
2026-08-14T03:18:35.514954Z  INFO herdr::logging: tab focused event="tab.focus" subsystem="tab" outcome="ok" workspace_id="w9" tab_id="w9:t9"
2026-08-14T03:18:38.434429Z  INFO herdr::logging: tab focused event="tab.focus" subsystem="tab" outcome="ok" workspace_id="w9" tab_id="w9:t1"
2026-08-14T03:18:43.266732Z  INFO herdr::app::actions: copied selection to clipboard
2026-08-14T03:18:43.438391Z  INFO herdr::logging: session saved event="persist.save" subsystem="persist" outcome="ok" path=/home/james/.config/herdr/session.json workspaces=3
2026-08-14T03:18:45.243182Z  INFO herdr::logging: tab focused event="tab.focus" subsystem="tab" outcome="ok" workspace_id="w9" tab_id="w9:t9"
2026-08-14T03:18:50.249267Z  INFO herdr::logging: session saved event="persist.save" subsystem="persist" outcome="ok" path=/home/james/.config/herdr/session.json workspaces=3
2026-08-14T03:18:59.350921Z  INFO herdr::app::actions: copied selection to clipboard
2026-08-14T03:19:07.327782Z  INFO herdr::app::actions: copied selection to clipboard
2026-08-14T03:19:10.503257Z  INFO herdr::app::actions: copied selection to clipboard
2026-08-14T03:19:13.909795Z  INFO herdr::app::actions: copied selection to clipboard
2026-08-14T03:19:17.614592Z  INFO herdr::app::actions: copied selection to clipboard
2026-08-14T03:19:33.090721Z  INFO herdr::logging: tab focused event="tab.focus" subsystem="tab" outcome="ok" workspace_id="w9" tab_id="w9:t1"
2026-08-14T03:19:36.660271Z  INFO herdr::app::actions: copied selection to clipboard
2026-08-14T03:19:37.649557Z  INFO herdr::logging: tab focused event="tab.focus" subsystem="tab" outcome="ok" workspace_id="w9" tab_id="w9:t9"
2026-08-14T03:19:39.904047Z  INFO herdr::logging: tab focused event="tab.focus" subsystem="tab" outcome="ok" workspace_id="w9" tab_id="w9:t1"
2026-08-14T03:19:40.470398Z  INFO herdr::logging: tab focused event="tab.focus" subsystem="tab" outcome="ok" workspace_id="w9" tab_id="w9:t9"
2026-08-14T03:19:44.039641Z  INFO herdr::logging: tab focused event="tab.focus" subsystem="tab" outcome="ok" workspace_id="w9" tab_id="w9:t1"
2026-08-14T03:19:45.610194Z  INFO herdr::logging: tab focused event="tab.focus" subsystem="tab" outcome="ok" workspace_id="w9" tab_id="w9:t9"
2026-08-14T03:19:50.614617Z  INFO herdr::logging: session saved event="persist.save" subsystem="persist" outcome="ok" path=/home/james/.config/herdr/session.json workspaces=3
2026-08-14T03:19:51.699792Z  INFO herdr::logging: tab focused event="tab.focus" subsystem="tab" outcome="ok" workspace_id="w9" tab_id="w9:t8"
2026-08-14T03:19:56.704187Z  INFO herdr::logging: session saved event="persist.save" subsystem="persist" outcome="ok" path=/home/james/.config/herdr/session.json workspaces=3
2026-08-14T03:20:08.579301Z  INFO herdr::logging: tab focused event="tab.focus" subsystem="tab" outcome="ok" workspace_id="w9" tab_id="w9:t9"
2026-08-14T03:20:10.644148Z  INFO herdr::logging: tab focused event="tab.focus" subsystem="tab" outcome="ok" workspace_id="w9" tab_id="w9:t8"
2026-08-14T03:20:11.139275Z  INFO herdr::logging: tab focused event="tab.focus" subsystem="tab" outcome="ok" workspace_id="w9" tab_id="w9:t9"
2026-08-14T03:20:11.646257Z  INFO herdr::logging: tab focused event="tab.focus" subsystem="tab" outcome="ok" workspace_id="w9" tab_id="w9:t8"
2026-08-14T03:20:12.507696Z  INFO herdr::server::headless: client resize client_id=6 cols=299 rows=80 cell_width_px=0 cell_height_px=0
2026-08-14T03:20:16.657675Z  INFO herdr::logging: session saved event="persist.save" subsystem="persist" outcome="ok" path=/home/james/.config/herdr/session.json workspaces=3
2026-08-14T03:20:26.006757Z  INFO herdr::logging: tab focused event="tab.focus" subsystem="tab" outcome="ok" workspace_id="w9" tab_id="w9:t9"
2026-08-14T03:20:26.759885Z  INFO herdr::logging: tab focused event="tab.focus" subsystem="tab" outcome="ok" workspace_id="w9" tab_id="w9:t8"
2026-08-14T03:20:31.763631Z  INFO herdr::logging: session saved event="persist.save" subsystem="persist" outcome="ok" path=/home/james/.config/herdr/session.json workspaces=3
2026-08-14T03:20:31.834676Z  INFO herdr::logging: tab focused event="tab.focus" subsystem="tab" outcome="ok" workspace_id="w9" tab_id="w9:t9"
2026-08-14T03:20:32.607497Z  INFO herdr::logging: spawning pane terminal event="pane.spawn.start" subsystem="pane" outcome="started" pane_id=36 rows=79 cols=273 scrollback_limit_bytes=10000000
2026-08-14T03:20:32.609234Z  INFO herdr::logging: pane child spawned event="pane.spawned" subsystem="pane" outcome="ok" pane_id=36 pid=250550
2026-08-14T03:20:32.609445Z  INFO herdr::logging: tab focused event="tab.focus" subsystem="tab" outcome="ok" workspace_id="w9" tab_id="w9:tA"
2026-08-14T03:20:37.615359Z  INFO herdr::logging: session saved event="persist.save" subsystem="persist" outcome="ok" path=/home/james/.config/herdr/session.json workspaces=3
2026-08-14T03:20:42.652424Z  INFO herdr::logging: tab focused event="tab.focus" subsystem="tab" outcome="ok" workspace_id="w9" tab_id="w9:t9"
2026-08-14T03:20:44.099561Z  INFO herdr::logging: tab focused event="tab.focus" subsystem="tab" outcome="ok" workspace_id="w9" tab_id="w9:t8"
2026-08-14T03:20:48.388069Z  INFO herdr::logging: workspace focused event="workspace.focus" subsystem="workspace" outcome="ok" workspace_id="wA"
2026-08-14T03:20:48.388098Z  INFO herdr::logging: tab focused event="tab.focus" subsystem="tab" outcome="ok" workspace_id="wA" tab_id="wA:t1"
2026-08-14T03:20:53.392240Z  INFO herdr::logging: session saved event="persist.save" subsystem="persist" outcome="ok" path=/home/james/.config/herdr/session.json workspaces=3
2026-08-14T03:22:38.231943Z  INFO herdr::logging: workspace focused event="workspace.focus" subsystem="workspace" outcome="ok" workspace_id="w8"
2026-08-14T03:22:38.231971Z  INFO herdr::logging: tab focused event="tab.focus" subsystem="tab" outcome="ok" workspace_id="w8" tab_id="w8:t1"
2026-08-14T03:22:39.306068Z  INFO herdr::app::actions: copied selection to clipboard
2026-08-14T03:22:42.353950Z  INFO herdr::logging: workspace focused event="workspace.focus" subsystem="workspace" outcome="ok" workspace_id="wA"
2026-08-14T03:22:42.353976Z  INFO herdr::logging: tab focused event="tab.focus" subsystem="tab" outcome="ok" workspace_id="wA" tab_id="wA:t1"
2026-08-14T03:22:42.891791Z  INFO herdr::logging: workspace focused event="workspace.focus" subsystem="workspace" outcome="ok" workspace_id="w8"
2026-08-14T03:22:42.891817Z  INFO herdr::logging: tab focused event="tab.focus" subsystem="tab" outcome="ok" workspace_id="w8" tab_id="w8:t1"
2026-08-14T03:22:44.472673Z  INFO herdr::logging: workspace focused event="workspace.focus" subsystem="workspace" outcome="ok" workspace_id="wA"
2026-08-14T03:22:44.472704Z  INFO herdr::logging: tab focused event="tab.focus" subsystem="tab" outcome="ok" workspace_id="wA" tab_id="wA:t1"
2026-08-14T03:22:44.895887Z  INFO herdr::logging: workspace focused event="workspace.focus" subsystem="workspace" outcome="ok" workspace_id="w9"
2026-08-14T03:22:44.895914Z  INFO herdr::logging: tab focused event="tab.focus" subsystem="tab" outcome="ok" workspace_id="w9" tab_id="w9:t8"
2026-08-14T03:22:46.156467Z  INFO herdr::logging: tab focused event="tab.focus" subsystem="tab" outcome="ok" workspace_id="w9" tab_id="w9:tA"
2026-08-14T03:22:47.263209Z  INFO herdr::logging: tab focused event="tab.focus" subsystem="tab" outcome="ok" workspace_id="w9" tab_id="w9:t9"
2026-08-14T03:22:49.208062Z  INFO herdr::logging: tab focused event="tab.focus" subsystem="tab" outcome="ok" workspace_id="w9" tab_id="w9:t8"
2026-08-14T03:22:51.345958Z  INFO herdr::logging: tab focused event="tab.focus" subsystem="tab" outcome="ok" workspace_id="w9" tab_id="w9:t7"
2026-08-14T03:22:52.038240Z  INFO herdr::logging: tab focused event="tab.focus" subsystem="tab" outcome="ok" workspace_id="w9" tab_id="w9:t8"
2026-08-14T03:22:52.625996Z  INFO herdr::logging: tab focused event="tab.focus" subsystem="tab" outcome="ok" workspace_id="w9" tab_id="w9:t9"
2026-08-14T03:22:57.630688Z  INFO herdr::logging: session saved event="persist.save" subsystem="persist" outcome="ok" path=/home/james/.config/herdr/session.json workspaces=3
2026-08-14T03:24:09.696250Z  INFO herdr::logging: tab focused event="tab.focus" subsystem="tab" outcome="ok" workspace_id="w9" tab_id="w9:t8"
2026-08-14T03:24:10.400414Z  INFO herdr::logging: tab focused event="tab.focus" subsystem="tab" outcome="ok" workspace_id="w9" tab_id="w9:t7"
2026-08-14T03:24:11.577066Z  INFO herdr::logging: tab focused event="tab.focus" subsystem="tab" outcome="ok" workspace_id="w9" tab_id="w9:t8"
2026-08-14T03:24:16.579033Z  INFO herdr::logging: session saved event="persist.save" subsystem="persist" outcome="ok" path=/home/james/.config/herdr/session.json workspaces=3
2026-08-14T03:24:21.117915Z  INFO herdr::logging: tab focused event="tab.focus" subsystem="tab" outcome="ok" workspace_id="w9" tab_id="w9:t7"
2026-08-14T03:24:21.723712Z  INFO herdr::logging: tab focused event="tab.focus" subsystem="tab" outcome="ok" workspace_id="w9" tab_id="w9:t8"
2026-08-14T03:24:25.425906Z  INFO herdr::logging: tab focused event="tab.focus" subsystem="tab" outcome="ok" workspace_id="w9" tab_id="w9:t7"
2026-08-14T03:24:26.198862Z  INFO herdr::logging: tab focused event="tab.focus" subsystem="tab" outcome="ok" workspace_id="w9" tab_id="w9:t1"
2026-08-14T03:24:31.201058Z  INFO herdr::logging: session saved event="persist.save" subsystem="persist" outcome="ok" path=/home/james/.config/herdr/session.json workspaces=3
2026-08-14T03:24:47.722016Z  INFO herdr::app::actions: copied selection to clipboard
2026-08-14T03:24:48.522716Z  INFO herdr::logging: tab focused event="tab.focus" subsystem="tab" outcome="ok" workspace_id="w9" tab_id="w9:tA"
2026-08-14T03:24:50.782232Z  INFO herdr::logging: tab focused event="tab.focus" subsystem="tab" outcome="ok" workspace_id="w9" tab_id="w9:tA"
2026-08-14T03:24:53.816418Z  INFO herdr::logging: workspace focused event="workspace.focus" subsystem="workspace" outcome="ok" workspace_id="w9"
2026-08-14T03:24:53.816453Z  INFO herdr::logging: tab focused event="tab.focus" subsystem="tab" outcome="ok" workspace_id="w9" tab_id="w9:tA"
2026-08-14T03:24:53.816472Z  INFO herdr::logging: tab focused event="tab.focus" subsystem="tab" outcome="ok" workspace_id="w9" tab_id="w9:tA"
2026-08-14T03:24:53.817492Z  INFO herdr::logging: pane child exited event="pane.exit" subsystem="pane" outcome="completed" pane_id=36 status="ExitStatus { code: 1, signal: Some(\"Hangup\") }"
2026-08-14T03:24:53.818485Z  INFO herdr::pane: pane session terminated pane=36 pid=250550 signal=Hangup
2026-08-14T03:24:53.818680Z  WARN herdr::app::actions: PaneDied for unknown pane pane=36
2026-08-14T03:24:58.824318Z  INFO herdr::logging: session saved event="persist.save" subsystem="persist" outcome="ok" path=/home/james/.config/herdr/session.json workspaces=3
2026-08-14T03:25:23.653866Z  INFO herdr::logging: tab focused event="tab.focus" subsystem="tab" outcome="ok" workspace_id="w9" tab_id="w9:t8"
2026-08-14T03:25:24.007719Z  INFO herdr::logging: tab focused event="tab.focus" subsystem="tab" outcome="ok" workspace_id="w9" tab_id="w9:t9"
2026-08-14T03:25:25.888655Z  INFO herdr::logging: tab focused event="tab.focus" subsystem="tab" outcome="ok" workspace_id="w9" tab_id="w9:t8"
2026-08-14T03:25:28.080954Z  INFO herdr::logging: tab focused event="tab.focus" subsystem="tab" outcome="ok" workspace_id="w9" tab_id="w9:t7"
2026-08-14T03:25:29.109924Z  INFO herdr::logging: tab focused event="tab.focus" subsystem="tab" outcome="ok" workspace_id="w9" tab_id="w9:t1"
2026-08-14T03:25:34.111924Z  INFO herdr::logging: session saved event="persist.save" subsystem="persist" outcome="ok" path=/home/james/.config/herdr/session.json workspaces=3
2026-08-14T03:25:41.056644Z  INFO herdr::app::actions: copied selection to clipboard
2026-08-14T03:25:42.287271Z  INFO herdr::logging: tab focused event="tab.focus" subsystem="tab" outcome="ok" workspace_id="w9" tab_id="w9:t7"
2026-08-14T03:25:47.290395Z  INFO herdr::logging: session saved event="persist.save" subsystem="persist" outcome="ok" path=/home/james/.config/herdr/session.json workspaces=3
2026-08-14T03:25:48.992730Z  WARN herdr::raw_input: flushing lone escape after input timeout; if this follows an alt chord or focus switch it may reach the pane as plain esc bytes=[27]
2026-08-14T03:26:08.708488Z  INFO herdr::pane: agent changed pane=33 previous_agent=None agent=Some(Codex) process=codex pgid=Some(253037)
2026-08-14T03:26:12.322880Z  INFO herdr::pane: agent changed pane=33 previous_agent=Some(Codex) agent=None pgid=Some(194319)
2026-08-14T03:26:12.483801Z  INFO herdr::logging: tab focused event="tab.focus" subsystem="tab" outcome="ok" workspace_id="w9" tab_id="w9:t1"
2026-08-14T03:26:17.486370Z  INFO herdr::logging: session saved event="persist.save" subsystem="persist" outcome="ok" path=/home/james/.config/herdr/session.json workspaces=3
2026-08-14T03:26:18.054503Z  INFO herdr::pane: agent changed pane=14 previous_agent=Some(Codex) agent=None pgid=Some(20530)
2026-08-14T03:26:24.517154Z  INFO herdr::app::actions: copied double-clicked token to clipboard
2026-08-14T03:26:26.092371Z  INFO herdr::pane: agent changed pane=14 previous_agent=None agent=Some(Codex) process=codex pgid=Some(254630)
2026-08-14T03:27:04.800900Z  INFO herdr::logging: tab focused event="tab.focus" subsystem="tab" outcome="ok" workspace_id="w9" tab_id="w9:t9"
2026-08-14T03:27:07.753798Z  INFO herdr::logging: tab focused event="tab.focus" subsystem="tab" outcome="ok" workspace_id="w9" tab_id="w9:t8"
2026-08-14T03:27:08.605370Z  INFO herdr::logging: tab focused event="tab.focus" subsystem="tab" outcome="ok" workspace_id="w9" tab_id="w9:t9"
2026-08-14T03:27:09.166644Z  INFO herdr::logging: tab focused event="tab.focus" subsystem="tab" outcome="ok" workspace_id="w9" tab_id="w9:t8"
2026-08-14T03:27:09.530860Z  INFO herdr::logging: tab focused event="tab.focus" subsystem="tab" outcome="ok" workspace_id="w9" tab_id="w9:t7"
2026-08-14T03:27:10.018123Z  INFO herdr::logging: tab focused event="tab.focus" subsystem="tab" outcome="ok" workspace_id="w9" tab_id="w9:t1"
2026-08-14T03:27:10.845449Z  INFO herdr::logging: tab focused event="tab.focus" subsystem="tab" outcome="ok" workspace_id="w9" tab_id="w9:t7"
2026-08-14T03:27:11.189863Z  INFO herdr::logging: tab focused event="tab.focus" subsystem="tab" outcome="ok" workspace_id="w9" tab_id="w9:t8"
2026-08-14T03:27:11.706619Z  INFO herdr::logging: tab focused event="tab.focus" subsystem="tab" outcome="ok" workspace_id="w9" tab_id="w9:t9"
2026-08-14T03:27:16.712931Z  INFO herdr::logging: session saved event="persist.save" subsystem="persist" outcome="ok" path=/home/james/.config/herdr/session.json workspaces=3
2026-08-14T03:27:24.665006Z  INFO herdr::logging: tab focused event="tab.focus" subsystem="tab" outcome="ok" workspace_id="w9" tab_id="w9:t1"
2026-08-14T03:27:26.506072Z  INFO herdr::logging: workspace focused event="workspace.focus" subsystem="workspace" outcome="ok" workspace_id="w8"
2026-08-14T03:27:26.506104Z  INFO herdr::logging: tab focused event="tab.focus" subsystem="tab" outcome="ok" workspace_id="w8" tab_id="w8:t1"
2026-08-14T03:27:31.513083Z  INFO herdr::logging: session saved event="persist.save" subsystem="persist" outcome="ok" path=/home/james/.config/herdr/session.json workspaces=3
2026-08-14T03:27:43.205216Z  INFO herdr::logging: workspace focused event="workspace.focus" subsystem="workspace" outcome="ok" workspace_id="wA"
2026-08-14T03:27:43.205249Z  INFO herdr::logging: tab focused event="tab.focus" subsystem="tab" outcome="ok" workspace_id="wA" tab_id="wA:t1"
2026-08-14T03:27:44.541711Z  INFO herdr::app::actions: copied selection to clipboard
2026-08-14T03:27:48.212498Z  INFO herdr::logging: session saved event="persist.save" subsystem="persist" outcome="ok" path=/home/james/.config/herdr/session.json workspaces=3
2026-08-14T03:27:53.824478Z  INFO herdr::pane: agent changed pane=31 previous_agent=Some(Codex) agent=None pgid=Some(187716)
2026-08-14T03:27:56.907390Z  INFO herdr::app::actions: copied selection to clipboard
2026-08-14T03:27:57.844024Z  INFO herdr::pane: agent changed pane=31 previous_agent=None agent=Some(Codex) process=codex pgid=Some(256601)
2026-08-14T03:27:58.525706Z  INFO herdr::logging: session saved event="persist.save" subsystem="persist" outcome="ok" path=/home/james/.config/herdr/session.json workspaces=3
2026-08-14T03:28:13.017329Z  INFO herdr::logging: workspace focused event="workspace.focus" subsystem="workspace" outcome="ok" workspace_id="w8"
2026-08-14T03:28:13.017358Z  INFO herdr::logging: tab focused event="tab.focus" subsystem="tab" outcome="ok" workspace_id="w8" tab_id="w8:t1"
2026-08-14T03:28:18.039367Z  INFO herdr::logging: session saved event="persist.save" subsystem="persist" outcome="ok" path=/home/james/.config/herdr/session.json workspaces=3
2026-08-14T03:28:20.228122Z  INFO herdr::logging: workspace focused event="workspace.focus" subsystem="workspace" outcome="ok" workspace_id="w9"
2026-08-14T03:28:20.228150Z  INFO herdr::logging: tab focused event="tab.focus" subsystem="tab" outcome="ok" workspace_id="w9" tab_id="w9:t1"
2026-08-14T03:28:25.235729Z  INFO herdr::logging: session saved event="persist.save" subsystem="persist" outcome="ok" path=/home/james/.config/herdr/session.json workspaces=3
2026-08-14T03:28:47.362740Z  INFO herdr::logging: tab focused event="tab.focus" subsystem="tab" outcome="ok" workspace_id="w9" tab_id="w9:t9"
2026-08-14T03:28:48.594635Z  INFO herdr::logging: pane child exited event="pane.exit" subsystem="pane" outcome="completed" pane_id=35 status="ExitStatus { code: 0, signal: None }"
2026-08-14T03:28:48.594753Z  INFO herdr::pane: pane session terminated pane=35 pid=234648 signal=Hangup
2026-08-14T03:28:49.318387Z  INFO herdr::logging: pane child exited event="pane.exit" subsystem="pane" outcome="completed" pane_id=34 status="ExitStatus { code: 0, signal: None }"
2026-08-14T03:28:49.318501Z  INFO herdr::pane: pane session terminated pane=34 pid=234401 signal=Hangup
2026-08-14T03:28:50.378344Z  INFO herdr::logging: pane child exited event="pane.exit" subsystem="pane" outcome="completed" pane_id=33 status="ExitStatus { code: 0, signal: None }"
2026-08-14T03:28:50.378454Z  INFO herdr::pane: pane session terminated pane=33 pid=194319 signal=Hangup
2026-08-14T03:28:52.686369Z  INFO herdr::logging: workspace focused event="workspace.focus" subsystem="workspace" outcome="ok" workspace_id="wA"
2026-08-14T03:28:52.686396Z  INFO herdr::logging: tab focused event="tab.focus" subsystem="tab" outcome="ok" workspace_id="wA" tab_id="wA:t1"
2026-08-14T03:28:57.691139Z  INFO herdr::logging: session saved event="persist.save" subsystem="persist" outcome="ok" path=/home/james/.config/herdr/session.json workspaces=3
2026-08-14T03:29:03.482941Z  INFO herdr::logging: workspace focused event="workspace.focus" subsystem="workspace" outcome="ok" workspace_id="w9"
2026-08-14T03:29:03.482967Z  INFO herdr::logging: tab focused event="tab.focus" subsystem="tab" outcome="ok" workspace_id="w9" tab_id="w9:t1"
2026-08-14T03:29:08.487054Z  INFO herdr::logging: session saved event="persist.save" subsystem="persist" outcome="ok" path=/home/james/.config/herdr/session.json workspaces=3
2026-08-14T03:29:36.273355Z  INFO herdr::app::actions: copied selection to clipboard
2026-08-14T03:29:37.345627Z  INFO herdr::logging: workspace focused event="workspace.focus" subsystem="workspace" outcome="ok" workspace_id="w8"
2026-08-14T03:29:37.345652Z  INFO herdr::logging: tab focused event="tab.focus" subsystem="tab" outcome="ok" workspace_id="w8" tab_id="w8:t1"
2026-08-14T03:29:39.934933Z  INFO herdr::logging: workspace focused event="workspace.focus" subsystem="workspace" outcome="ok" workspace_id="wA"
2026-08-14T03:29:39.934959Z  INFO herdr::logging: tab focused event="tab.focus" subsystem="tab" outcome="ok" workspace_id="wA" tab_id="wA:t1"
2026-08-14T03:29:44.943319Z  INFO herdr::logging: session saved event="persist.save" subsystem="persist" outcome="ok" path=/home/james/.config/herdr/session.json workspaces=3
2026-08-14T03:30:20.333447Z  INFO herdr::logging: workspace focused event="workspace.focus" subsystem="workspace" outcome="ok" workspace_id="w9"
2026-08-14T03:30:20.333480Z  INFO herdr::logging: tab focused event="tab.focus" subsystem="tab" outcome="ok" workspace_id="w9" tab_id="w9:t1"
2026-08-14T03:30:20.715660Z  INFO herdr::logging: workspace focused event="workspace.focus" subsystem="workspace" outcome="ok" workspace_id="wA"
2026-08-14T03:30:20.715693Z  INFO herdr::logging: tab focused event="tab.focus" subsystem="tab" outcome="ok" workspace_id="wA" tab_id="wA:t1"
2026-08-14T03:30:21.400369Z  INFO herdr::logging: workspace focused event="workspace.focus" subsystem="workspace" outcome="ok" workspace_id="w9"
2026-08-14T03:30:21.400397Z  INFO herdr::logging: tab focused event="tab.focus" subsystem="tab" outcome="ok" workspace_id="w9" tab_id="w9:t1"
2026-08-14T03:30:26.404729Z  INFO herdr::logging: session saved event="persist.save" subsystem="persist" outcome="ok" path=/home/james/.config/herdr/session.json workspaces=3
2026-08-14T03:30:39.983560Z  INFO herdr::logging: workspace focused event="workspace.focus" subsystem="workspace" outcome="ok" workspace_id="w8"
2026-08-14T03:30:39.983593Z  INFO herdr::logging: tab focused event="tab.focus" subsystem="tab" outcome="ok" workspace_id="w8" tab_id="w8:t1"
2026-08-14T03:30:40.815943Z  INFO herdr::logging: workspace focused event="workspace.focus" subsystem="workspace" outcome="ok" workspace_id="w9"
2026-08-14T03:30:40.815969Z  INFO herdr::logging: tab focused event="tab.focus" subsystem="tab" outcome="ok" workspace_id="w9" tab_id="w9:t1"
2026-08-14T03:30:41.450607Z  INFO herdr::logging: workspace focused event="workspace.focus" subsystem="workspace" outcome="ok" workspace_id="w8"
2026-08-14T03:30:41.450630Z  INFO herdr::logging: tab focused event="tab.focus" subsystem="tab" outcome="ok" workspace_id="w8" tab_id="w8:t1"
2026-08-14T03:30:46.458381Z  INFO herdr::logging: session saved event="persist.save" subsystem="persist" outcome="ok" path=/home/james/.config/herdr/session.json workspaces=3
2026-08-14T03:32:54.005739Z  INFO herdr::logging: workspace focused event="workspace.focus" subsystem="workspace" outcome="ok" workspace_id="w9"
2026-08-14T03:32:54.005771Z  INFO herdr::logging: tab focused event="tab.focus" subsystem="tab" outcome="ok" workspace_id="w9" tab_id="w9:t1"
2026-08-14T03:32:55.123461Z  INFO herdr::logging: workspace focused event="workspace.focus" subsystem="workspace" outcome="ok" workspace_id="wA"
2026-08-14T03:32:55.123490Z  INFO herdr::logging: tab focused event="tab.focus" subsystem="tab" outcome="ok" workspace_id="wA" tab_id="wA:t1"
2026-08-14T03:33:00.127519Z  INFO herdr::logging: session saved event="persist.save" subsystem="persist" outcome="ok" path=/home/james/.config/herdr/session.json workspaces=3
2026-08-14T03:33:19.598006Z  INFO herdr::app::actions: copied selection to clipboard
2026-08-14T03:35:12.317064Z  INFO herdr::logging: workspace focused event="workspace.focus" subsystem="workspace" outcome="ok" workspace_id="w9"
2026-08-14T03:35:12.317094Z  INFO herdr::logging: tab focused event="tab.focus" subsystem="tab" outcome="ok" workspace_id="w9" tab_id="w9:t1"
2026-08-14T03:35:12.641410Z  INFO herdr::logging: workspace focused event="workspace.focus" subsystem="workspace" outcome="ok" workspace_id="wA"
2026-08-14T03:35:12.641433Z  INFO herdr::logging: tab focused event="tab.focus" subsystem="tab" outcome="ok" workspace_id="wA" tab_id="wA:t1"
2026-08-14T03:35:13.773954Z  INFO herdr::logging: workspace focused event="workspace.focus" subsystem="workspace" outcome="ok" workspace_id="w9"
2026-08-14T03:35:13.773982Z  INFO herdr::logging: tab focused event="tab.focus" subsystem="tab" outcome="ok" workspace_id="w9" tab_id="w9:t1"
2026-08-14T03:35:13.990300Z  INFO herdr::logging: workspace focused event="workspace.focus" subsystem="workspace" outcome="ok" workspace_id="wA"
2026-08-14T03:35:13.990322Z  INFO herdr::logging: tab focused event="tab.focus" subsystem="tab" outcome="ok" workspace_id="wA" tab_id="wA:t1"
2026-08-14T03:35:14.630286Z  INFO herdr::logging: workspace focused event="workspace.focus" subsystem="workspace" outcome="ok" workspace_id="w9"
2026-08-14T03:35:14.630312Z  INFO herdr::logging: tab focused event="tab.focus" subsystem="tab" outcome="ok" workspace_id="w9" tab_id="w9:t1"
2026-08-14T03:35:19.634736Z  INFO herdr::logging: session saved event="persist.save" subsystem="persist" outcome="ok" path=/home/james/.config/herdr/session.json workspaces=3
2026-08-14T03:35:28.942561Z  INFO herdr::logging: spawning pane terminal event="pane.spawn.start" subsystem="pane" outcome="started" pane_id=37 rows=79 cols=273 scrollback_limit_bytes=10000000
2026-08-14T03:35:28.944204Z  INFO herdr::logging: pane child spawned event="pane.spawned" subsystem="pane" outcome="ok" pane_id=37 pid=264030
2026-08-14T03:35:28.944369Z  INFO herdr::logging: tab focused event="tab.focus" subsystem="tab" outcome="ok" workspace_id="w9" tab_id="w9:tB"
2026-08-14T03:35:33.947677Z  INFO herdr::logging: session saved event="persist.save" subsystem="persist" outcome="ok" path=/home/james/.config/herdr/session.json workspaces=3
2026-08-14T03:35:49.603929Z  INFO herdr::app::actions: copied double-clicked token to clipboard
2026-08-14T03:36:42.287034Z  INFO herdr::app::actions: copied selection to clipboard
2026-08-14T03:36:48.917513Z  INFO herdr::logging: tab focused event="tab.focus" subsystem="tab" outcome="ok" workspace_id="w9" tab_id="w9:t1"
2026-08-14T03:36:53.921505Z  INFO herdr::logging: session saved event="persist.save" subsystem="persist" outcome="ok" path=/home/james/.config/herdr/session.json workspaces=3
2026-08-14T03:37:00.986155Z  INFO herdr::logging: workspace focused event="workspace.focus" subsystem="workspace" outcome="ok" workspace_id="w8"
2026-08-14T03:37:00.986188Z  INFO herdr::logging: tab focused event="tab.focus" subsystem="tab" outcome="ok" workspace_id="w8" tab_id="w8:t1"
2026-08-14T03:37:05.993729Z  INFO herdr::logging: session saved event="persist.save" subsystem="persist" outcome="ok" path=/home/james/.config/herdr/session.json workspaces=3
2026-08-14T03:37:15.953265Z  INFO herdr::logging: workspace focused event="workspace.focus" subsystem="workspace" outcome="ok" workspace_id="w9"
2026-08-14T03:37:15.953305Z  INFO herdr::logging: tab focused event="tab.focus" subsystem="tab" outcome="ok" workspace_id="w9" tab_id="w9:t1"
2026-08-14T03:37:16.386523Z  INFO herdr::logging: workspace focused event="workspace.focus" subsystem="workspace" outcome="ok" workspace_id="wA"
2026-08-14T03:37:16.386554Z  INFO herdr::logging: tab focused event="tab.focus" subsystem="tab" outcome="ok" workspace_id="wA" tab_id="wA:t1"
2026-08-14T03:37:17.318761Z  INFO herdr::logging: workspace focused event="workspace.focus" subsystem="workspace" outcome="ok" workspace_id="w9"
2026-08-14T03:37:17.318797Z  INFO herdr::logging: tab focused event="tab.focus" subsystem="tab" outcome="ok" workspace_id="w9" tab_id="w9:t1"
2026-08-14T03:37:18.805498Z  INFO herdr::logging: tab focused event="tab.focus" subsystem="tab" outcome="ok" workspace_id="w9" tab_id="w9:tB"
2026-08-14T03:37:19.760745Z  INFO herdr::logging: tab focused event="tab.focus" subsystem="tab" outcome="ok" workspace_id="w9" tab_id="w9:t1"
2026-08-14T03:37:20.444873Z  INFO herdr::logging: workspace focused event="workspace.focus" subsystem="workspace" outcome="ok" workspace_id="wA"
2026-08-14T03:37:20.444912Z  INFO herdr::logging: tab focused event="tab.focus" subsystem="tab" outcome="ok" workspace_id="wA" tab_id="wA:t1"
2026-08-14T03:37:21.282241Z  INFO herdr::logging: tab focused event="tab.focus" subsystem="tab" outcome="ok" workspace_id="wA" tab_id="wA:t2"
2026-08-14T03:37:26.260926Z  INFO herdr::logging: tab focused event="tab.focus" subsystem="tab" outcome="ok" workspace_id="wA" tab_id="wA:t1"
2026-08-14T03:37:27.643894Z  INFO herdr::logging: tab focused event="tab.focus" subsystem="tab" outcome="ok" workspace_id="wA" tab_id="wA:t2"
2026-08-14T03:37:32.647264Z  INFO herdr::logging: session saved event="persist.save" subsystem="persist" outcome="ok" path=/home/james/.config/herdr/session.json workspaces=3
2026-08-14T03:37:44.134289Z  INFO herdr::logging: tab focused event="tab.focus" subsystem="tab" outcome="ok" workspace_id="wA" tab_id="wA:t1"
2026-08-14T03:37:47.906269Z  INFO herdr::logging: workspace focused event="workspace.focus" subsystem="workspace" outcome="ok" workspace_id="w8"
2026-08-14T03:37:47.906301Z  INFO herdr::logging: tab focused event="tab.focus" subsystem="tab" outcome="ok" workspace_id="w8" tab_id="w8:t1"
2026-08-14T03:37:48.240439Z  INFO herdr::logging: workspace focused event="workspace.focus" subsystem="workspace" outcome="ok" workspace_id="w9"
2026-08-14T03:37:48.240462Z  INFO herdr::logging: tab focused event="tab.focus" subsystem="tab" outcome="ok" workspace_id="w9" tab_id="w9:t1"
2026-08-14T03:37:48.919388Z  INFO herdr::logging: workspace focused event="workspace.focus" subsystem="workspace" outcome="ok" workspace_id="w8"
2026-08-14T03:37:48.919414Z  INFO herdr::logging: tab focused event="tab.focus" subsystem="tab" outcome="ok" workspace_id="w8" tab_id="w8:t1"
2026-08-14T03:37:50.387758Z  INFO herdr::logging: checking for updates event="update.check.start" subsystem="update" outcome="started"
2026-08-14T03:37:50.483028Z  WARN herdr::detect::manifest_update: skipping unknown remote manifest agent agent="qwen"
2026-08-14T03:37:53.927343Z  INFO herdr::logging: session saved event="persist.save" subsystem="persist" outcome="ok" path=/home/james/.config/herdr/session.json workspaces=3
2026-08-14T03:38:13.701337Z  INFO herdr::logging: spawning pane terminal event="pane.spawn.start" subsystem="pane" outcome="started" pane_id=38 rows=79 cols=273 scrollback_limit_bytes=10000000
2026-08-14T03:38:13.702829Z  INFO herdr::logging: pane child spawned event="pane.spawned" subsystem="pane" outcome="ok" pane_id=38 pid=269145
2026-08-14T03:38:13.703037Z  INFO herdr::logging: tab focused event="tab.focus" subsystem="tab" outcome="ok" workspace_id="w8" tab_id="w8:tJ"
2026-08-14T03:38:15.660363Z  INFO herdr::logging: tab focused event="tab.focus" subsystem="tab" outcome="ok" workspace_id="w8" tab_id="w8:t1"
2026-08-14T03:38:16.335245Z  INFO herdr::logging: tab focused event="tab.focus" subsystem="tab" outcome="ok" workspace_id="w8" tab_id="w8:tJ"
2026-08-14T03:38:21.342313Z  INFO herdr::logging: session saved event="persist.save" subsystem="persist" outcome="ok" path=/home/james/.config/herdr/session.json workspaces=3
2026-08-14T03:38:55.445677Z  INFO herdr::pane: agent changed pane=38 previous_agent=None agent=Some(Codex) process=codex pgid=Some(271398)
2026-08-14T03:39:16.993882Z  INFO herdr::logging: session saved event="persist.save" subsystem="persist" outcome="ok" path=/home/james/.config/herdr/session.json workspaces=3
2026-08-14T03:39:17.115324Z  INFO herdr::logging: spawning pane terminal event="pane.spawn.start" subsystem="pane" outcome="started" pane_id=39 rows=79 cols=273 scrollback_limit_bytes=10000000
2026-08-14T03:39:17.117084Z  INFO herdr::logging: pane child spawned event="pane.spawned" subsystem="pane" outcome="ok" pane_id=39 pid=273041
2026-08-14T03:39:17.117271Z  INFO herdr::logging: tab focused event="tab.focus" subsystem="tab" outcome="ok" workspace_id="w8" tab_id="w8:tK"
2026-08-14T03:39:19.774402Z  INFO herdr::logging: pane child exited event="pane.exit" subsystem="pane" outcome="completed" pane_id=39 status="ExitStatus { code: 0, signal: None }"
2026-08-14T03:39:19.774538Z  INFO herdr::pane: pane session terminated pane=39 pid=273041 signal=Hangup
2026-08-14T03:39:24.781286Z  INFO herdr::logging: session saved event="persist.save" subsystem="persist" outcome="ok" path=/home/james/.config/herdr/session.json workspaces=3
2026-08-14T03:39:32.946305Z  INFO herdr::logging: tab focused event="tab.focus" subsystem="tab" outcome="ok" workspace_id="w8" tab_id="w8:t1"
2026-08-14T03:39:37.958770Z  INFO herdr::logging: session saved event="persist.save" subsystem="persist" outcome="ok" path=/home/james/.config/herdr/session.json workspaces=3
2026-08-14T03:39:46.755634Z  INFO herdr::logging: tab focused event="tab.focus" subsystem="tab" outcome="ok" workspace_id="w8" tab_id="w8:tJ"
2026-08-14T03:39:48.429379Z  INFO herdr::logging: tab focused event="tab.focus" subsystem="tab" outcome="ok" workspace_id="w8" tab_id="w8:t1"
2026-08-14T03:39:49.006287Z  INFO herdr::logging: tab focused event="tab.focus" subsystem="tab" outcome="ok" workspace_id="w8" tab_id="w8:tJ"
2026-08-14T03:39:54.016396Z  INFO herdr::logging: session saved event="persist.save" subsystem="persist" outcome="ok" path=/home/james/.config/herdr/session.json workspaces=3
2026-08-14T03:40:05.180314Z  INFO herdr::logging: tab focused event="tab.focus" subsystem="tab" outcome="ok" workspace_id="w8" tab_id="w8:t1"
2026-08-14T03:40:10.191023Z  INFO herdr::logging: session saved event="persist.save" subsystem="persist" outcome="ok" path=/home/james/.config/herdr/session.json workspaces=3
2026-08-14T03:40:13.264619Z  INFO herdr::logging: tab focused event="tab.focus" subsystem="tab" outcome="ok" workspace_id="w8" tab_id="w8:tJ"
2026-08-14T03:40:18.275320Z  INFO herdr::logging: session saved event="persist.save" subsystem="persist" outcome="ok" path=/home/james/.config/herdr/session.json workspaces=3
2026-08-14T03:40:22.074303Z  INFO herdr::logging: workspace focused event="workspace.focus" subsystem="workspace" outcome="ok" workspace_id="wA"
2026-08-14T03:40:22.074331Z  INFO herdr::logging: tab focused event="tab.focus" subsystem="tab" outcome="ok" workspace_id="wA" tab_id="wA:t1"
2026-08-14T03:40:27.082487Z  INFO herdr::logging: session saved event="persist.save" subsystem="persist" outcome="ok" path=/home/james/.config/herdr/session.json workspaces=3
2026-08-14T03:40:36.872743Z  INFO herdr::logging: workspace focused event="workspace.focus" subsystem="workspace" outcome="ok" workspace_id="w8"
2026-08-14T03:40:36.872776Z  INFO herdr::logging: tab focused event="tab.focus" subsystem="tab" outcome="ok" workspace_id="w8" tab_id="w8:tJ"
2026-08-14T03:40:37.394459Z  INFO herdr::logging: workspace focused event="workspace.focus" subsystem="workspace" outcome="ok" workspace_id="wA"
2026-08-14T03:40:37.394500Z  INFO herdr::logging: tab focused event="tab.focus" subsystem="tab" outcome="ok" workspace_id="wA" tab_id="wA:t1"
2026-08-14T03:40:39.589971Z  INFO herdr::logging: workspace focused event="workspace.focus" subsystem="workspace" outcome="ok" workspace_id="w9"
2026-08-14T03:40:39.590003Z  INFO herdr::logging: tab focused event="tab.focus" subsystem="tab" outcome="ok" workspace_id="w9" tab_id="w9:t1"
2026-08-14T03:40:40.092128Z  INFO herdr::logging: workspace focused event="workspace.focus" subsystem="workspace" outcome="ok" workspace_id="wA"
2026-08-14T03:40:40.092154Z  INFO herdr::logging: tab focused event="tab.focus" subsystem="tab" outcome="ok" workspace_id="wA" tab_id="wA:t1"
2026-08-14T03:40:40.744462Z  INFO herdr::logging: workspace focused event="workspace.focus" subsystem="workspace" outcome="ok" workspace_id="w8"
2026-08-14T03:40:40.744490Z  INFO herdr::logging: tab focused event="tab.focus" subsystem="tab" outcome="ok" workspace_id="w8" tab_id="w8:t1"
2026-08-14T03:40:41.054211Z  INFO herdr::logging: workspace focused event="workspace.focus" subsystem="workspace" outcome="ok" workspace_id="w9"
2026-08-14T03:40:41.054235Z  INFO herdr::logging: tab focused event="tab.focus" subsystem="tab" outcome="ok" workspace_id="w9" tab_id="w9:t1"
2026-08-14T03:40:46.062413Z  INFO herdr::logging: session saved event="persist.save" subsystem="persist" outcome="ok" path=/home/james/.config/herdr/session.json workspaces=3
2026-08-14T03:41:04.305655Z  INFO herdr::logging: workspace focused event="workspace.focus" subsystem="workspace" outcome="ok" workspace_id="w8"
2026-08-14T03:41:04.305685Z  INFO herdr::logging: tab focused event="tab.focus" subsystem="tab" outcome="ok" workspace_id="w8" tab_id="w8:tJ"
2026-08-14T03:41:09.309946Z  INFO herdr::logging: session saved event="persist.save" subsystem="persist" outcome="ok" path=/home/james/.config/herdr/session.json workspaces=3
2026-08-14T03:41:26.149997Z  WARN herdr::raw_input: flushing lone escape after input timeout; if this follows an alt chord or focus switch it may reach the pane as plain esc bytes=[27]
2026-08-14T03:42:11.714422Z  INFO herdr::logging: workspace focused event="workspace.focus" subsystem="workspace" outcome="ok" workspace_id="wA"
2026-08-14T03:42:11.714455Z  INFO herdr::logging: tab focused event="tab.focus" subsystem="tab" outcome="ok" workspace_id="wA" tab_id="wA:t1"
2026-08-14T03:42:15.840397Z  INFO herdr::logging: workspace focused event="workspace.focus" subsystem="workspace" outcome="ok" workspace_id="w9"
2026-08-14T03:42:15.840440Z  INFO herdr::logging: tab focused event="tab.focus" subsystem="tab" outcome="ok" workspace_id="w9" tab_id="w9:t1"
2026-08-14T03:42:16.278514Z  INFO herdr::logging: workspace focused event="workspace.focus" subsystem="workspace" outcome="ok" workspace_id="w8"
2026-08-14T03:42:16.278542Z  INFO herdr::logging: tab focused event="tab.focus" subsystem="tab" outcome="ok" workspace_id="w8" tab_id="w8:t1"
2026-08-14T03:42:16.874275Z  INFO herdr::logging: workspace focused event="workspace.focus" subsystem="workspace" outcome="ok" workspace_id="w9"
2026-08-14T03:42:16.874303Z  INFO herdr::logging: tab focused event="tab.focus" subsystem="tab" outcome="ok" workspace_id="w9" tab_id="w9:t1"
2026-08-14T03:42:17.461540Z  INFO herdr::logging: workspace focused event="workspace.focus" subsystem="workspace" outcome="ok" workspace_id="w8"
2026-08-14T03:42:17.461569Z  INFO herdr::logging: tab focused event="tab.focus" subsystem="tab" outcome="ok" workspace_id="w8" tab_id="w8:t1"
2026-08-14T03:42:22.479410Z  INFO herdr::logging: session saved event="persist.save" subsystem="persist" outcome="ok" path=/home/james/.config/herdr/session.json workspaces=3
2026-08-14T03:42:24.515518Z  INFO herdr::logging: workspace focused event="workspace.focus" subsystem="workspace" outcome="ok" workspace_id="w9"
2026-08-14T03:42:24.515547Z  INFO herdr::logging: tab focused event="tab.focus" subsystem="tab" outcome="ok" workspace_id="w9" tab_id="w9:t1"
2026-08-14T03:42:27.965459Z  INFO herdr::logging: workspace focused event="workspace.focus" subsystem="workspace" outcome="ok" workspace_id="wA"
2026-08-14T03:42:27.965495Z  INFO herdr::logging: tab focused event="tab.focus" subsystem="tab" outcome="ok" workspace_id="wA" tab_id="wA:t1"
2026-08-14T03:42:32.970818Z  INFO herdr::logging: session saved event="persist.save" subsystem="persist" outcome="ok" path=/home/james/.config/herdr/session.json workspaces=3
2026-08-14T03:42:34.759580Z  INFO herdr::logging: workspace focused event="workspace.focus" subsystem="workspace" outcome="ok" workspace_id="w8"
2026-08-14T03:42:34.759610Z  INFO herdr::logging: tab focused event="tab.focus" subsystem="tab" outcome="ok" workspace_id="w8" tab_id="w8:tJ"
2026-08-14T03:42:39.763906Z  INFO herdr::logging: session saved event="persist.save" subsystem="persist" outcome="ok" path=/home/james/.config/herdr/session.json workspaces=3
2026-08-14T03:43:19.785455Z  INFO herdr::logging: tab focused event="tab.focus" subsystem="tab" outcome="ok" workspace_id="w8" tab_id="w8:t1"
2026-08-14T03:43:20.912344Z  INFO herdr::logging: spawning pane terminal event="pane.spawn.start" subsystem="pane" outcome="started" pane_id=40 rows=79 cols=273 scrollback_limit_bytes=10000000
2026-08-14T03:43:20.914131Z  INFO herdr::logging: pane child spawned event="pane.spawned" subsystem="pane" outcome="ok" pane_id=40 pid=280590
2026-08-14T03:43:20.914333Z  INFO herdr::logging: tab focused event="tab.focus" subsystem="tab" outcome="ok" workspace_id="w8" tab_id="w8:tM"
2026-08-14T03:43:25.924000Z  INFO herdr::logging: session saved event="persist.save" subsystem="persist" outcome="ok" path=/home/james/.config/herdr/session.json workspaces=3
2026-08-14T03:43:44.594039Z  INFO herdr::logging: pane child exited event="pane.exit" subsystem="pane" outcome="completed" pane_id=40 status="ExitStatus { code: 0, signal: None }"
2026-08-14T03:43:44.594158Z  INFO herdr::pane: pane session terminated pane=40 pid=280590 signal=Hangup
2026-08-14T03:43:45.631594Z  INFO herdr::logging: tab focused event="tab.focus" subsystem="tab" outcome="ok" workspace_id="w8" tab_id="w8:t1"
2026-08-14T03:43:46.853389Z  INFO herdr::logging: tab focused event="tab.focus" subsystem="tab" outcome="ok" workspace_id="w8" tab_id="w8:tJ"
2026-08-14T03:43:49.507065Z  INFO herdr::pane: agent changed pane=38 previous_agent=Some(Codex) agent=None pgid=Some(269145)
2026-08-14T03:43:49.980264Z  INFO herdr::logging: pane child exited event="pane.exit" subsystem="pane" outcome="completed" pane_id=38 status="ExitStatus { code: 0, signal: None }"
2026-08-14T03:43:49.980399Z  INFO herdr::pane: pane session terminated pane=38 pid=269145 signal=Hangup
2026-08-14T03:43:54.987192Z  INFO herdr::logging: session saved event="persist.save" subsystem="persist" outcome="ok" path=/home/james/.config/herdr/session.json workspaces=3
2026-08-14T03:46:54.687817Z  INFO herdr::logging: spawning pane terminal event="pane.spawn.start" subsystem="pane" outcome="started" pane_id=41 rows=79 cols=273 scrollback_limit_bytes=10000000
2026-08-14T03:46:54.690000Z  INFO herdr::logging: pane child spawned event="pane.spawned" subsystem="pane" outcome="ok" pane_id=41 pid=285108
2026-08-14T03:46:54.690303Z  INFO herdr::logging: tab focused event="tab.focus" subsystem="tab" outcome="ok" workspace_id="w8" tab_id="w8:tN"
2026-08-14T03:46:59.703489Z  INFO herdr::logging: session saved event="persist.save" subsystem="persist" outcome="ok" path=/home/james/.config/herdr/session.json workspaces=3
2026-08-14T03:47:21.465546Z  INFO herdr::logging: workspace focused event="workspace.focus" subsystem="workspace" outcome="ok" workspace_id="w9"
2026-08-14T03:47:21.465580Z  INFO herdr::logging: tab focused event="tab.focus" subsystem="tab" outcome="ok" workspace_id="w9" tab_id="w9:t1"
2026-08-14T03:47:24.163387Z  INFO herdr::logging: workspace focused event="workspace.focus" subsystem="workspace" outcome="ok" workspace_id="wA"
2026-08-14T03:47:24.163420Z  INFO herdr::logging: tab focused event="tab.focus" subsystem="tab" outcome="ok" workspace_id="wA" tab_id="wA:t1"
2026-08-14T03:47:27.955440Z  INFO herdr::logging: tab focused event="tab.focus" subsystem="tab" outcome="ok" workspace_id="wA" tab_id="wA:t2"
2026-08-14T03:47:32.960096Z  INFO herdr::logging: session saved event="persist.save" subsystem="persist" outcome="ok" path=/home/james/.config/herdr/session.json workspaces=3
2026-08-14T03:47:39.103786Z  INFO herdr::logging: tab focused event="tab.focus" subsystem="tab" outcome="ok" workspace_id="wA" tab_id="wA:t1"
2026-08-14T03:47:44.109013Z  INFO herdr::logging: session saved event="persist.save" subsystem="persist" outcome="ok" path=/home/james/.config/herdr/session.json workspaces=3
2026-08-14T03:47:53.551203Z  INFO herdr::logging: tab focused event="tab.focus" subsystem="tab" outcome="ok" workspace_id="wA" tab_id="wA:t2"
2026-08-14T03:47:58.556673Z  INFO herdr::logging: session saved event="persist.save" subsystem="persist" outcome="ok" path=/home/james/.config/herdr/session.json workspaces=3
2026-08-14T03:48:04.279330Z  INFO herdr::logging: tab focused event="tab.focus" subsystem="tab" outcome="ok" workspace_id="wA" tab_id="wA:t1"
2026-08-14T03:48:09.287589Z  INFO herdr::logging: session saved event="persist.save" subsystem="persist" outcome="ok" path=/home/james/.config/herdr/session.json workspaces=3
2026-08-14T03:48:19.788714Z  INFO herdr::logging: workspace focused event="workspace.focus" subsystem="workspace" outcome="ok" workspace_id="w9"
2026-08-14T03:48:19.788746Z  INFO herdr::logging: tab focused event="tab.focus" subsystem="tab" outcome="ok" workspace_id="w9" tab_id="w9:t1"
2026-08-14T03:48:24.795045Z  INFO herdr::logging: session saved event="persist.save" subsystem="persist" outcome="ok" path=/home/james/.config/herdr/session.json workspaces=3
2026-08-14T03:48:36.097548Z  INFO herdr::logging: workspace focused event="workspace.focus" subsystem="workspace" outcome="ok" workspace_id="w8"
2026-08-14T03:48:36.097579Z  INFO herdr::logging: tab focused event="tab.focus" subsystem="tab" outcome="ok" workspace_id="w8" tab_id="w8:t1"
2026-08-14T03:48:40.597301Z  INFO herdr::logging: tab focused event="tab.focus" subsystem="tab" outcome="ok" workspace_id="w8" tab_id="w8:tN"
2026-08-14T03:48:45.605177Z  INFO herdr::logging: session saved event="persist.save" subsystem="persist" outcome="ok" path=/home/james/.config/herdr/session.json workspaces=3
2026-08-14T03:48:46.988700Z  INFO herdr::logging: spawning pane terminal event="pane.spawn.start" subsystem="pane" outcome="started" pane_id=42 rows=79 cols=273 scrollback_limit_bytes=10000000
2026-08-14T03:48:46.990283Z  INFO herdr::logging: pane child spawned event="pane.spawned" subsystem="pane" outcome="ok" pane_id=42 pid=292775
2026-08-14T03:48:46.990476Z  INFO herdr::logging: tab focused event="tab.focus" subsystem="tab" outcome="ok" workspace_id="w8" tab_id="w8:tP"
2026-08-14T03:48:51.992750Z  INFO herdr::logging: session saved event="persist.save" subsystem="persist" outcome="ok" path=/home/james/.config/herdr/session.json workspaces=3
2026-08-14T03:49:03.669376Z  INFO herdr::logging: pane child exited event="pane.exit" subsystem="pane" outcome="completed" pane_id=42 status="ExitStatus { code: 0, signal: None }"
2026-08-14T03:49:03.669494Z  INFO herdr::pane: pane session terminated pane=42 pid=292775 signal=Hangup
2026-08-14T03:49:06.367738Z  INFO herdr::logging: tab focused event="tab.focus" subsystem="tab" outcome="ok" workspace_id="w8" tab_id="w8:t1"
2026-08-14T03:49:11.375184Z  INFO herdr::logging: session saved event="persist.save" subsystem="persist" outcome="ok" path=/home/james/.config/herdr/session.json workspaces=3
2026-08-14T03:49:29.929738Z  INFO herdr::logging: workspace focused event="workspace.focus" subsystem="workspace" outcome="ok" workspace_id="wA"
2026-08-14T03:49:29.929769Z  INFO herdr::logging: tab focused event="tab.focus" subsystem="tab" outcome="ok" workspace_id="wA" tab_id="wA:t1"
2026-08-14T03:49:34.938711Z  INFO herdr::logging: session saved event="persist.save" subsystem="persist" outcome="ok" path=/home/james/.config/herdr/session.json workspaces=3
2026-08-14T03:49:52.402174Z  INFO herdr::logging: workspace focused event="workspace.focus" subsystem="workspace" outcome="ok" workspace_id="w9"
2026-08-14T03:49:52.402203Z  INFO herdr::logging: tab focused event="tab.focus" subsystem="tab" outcome="ok" workspace_id="w9" tab_id="w9:t1"
2026-08-14T03:49:53.724191Z  INFO herdr::logging: workspace focused event="workspace.focus" subsystem="workspace" outcome="ok" workspace_id="w8"
2026-08-14T03:49:53.724224Z  INFO herdr::logging: tab focused event="tab.focus" subsystem="tab" outcome="ok" workspace_id="w8" tab_id="w8:t1"
2026-08-14T03:49:58.732446Z  INFO herdr::logging: session saved event="persist.save" subsystem="persist" outcome="ok" path=/home/james/.config/herdr/session.json workspaces=3
2026-08-14T03:50:13.365230Z  WARN herdr::raw_input: flushing lone escape after input timeout; if this follows an alt chord or focus switch it may reach the pane as plain esc bytes=[27]
2026-08-14T03:50:48.672913Z  INFO herdr::logging: workspace focused event="workspace.focus" subsystem="workspace" outcome="ok" workspace_id="wA"
2026-08-14T03:50:48.672941Z  INFO herdr::logging: tab focused event="tab.focus" subsystem="tab" outcome="ok" workspace_id="wA" tab_id="wA:t1"
2026-08-14T03:50:53.683243Z  INFO herdr::logging: session saved event="persist.save" subsystem="persist" outcome="ok" path=/home/james/.config/herdr/session.json workspaces=3
2026-08-14T03:51:19.403838Z  INFO herdr::logging: workspace focused event="workspace.focus" subsystem="workspace" outcome="ok" workspace_id="w8"
2026-08-14T03:51:19.403871Z  INFO herdr::logging: tab focused event="tab.focus" subsystem="tab" outcome="ok" workspace_id="w8" tab_id="w8:t1"
2026-08-14T03:51:24.416876Z  INFO herdr::logging: session saved event="persist.save" subsystem="persist" outcome="ok" path=/home/james/.config/herdr/session.json workspaces=3
2026-08-14T03:52:10.432648Z  INFO herdr::app::actions: copied selection to clipboard
2026-08-14T03:52:24.794443Z  INFO herdr::logging: workspace focused event="workspace.focus" subsystem="workspace" outcome="ok" workspace_id="wA"
2026-08-14T03:52:24.794473Z  INFO herdr::logging: tab focused event="tab.focus" subsystem="tab" outcome="ok" workspace_id="wA" tab_id="wA:t1"
2026-08-14T03:52:29.804157Z  INFO herdr::logging: session saved event="persist.save" subsystem="persist" outcome="ok" path=/home/james/.config/herdr/session.json workspaces=3
2026-08-14T03:52:42.947070Z  INFO herdr::logging: tab focused event="tab.focus" subsystem="tab" outcome="ok" workspace_id="wA" tab_id="wA:t2"
2026-08-14T03:52:45.138337Z  INFO herdr::logging: tab focused event="tab.focus" subsystem="tab" outcome="ok" workspace_id="wA" tab_id="wA:t1"
2026-08-14T03:52:50.145194Z  INFO herdr::logging: session saved event="persist.save" subsystem="persist" outcome="ok" path=/home/james/.config/herdr/session.json workspaces=3
2026-08-14T03:52:51.416713Z  INFO herdr::logging: tab focused event="tab.focus" subsystem="tab" outcome="ok" workspace_id="wA" tab_id="wA:t2"
2026-08-14T03:52:54.044279Z  WARN herdr::raw_input: flushing lone escape after input timeout; if this follows an alt chord or focus switch it may reach the pane as plain esc bytes=[27]
2026-08-14T03:52:54.955139Z  WARN herdr::raw_input: flushing lone escape after input timeout; if this follows an alt chord or focus switch it may reach the pane as plain esc bytes=[27]
2026-08-14T03:52:56.422828Z  INFO herdr::logging: session saved event="persist.save" subsystem="persist" outcome="ok" path=/home/james/.config/herdr/session.json workspaces=3
2026-08-14T03:52:59.316270Z  INFO herdr::logging: tab focused event="tab.focus" subsystem="tab" outcome="ok" workspace_id="wA" tab_id="wA:t1"
2026-08-14T03:53:04.323201Z  INFO herdr::logging: session saved event="persist.save" subsystem="persist" outcome="ok" path=/home/james/.config/herdr/session.json workspaces=3
2026-08-14T03:53:15.361426Z  INFO herdr::logging: tab focused event="tab.focus" subsystem="tab" outcome="ok" workspace_id="wA" tab_id="wA:t2"
2026-08-14T03:53:20.370554Z  INFO herdr::logging: session saved event="persist.save" subsystem="persist" outcome="ok" path=/home/james/.config/herdr/session.json workspaces=3
2026-08-14T03:53:36.844994Z  INFO herdr::logging: workspace focused event="workspace.focus" subsystem="workspace" outcome="ok" workspace_id="w9"
2026-08-14T03:53:36.845026Z  INFO herdr::logging: tab focused event="tab.focus" subsystem="tab" outcome="ok" workspace_id="w9" tab_id="w9:t1"
2026-08-14T03:53:41.850455Z  INFO herdr::logging: session saved event="persist.save" subsystem="persist" outcome="ok" path=/home/james/.config/herdr/session.json workspaces=3
2026-08-14T03:56:09.946342Z  INFO herdr::server::headless: client resize client_id=6 cols=299 rows=81 cell_width_px=0 cell_height_px=0
2026-08-14T03:56:15.206243Z  INFO herdr::logging: workspace focused event="workspace.focus" subsystem="workspace" outcome="ok" workspace_id="wA"
2026-08-14T03:56:15.206274Z  INFO herdr::logging: tab focused event="tab.focus" subsystem="tab" outcome="ok" workspace_id="wA" tab_id="wA:t1"
2026-08-14T03:56:16.831397Z  INFO herdr::logging: workspace focused event="workspace.focus" subsystem="workspace" outcome="ok" workspace_id="w9"
2026-08-14T03:56:16.831428Z  INFO herdr::logging: tab focused event="tab.focus" subsystem="tab" outcome="ok" workspace_id="w9" tab_id="w9:t1"
2026-08-14T03:56:17.397099Z  INFO herdr::logging: workspace focused event="workspace.focus" subsystem="workspace" outcome="ok" workspace_id="wA"
2026-08-14T03:56:17.397124Z  INFO herdr::logging: tab focused event="tab.focus" subsystem="tab" outcome="ok" workspace_id="wA" tab_id="wA:t1"
2026-08-14T03:56:17.682778Z  INFO herdr::logging: workspace focused event="workspace.focus" subsystem="workspace" outcome="ok" workspace_id="w8"
2026-08-14T03:56:17.682811Z  INFO herdr::logging: tab focused event="tab.focus" subsystem="tab" outcome="ok" workspace_id="w8" tab_id="w8:t1"
2026-08-14T03:56:18.012586Z  INFO herdr::logging: workspace focused event="workspace.focus" subsystem="workspace" outcome="ok" workspace_id="wA"
2026-08-14T03:56:18.012611Z  INFO herdr::logging: tab focused event="tab.focus" subsystem="tab" outcome="ok" workspace_id="wA" tab_id="wA:t1"
2026-08-14T03:56:18.401351Z  INFO herdr::logging: workspace focused event="workspace.focus" subsystem="workspace" outcome="ok" workspace_id="w9"
2026-08-14T03:56:18.401375Z  INFO herdr::logging: tab focused event="tab.focus" subsystem="tab" outcome="ok" workspace_id="w9" tab_id="w9:t1"
2026-08-14T03:56:18.952729Z  INFO herdr::logging: workspace focused event="workspace.focus" subsystem="workspace" outcome="ok" workspace_id="wA"
2026-08-14T03:56:18.952756Z  INFO herdr::logging: tab focused event="tab.focus" subsystem="tab" outcome="ok" workspace_id="wA" tab_id="wA:t1"
2026-08-14T03:56:19.430360Z  INFO herdr::logging: workspace focused event="workspace.focus" subsystem="workspace" outcome="ok" workspace_id="w8"
2026-08-14T03:56:19.430385Z  INFO herdr::logging: tab focused event="tab.focus" subsystem="tab" outcome="ok" workspace_id="w8" tab_id="w8:t1"
2026-08-14T03:56:24.439697Z  INFO herdr::logging: session saved event="persist.save" subsystem="persist" outcome="ok" path=/home/james/.config/herdr/session.json workspaces=3
2026-08-14T03:56:25.672819Z  INFO herdr::logging: tab focused event="tab.focus" subsystem="tab" outcome="ok" workspace_id="w8" tab_id="w8:tN"
2026-08-14T03:56:27.073476Z  INFO herdr::logging: spawning pane terminal event="pane.spawn.start" subsystem="pane" outcome="started" pane_id=43 rows=80 cols=273 scrollback_limit_bytes=10000000
2026-08-14T03:56:27.075144Z  INFO herdr::logging: pane child spawned event="pane.spawned" subsystem="pane" outcome="ok" pane_id=43 pid=317741
2026-08-14T03:56:27.075342Z  INFO herdr::logging: tab focused event="tab.focus" subsystem="tab" outcome="ok" workspace_id="w8" tab_id="w8:tQ"
2026-08-14T03:56:27.614818Z  INFO herdr::logging: tab focused event="tab.focus" subsystem="tab" outcome="ok" workspace_id="w8" tab_id="w8:tN"
2026-08-14T03:56:28.570179Z  INFO herdr::logging: tab focused event="tab.focus" subsystem="tab" outcome="ok" workspace_id="w8" tab_id="w8:tQ"
2026-08-14T03:56:30.416190Z  INFO herdr::logging: tab focused event="tab.focus" subsystem="tab" outcome="ok" workspace_id="w8" tab_id="w8:t1"
2026-08-14T03:56:33.187792Z  INFO herdr::logging: tab focused event="tab.focus" subsystem="tab" outcome="ok" workspace_id="w8" tab_id="w8:tQ"
2026-08-14T03:56:34.128341Z  INFO herdr::logging: tab focused event="tab.focus" subsystem="tab" outcome="ok" workspace_id="w8" tab_id="w8:tN"
2026-08-14T03:56:37.480713Z  INFO herdr::logging: tab focused event="tab.focus" subsystem="tab" outcome="ok" workspace_id="w8" tab_id="w8:t1"
2026-08-14T03:56:42.488034Z  INFO herdr::logging: session saved event="persist.save" subsystem="persist" outcome="ok" path=/home/james/.config/herdr/session.json workspaces=3
2026-08-14T03:58:21.577369Z  INFO herdr::logging: workspace focused event="workspace.focus" subsystem="workspace" outcome="ok" workspace_id="w9"
2026-08-14T03:58:21.577403Z  INFO herdr::logging: tab focused event="tab.focus" subsystem="tab" outcome="ok" workspace_id="w9" tab_id="w9:t1"
2026-08-14T03:58:25.761939Z  INFO herdr::logging: tab focused event="tab.focus" subsystem="tab" outcome="ok" workspace_id="w9" tab_id="w9:tB"
2026-08-14T03:58:30.765302Z  INFO herdr::logging: session saved event="persist.save" subsystem="persist" outcome="ok" path=/home/james/.config/herdr/session.json workspaces=3
2026-08-14T03:59:56.775162Z  INFO herdr::logging: spawning pane terminal event="pane.spawn.start" subsystem="pane" outcome="started" pane_id=44 rows=80 cols=273 scrollback_limit_bytes=10000000
2026-08-14T03:59:56.777569Z  INFO herdr::logging: pane child spawned event="pane.spawned" subsystem="pane" outcome="ok" pane_id=44 pid=324696
2026-08-14T03:59:56.777835Z  INFO herdr::logging: tab focused event="tab.focus" subsystem="tab" outcome="ok" workspace_id="w9" tab_id="w9:tC"
2026-08-14T04:00:01.787257Z  INFO herdr::logging: session saved event="persist.save" subsystem="persist" outcome="ok" path=/home/james/.config/herdr/session.json workspaces=3
2026-08-14T04:00:24.808133Z  INFO herdr::app::actions: copied selection to clipboard
2026-08-14T04:00:34.446262Z  INFO herdr::app::actions: copied selection to clipboard
2026-08-14T04:00:36.218747Z  INFO herdr::logging: spawning pane terminal event="pane.spawn.start" subsystem="pane" outcome="started" pane_id=45 rows=80 cols=273 scrollback_limit_bytes=10000000
2026-08-14T04:00:36.220536Z  INFO herdr::logging: pane child spawned event="pane.spawned" subsystem="pane" outcome="ok" pane_id=45 pid=326505
2026-08-14T04:00:36.220737Z  INFO herdr::logging: tab focused event="tab.focus" subsystem="tab" outcome="ok" workspace_id="w9" tab_id="w9:tD"
2026-08-14T04:00:37.483766Z  INFO herdr::logging: tab focused event="tab.focus" subsystem="tab" outcome="ok" workspace_id="w9" tab_id="w9:tC"
2026-08-14T04:00:42.485757Z  INFO herdr::logging: session saved event="persist.save" subsystem="persist" outcome="ok" path=/home/james/.config/herdr/session.json workspaces=3
2026-08-14T04:00:56.216751Z  INFO herdr::logging: tab focused event="tab.focus" subsystem="tab" outcome="ok" workspace_id="w9" tab_id="w9:tD"
2026-08-14T04:01:01.218979Z  INFO herdr::logging: session saved event="persist.save" subsystem="persist" outcome="ok" path=/home/james/.config/herdr/session.json workspaces=3
2026-08-14T04:01:05.559488Z  INFO herdr::logging: pane child exited event="pane.exit" subsystem="pane" outcome="completed" pane_id=45 status="ExitStatus { code: 0, signal: None }"
2026-08-14T04:01:05.559639Z  INFO herdr::pane: pane session terminated pane=45 pid=326505 signal=Hangup
2026-08-14T04:01:10.563198Z  INFO herdr::logging: session saved event="persist.save" subsystem="persist" outcome="ok" path=/home/james/.config/herdr/session.json workspaces=3
2026-08-14T04:01:13.389856Z  INFO herdr::logging: tab focused event="tab.focus" subsystem="tab" outcome="ok" workspace_id="w9" tab_id="w9:tB"
2026-08-14T04:01:14.620412Z  INFO herdr::logging: tab focused event="tab.focus" subsystem="tab" outcome="ok" workspace_id="w9" tab_id="w9:tC"
2026-08-14T04:01:16.501776Z  INFO herdr::logging: tab focused event="tab.focus" subsystem="tab" outcome="ok" workspace_id="w9" tab_id="w9:tB"
2026-08-14T04:01:18.032876Z  INFO herdr::logging: tab focused event="tab.focus" subsystem="tab" outcome="ok" workspace_id="w9" tab_id="w9:tC"
2026-08-14T04:01:18.851553Z  INFO herdr::logging: tab focused event="tab.focus" subsystem="tab" outcome="ok" workspace_id="w9" tab_id="w9:tB"
2026-08-14T04:01:23.860583Z  INFO herdr::logging: session saved event="persist.save" subsystem="persist" outcome="ok" path=/home/james/.config/herdr/session.json workspaces=3
2026-08-14T04:01:44.298656Z  INFO herdr::logging: tab focused event="tab.focus" subsystem="tab" outcome="ok" workspace_id="w9" tab_id="w9:tC"
2026-08-14T04:01:48.814271Z  INFO herdr::logging: tab focused event="tab.focus" subsystem="tab" outcome="ok" workspace_id="w9" tab_id="w9:tB"
2026-08-14T04:01:49.276997Z  INFO herdr::logging: tab focused event="tab.focus" subsystem="tab" outcome="ok" workspace_id="w9" tab_id="w9:tC"
2026-08-14T04:01:49.930478Z  INFO herdr::logging: tab focused event="tab.focus" subsystem="tab" outcome="ok" workspace_id="w9" tab_id="w9:tB"
2026-08-14T04:01:50.536098Z  INFO herdr::logging: tab focused event="tab.focus" subsystem="tab" outcome="ok" workspace_id="w9" tab_id="w9:t1"
2026-08-14T04:01:55.541987Z  INFO herdr::logging: session saved event="persist.save" subsystem="persist" outcome="ok" path=/home/james/.config/herdr/session.json workspaces=3
2026-08-14T04:02:04.413056Z  INFO herdr::logging: workspace focused event="workspace.focus" subsystem="workspace" outcome="ok" workspace_id="w8"
2026-08-14T04:02:04.413093Z  INFO herdr::logging: tab focused event="tab.focus" subsystem="tab" outcome="ok" workspace_id="w8" tab_id="w8:t1"
2026-08-14T04:02:09.423581Z  INFO herdr::logging: session saved event="persist.save" subsystem="persist" outcome="ok" path=/home/james/.config/herdr/session.json workspaces=3
2026-08-14T04:02:55.925993Z  INFO herdr::logging: workspace focused event="workspace.focus" subsystem="workspace" outcome="ok" workspace_id="w9"
2026-08-14T04:02:55.926027Z  INFO herdr::logging: tab focused event="tab.focus" subsystem="tab" outcome="ok" workspace_id="w9" tab_id="w9:t1"
2026-08-14T04:02:56.659488Z  INFO herdr::logging: workspace focused event="workspace.focus" subsystem="workspace" outcome="ok" workspace_id="w8"
2026-08-14T04:02:56.659525Z  INFO herdr::logging: tab focused event="tab.focus" subsystem="tab" outcome="ok" workspace_id="w8" tab_id="w8:t1"
2026-08-14T04:02:57.507436Z  INFO herdr::logging: workspace focused event="workspace.focus" subsystem="workspace" outcome="ok" workspace_id="w9"
2026-08-14T04:02:57.507472Z  INFO herdr::logging: tab focused event="tab.focus" subsystem="tab" outcome="ok" workspace_id="w9" tab_id="w9:t1"
2026-08-14T04:02:58.023074Z  INFO herdr::logging: workspace focused event="workspace.focus" subsystem="workspace" outcome="ok" workspace_id="wA"
2026-08-14T04:02:58.023102Z  INFO herdr::logging: tab focused event="tab.focus" subsystem="tab" outcome="ok" workspace_id="wA" tab_id="wA:t1"
2026-08-14T04:02:58.244708Z  INFO herdr::logging: workspace focused event="workspace.focus" subsystem="workspace" outcome="ok" workspace_id="w8"
2026-08-14T04:02:58.244736Z  INFO herdr::logging: tab focused event="tab.focus" subsystem="tab" outcome="ok" workspace_id="w8" tab_id="w8:t1"
2026-08-14T04:02:58.675519Z  INFO herdr::logging: workspace focused event="workspace.focus" subsystem="workspace" outcome="ok" workspace_id="w9"
2026-08-14T04:02:58.675548Z  INFO herdr::logging: tab focused event="tab.focus" subsystem="tab" outcome="ok" workspace_id="w9" tab_id="w9:t1"
2026-08-14T04:02:59.310570Z  INFO herdr::logging: workspace focused event="workspace.focus" subsystem="workspace" outcome="ok" workspace_id="w8"
2026-08-14T04:02:59.310596Z  INFO herdr::logging: tab focused event="tab.focus" subsystem="tab" outcome="ok" workspace_id="w8" tab_id="w8:t1"
2026-08-14T04:02:59.985164Z  INFO herdr::logging: workspace focused event="workspace.focus" subsystem="workspace" outcome="ok" workspace_id="w9"
2026-08-14T04:02:59.985193Z  INFO herdr::logging: tab focused event="tab.focus" subsystem="tab" outcome="ok" workspace_id="w9" tab_id="w9:t1"
2026-08-14T04:03:04.995189Z  INFO herdr::logging: session saved event="persist.save" subsystem="persist" outcome="ok" path=/home/james/.config/herdr/session.json workspaces=3
2026-08-14T04:03:09.528306Z  INFO herdr::logging: workspace focused event="workspace.focus" subsystem="workspace" outcome="ok" workspace_id="wA"
2026-08-14T04:03:09.528334Z  INFO herdr::logging: tab focused event="tab.focus" subsystem="tab" outcome="ok" workspace_id="wA" tab_id="wA:t1"
2026-08-14T04:03:10.301597Z  INFO herdr::logging: workspace focused event="workspace.focus" subsystem="workspace" outcome="ok" workspace_id="w9"
2026-08-14T04:03:10.301636Z  INFO herdr::logging: tab focused event="tab.focus" subsystem="tab" outcome="ok" workspace_id="w9" tab_id="w9:t1"
2026-08-14T04:03:15.306500Z  INFO herdr::logging: session saved event="persist.save" subsystem="persist" outcome="ok" path=/home/james/.config/herdr/session.json workspaces=3
2026-08-14T04:03:47.045555Z  INFO herdr::logging: workspace focused event="workspace.focus" subsystem="workspace" outcome="ok" workspace_id="wA"
2026-08-14T04:03:47.045590Z  INFO herdr::logging: tab focused event="tab.focus" subsystem="tab" outcome="ok" workspace_id="wA" tab_id="wA:t1"
2026-08-14T04:03:52.050645Z  INFO herdr::logging: session saved event="persist.save" subsystem="persist" outcome="ok" path=/home/james/.config/herdr/session.json workspaces=3
2026-08-14T04:03:53.174594Z  INFO herdr::logging: workspace focused event="workspace.focus" subsystem="workspace" outcome="ok" workspace_id="w8"
2026-08-14T04:03:53.174637Z  INFO herdr::logging: tab focused event="tab.focus" subsystem="tab" outcome="ok" workspace_id="w8" tab_id="w8:t1"
2026-08-14T04:03:58.191071Z  INFO herdr::logging: session saved event="persist.save" subsystem="persist" outcome="ok" path=/home/james/.config/herdr/session.json workspaces=3
2026-08-14T04:04:35.365254Z  INFO herdr::logging: tab focused event="tab.focus" subsystem="tab" outcome="ok" workspace_id="w8" tab_id="w8:tQ"
2026-08-14T04:04:40.375712Z  INFO herdr::logging: session saved event="persist.save" subsystem="persist" outcome="ok" path=/home/james/.config/herdr/session.json workspaces=3
2026-08-14T04:04:45.572733Z  INFO herdr::logging: tab focused event="tab.focus" subsystem="tab" outcome="ok" workspace_id="w8" tab_id="w8:t1"
2026-08-14T04:04:50.586411Z  INFO herdr::logging: session saved event="persist.save" subsystem="persist" outcome="ok" path=/home/james/.config/herdr/session.json workspaces=3
2026-08-14T04:06:13.257030Z  INFO herdr::app::actions: copied selection to clipboard
2026-08-14T04:06:14.302498Z  INFO herdr::app::actions: copied double-clicked token to clipboard
2026-08-14T04:07:11.531243Z  INFO herdr::logging: workspace focused event="workspace.focus" subsystem="workspace" outcome="ok" workspace_id="w9"
2026-08-14T04:07:11.531306Z  INFO herdr::logging: tab focused event="tab.focus" subsystem="tab" outcome="ok" workspace_id="w9" tab_id="w9:t1"
2026-08-14T04:07:12.855460Z  INFO herdr::logging: workspace focused event="workspace.focus" subsystem="workspace" outcome="ok" workspace_id="wA"
2026-08-14T04:07:12.855519Z  INFO herdr::logging: tab focused event="tab.focus" subsystem="tab" outcome="ok" workspace_id="wA" tab_id="wA:t1"
2026-08-14T04:07:13.868087Z  INFO herdr::logging: workspace focused event="workspace.focus" subsystem="workspace" outcome="ok" workspace_id="w9"
2026-08-14T04:07:13.868137Z  INFO herdr::logging: tab focused event="tab.focus" subsystem="tab" outcome="ok" workspace_id="w9" tab_id="w9:t1"
2026-08-14T04:07:18.884254Z  INFO herdr::logging: session saved event="persist.save" subsystem="persist" outcome="ok" path=/home/james/.config/herdr/session.json workspaces=3
2026-08-14T04:07:34.815967Z  INFO herdr::logging: workspace focused event="workspace.focus" subsystem="workspace" outcome="ok" workspace_id="w8"
2026-08-14T04:07:34.816030Z  INFO herdr::logging: tab focused event="tab.focus" subsystem="tab" outcome="ok" workspace_id="w8" tab_id="w8:t1"
2026-08-14T04:07:35.784661Z  INFO herdr::logging: workspace focused event="workspace.focus" subsystem="workspace" outcome="ok" workspace_id="w9"
2026-08-14T04:07:35.784712Z  INFO herdr::logging: tab focused event="tab.focus" subsystem="tab" outcome="ok" workspace_id="w9" tab_id="w9:t1"
2026-08-14T04:07:37.158811Z  INFO herdr::logging: workspace focused event="workspace.focus" subsystem="workspace" outcome="ok" workspace_id="w8"
2026-08-14T04:07:37.158861Z  INFO herdr::logging: tab focused event="tab.focus" subsystem="tab" outcome="ok" workspace_id="w8" tab_id="w8:t1"
2026-08-14T04:07:37.640354Z  INFO herdr::logging: workspace focused event="workspace.focus" subsystem="workspace" outcome="ok" workspace_id="wA"
2026-08-14T04:07:37.640426Z  INFO herdr::logging: tab focused event="tab.focus" subsystem="tab" outcome="ok" workspace_id="wA" tab_id="wA:t1"
2026-08-14T04:07:42.659937Z  INFO herdr::logging: session saved event="persist.save" subsystem="persist" outcome="ok" path=/home/james/.config/herdr/session.json workspaces=3
2026-08-14T04:07:45.115880Z  INFO herdr::logging: tab focused event="tab.focus" subsystem="tab" outcome="ok" workspace_id="wA" tab_id="wA:t2"
2026-08-14T04:07:47.407875Z  INFO herdr::logging: tab focused event="tab.focus" subsystem="tab" outcome="ok" workspace_id="wA" tab_id="wA:t1"
2026-08-14T04:07:50.388413Z  INFO herdr::logging: checking for updates event="update.check.start" subsystem="update" outcome="started"
2026-08-14T04:07:50.518057Z  WARN herdr::detect::manifest_update: skipping unknown remote manifest agent agent="qwen"
2026-08-14T04:07:52.419920Z  INFO herdr::logging: session saved event="persist.save" subsystem="persist" outcome="ok" path=/home/james/.config/herdr/session.json workspaces=3
2026-08-14T04:37:50.389392Z  INFO herdr::logging: checking for updates event="update.check.start" subsystem="update" outcome="started"
2026-08-14T04:37:50.449857Z  WARN herdr::detect::manifest_update: skipping unknown remote manifest agent agent="qwen"
2026-08-14T05:07:50.390245Z  INFO herdr::logging: checking for updates event="update.check.start" subsystem="update" outcome="started"
2026-08-14T05:07:50.486364Z  WARN herdr::detect::manifest_update: skipping unknown remote manifest agent agent="qwen"
2026-08-14T05:37:50.391466Z  INFO herdr::logging: checking for updates event="update.check.start" subsystem="update" outcome="started"
2026-08-14T05:37:50.468115Z  WARN herdr::detect::manifest_update: skipping unknown remote manifest agent agent="qwen"
2026-08-14T06:07:50.392756Z  INFO herdr::logging: checking for updates event="update.check.start" subsystem="update" outcome="started"
2026-08-14T06:07:50.468881Z  WARN herdr::detect::manifest_update: skipping unknown remote manifest agent agent="qwen"
2026-08-14T06:37:50.393970Z  INFO herdr::logging: checking for updates event="update.check.start" subsystem="update" outcome="started"
2026-08-14T06:37:50.473785Z  WARN herdr::detect::manifest_update: skipping unknown remote manifest agent agent="qwen"
2026-08-14T07:07:50.395035Z  INFO herdr::logging: checking for updates event="update.check.start" subsystem="update" outcome="started"
2026-08-14T07:07:50.493441Z  WARN herdr::detect::manifest_update: skipping unknown remote manifest agent agent="qwen"
2026-08-14T07:37:50.395471Z  INFO herdr::logging: checking for updates event="update.check.start" subsystem="update" outcome="started"
2026-08-14T07:37:50.473860Z  WARN herdr::detect::manifest_update: skipping unknown remote manifest agent agent="qwen"
2026-08-14T08:07:50.396582Z  INFO herdr::logging: checking for updates event="update.check.start" subsystem="update" outcome="started"
2026-08-14T08:07:50.476906Z  WARN herdr::detect::manifest_update: skipping unknown remote manifest agent agent="qwen"
2026-08-14T08:16:45.792736Z  INFO herdr::server::headless: client resize client_id=6 cols=299 rows=80 cell_width_px=0 cell_height_px=0
2026-08-14T08:16:55.448753Z  INFO herdr::server::headless: client resize client_id=6 cols=299 rows=81 cell_width_px=0 cell_height_px=0
2026-08-14T08:16:59.076220Z  INFO herdr::logging: workspace focused event="workspace.focus" subsystem="workspace" outcome="ok" workspace_id="w8"
2026-08-14T08:16:59.076245Z  INFO herdr::logging: tab focused event="tab.focus" subsystem="tab" outcome="ok" workspace_id="w8" tab_id="w8:t1"
2026-08-14T08:17:04.083193Z  INFO herdr::logging: session saved event="persist.save" subsystem="persist" outcome="ok" path=/home/james/.config/herdr/session.json workspaces=3
2026-08-14T08:17:19.524160Z  INFO herdr::app::actions: copied double-clicked token to clipboard
2026-08-14T08:17:43.560315Z  INFO herdr::logging: workspace focused event="workspace.focus" subsystem="workspace" outcome="ok" workspace_id="w9"
2026-08-14T08:17:43.560346Z  INFO herdr::logging: tab focused event="tab.focus" subsystem="tab" outcome="ok" workspace_id="w9" tab_id="w9:t1"
2026-08-14T08:17:48.568091Z  INFO herdr::logging: session saved event="persist.save" subsystem="persist" outcome="ok" path=/home/james/.config/herdr/session.json workspaces=3
2026-08-14T08:17:49.692359Z  WARN herdr::raw_input: flushing lone escape after input timeout; if this follows an alt chord or focus switch it may reach the pane as plain esc bytes=[27]
2026-08-14T08:18:04.634044Z  INFO herdr::logging: workspace focused event="workspace.focus" subsystem="workspace" outcome="ok" workspace_id="w8"
2026-08-14T08:18:04.634075Z  INFO herdr::logging: tab focused event="tab.focus" subsystem="tab" outcome="ok" workspace_id="w8" tab_id="w8:t1"
2026-08-14T08:18:09.640532Z  INFO herdr::logging: session saved event="persist.save" subsystem="persist" outcome="ok" path=/home/james/.config/herdr/session.json workspaces=3
2026-08-14T08:19:12.473252Z  INFO herdr::app::actions: copied selection to clipboard
2026-08-14T08:20:05.337088Z  INFO herdr::logging: workspace focused event="workspace.focus" subsystem="workspace" outcome="ok" workspace_id="w9"
2026-08-14T08:20:05.337117Z  INFO herdr::logging: tab focused event="tab.focus" subsystem="tab" outcome="ok" workspace_id="w9" tab_id="w9:t1"
2026-08-14T08:20:10.344949Z  INFO herdr::logging: session saved event="persist.save" subsystem="persist" outcome="ok" path=/home/james/.config/herdr/session.json workspaces=3
2026-08-14T08:37:50.397341Z  INFO herdr::logging: checking for updates event="update.check.start" subsystem="update" outcome="started"
2026-08-14T08:37:50.478631Z  WARN herdr::detect::manifest_update: skipping unknown remote manifest agent agent="qwen"
2026-08-14T09:07:50.398341Z  INFO herdr::logging: checking for updates event="update.check.start" subsystem="update" outcome="started"
2026-08-14T09:07:50.477785Z  WARN herdr::detect::manifest_update: skipping unknown remote manifest agent agent="qwen"
2026-08-14T09:37:50.399502Z  INFO herdr::logging: checking for updates event="update.check.start" subsystem="update" outcome="started"
2026-08-14T09:37:50.496379Z  WARN herdr::detect::manifest_update: skipping unknown remote manifest agent agent="qwen"
2026-08-14T10:07:50.401356Z  INFO herdr::logging: checking for updates event="update.check.start" subsystem="update" outcome="started"
2026-08-14T10:07:50.499347Z  WARN herdr::detect::manifest_update: skipping unknown remote manifest agent agent="qwen"
2026-08-14T10:37:50.402539Z  INFO herdr::logging: checking for updates event="update.check.start" subsystem="update" outcome="started"
2026-08-14T10:37:50.498509Z  WARN herdr::detect::manifest_update: skipping unknown remote manifest agent agent="qwen"
2026-08-14T11:07:50.403383Z  INFO herdr::logging: checking for updates event="update.check.start" subsystem="update" outcome="started"
2026-08-14T11:07:50.481915Z  WARN herdr::detect::manifest_update: skipping unknown remote manifest agent agent="qwen"
2026-08-14T11:37:50.404677Z  INFO herdr::logging: checking for updates event="update.check.start" subsystem="update" outcome="started"
2026-08-14T11:37:50.494029Z  WARN herdr::detect::manifest_update: skipping unknown remote manifest agent agent="qwen"
2026-08-14T12:07:50.405282Z  INFO herdr::logging: checking for updates event="update.check.start" subsystem="update" outcome="started"
2026-08-14T12:07:50.486520Z  WARN herdr::detect::manifest_update: skipping unknown remote manifest agent agent="qwen"
2026-08-14T12:37:50.407217Z  INFO herdr::logging: checking for updates event="update.check.start" subsystem="update" outcome="started"
2026-08-14T12:37:50.491109Z  WARN herdr::detect::manifest_update: skipping unknown remote manifest agent agent="qwen"
2026-08-14T13:04:36.192304Z  INFO herdr::server::headless: client resize client_id=6 cols=299 rows=80 cell_width_px=0 cell_height_px=0
2026-08-14T13:04:43.130228Z  INFO herdr::server::headless: client resize client_id=6 cols=299 rows=81 cell_width_px=0 cell_height_px=0
2026-08-14T13:07:50.408559Z  INFO herdr::logging: checking for updates event="update.check.start" subsystem="update" outcome="started"
2026-08-14T13:07:50.489178Z  WARN herdr::detect::manifest_update: skipping unknown remote manifest agent agent="qwen"
2026-08-14T13:23:38.375100Z  INFO herdr::logging: workspace focused event="workspace.focus" subsystem="workspace" outcome="ok" workspace_id="w8"
2026-08-14T13:23:38.375131Z  INFO herdr::logging: tab focused event="tab.focus" subsystem="tab" outcome="ok" workspace_id="w8" tab_id="w8:t1"
2026-08-14T13:23:43.382916Z  INFO herdr::logging: session saved event="persist.save" subsystem="persist" outcome="ok" path=/home/james/.config/herdr/session.json workspaces=3
2026-08-14T13:23:48.141548Z  INFO herdr::pane: agent changed pane=8 previous_agent=Some(Pi) agent=None pgid=Some(9726)
2026-08-14T13:23:49.080313Z  WARN herdr::raw_input: flushing lone escape after input timeout; if this follows an alt chord or focus switch it may reach the pane as plain esc bytes=[27]
2026-08-14T13:23:52.841499Z  INFO herdr::logging: session saved event="persist.save" subsystem="persist" outcome="ok" path=/home/james/.config/herdr/session.json workspaces=3
2026-08-14T13:23:54.941939Z  INFO herdr::app::actions: copied selection to clipboard
2026-08-14T13:23:56.199659Z  INFO herdr::pane: agent changed pane=8 previous_agent=None agent=Some(Pi) process=pi pgid=Some(704466)
2026-08-14T13:23:57.511084Z  INFO herdr::pane: agent changed pane=8 previous_agent=None agent=Some(Pi) process=pi pgid=Some(704466)
2026-08-14T13:24:02.411093Z  INFO herdr::logging: session saved event="persist.save" subsystem="persist" outcome="ok" path=/home/james/.config/herdr/session.json workspaces=3
2026-08-14T13:30:57.181920Z  INFO herdr::logging: tab focused event="tab.focus" subsystem="tab" outcome="ok" workspace_id="w8" tab_id="w8:tN"
2026-08-14T13:30:57.870946Z  INFO herdr::logging: tab focused event="tab.focus" subsystem="tab" outcome="ok" workspace_id="w8" tab_id="w8:tQ"
2026-08-14T13:30:58.794689Z  INFO herdr::logging: tab focused event="tab.focus" subsystem="tab" outcome="ok" workspace_id="w8" tab_id="w8:t1"
2026-08-14T13:31:03.804894Z  INFO herdr::logging: session saved event="persist.save" subsystem="persist" outcome="ok" path=/home/james/.config/herdr/session.json workspaces=3
2026-08-14T13:33:05.402430Z  INFO herdr::logging: workspace focused event="workspace.focus" subsystem="workspace" outcome="ok" workspace_id="w9"
2026-08-14T13:33:05.402461Z  INFO herdr::logging: tab focused event="tab.focus" subsystem="tab" outcome="ok" workspace_id="w9" tab_id="w9:t1"
2026-08-14T13:33:07.780261Z  INFO herdr::logging: workspace focused event="workspace.focus" subsystem="workspace" outcome="ok" workspace_id="w8"
2026-08-14T13:33:07.780293Z  INFO herdr::logging: tab focused event="tab.focus" subsystem="tab" outcome="ok" workspace_id="w8" tab_id="w8:t1"
2026-08-14T13:33:09.558735Z  INFO herdr::logging: workspace focused event="workspace.focus" subsystem="workspace" outcome="ok" workspace_id="w9"
2026-08-14T13:33:09.558760Z  INFO herdr::logging: tab focused event="tab.focus" subsystem="tab" outcome="ok" workspace_id="w9" tab_id="w9:t1"
2026-08-14T13:33:14.570874Z  INFO herdr::logging: session saved event="persist.save" subsystem="persist" outcome="ok" path=/home/james/.config/herdr/session.json workspaces=3
2026-08-14T13:33:59.507133Z  INFO herdr::logging: workspace focused event="workspace.focus" subsystem="workspace" outcome="ok" workspace_id="w8"
2026-08-14T13:33:59.507164Z  INFO herdr::logging: tab focused event="tab.focus" subsystem="tab" outcome="ok" workspace_id="w8" tab_id="w8:t1"
2026-08-14T13:34:04.520160Z  INFO herdr::logging: session saved event="persist.save" subsystem="persist" outcome="ok" path=/home/james/.config/herdr/session.json workspaces=3
2026-08-14T13:34:22.240486Z  INFO herdr::logging: workspace focused event="workspace.focus" subsystem="workspace" outcome="ok" workspace_id="w9"
2026-08-14T13:34:22.240516Z  INFO herdr::logging: tab focused event="tab.focus" subsystem="tab" outcome="ok" workspace_id="w9" tab_id="w9:t1"
2026-08-14T13:34:22.826157Z  INFO herdr::logging: workspace focused event="workspace.focus" subsystem="workspace" outcome="ok" workspace_id="w8"
2026-08-14T13:34:22.826185Z  INFO herdr::logging: tab focused event="tab.focus" subsystem="tab" outcome="ok" workspace_id="w8" tab_id="w8:t1"
2026-08-14T13:34:27.838627Z  INFO herdr::logging: session saved event="persist.save" subsystem="persist" outcome="ok" path=/home/james/.config/herdr/session.json workspaces=3
2026-08-14T13:34:50.647941Z  INFO herdr::logging: workspace focused event="workspace.focus" subsystem="workspace" outcome="ok" workspace_id="w9"
2026-08-14T13:34:50.647971Z  INFO herdr::logging: tab focused event="tab.focus" subsystem="tab" outcome="ok" workspace_id="w9" tab_id="w9:t1"
2026-08-14T13:34:50.968125Z  INFO herdr::logging: workspace focused event="workspace.focus" subsystem="workspace" outcome="ok" workspace_id="w8"
2026-08-14T13:34:50.968148Z  INFO herdr::logging: tab focused event="tab.focus" subsystem="tab" outcome="ok" workspace_id="w8" tab_id="w8:t1"
2026-08-14T13:34:55.980602Z  INFO herdr::logging: session saved event="persist.save" subsystem="persist" outcome="ok" path=/home/james/.config/herdr/session.json workspaces=3
2026-08-14T13:34:56.215674Z  INFO herdr::logging: workspace focused event="workspace.focus" subsystem="workspace" outcome="ok" workspace_id="w9"
2026-08-14T13:34:56.215705Z  INFO herdr::logging: tab focused event="tab.focus" subsystem="tab" outcome="ok" workspace_id="w9" tab_id="w9:t1"
2026-08-14T13:34:57.190389Z  INFO herdr::logging: workspace focused event="workspace.focus" subsystem="workspace" outcome="ok" workspace_id="w8"
2026-08-14T13:34:57.190415Z  INFO herdr::logging: tab focused event="tab.focus" subsystem="tab" outcome="ok" workspace_id="w8" tab_id="w8:t1"
2026-08-14T13:35:02.202923Z  INFO herdr::logging: session saved event="persist.save" subsystem="persist" outcome="ok" path=/home/james/.config/herdr/session.json workspaces=3
2026-08-14T13:35:06.346855Z  INFO herdr::logging: workspace focused event="workspace.focus" subsystem="workspace" outcome="ok" workspace_id="w9"
2026-08-14T13:35:06.346893Z  INFO herdr::logging: tab focused event="tab.focus" subsystem="tab" outcome="ok" workspace_id="w9" tab_id="w9:t1"
2026-08-14T13:35:06.795614Z  INFO herdr::logging: workspace focused event="workspace.focus" subsystem="workspace" outcome="ok" workspace_id="w8"
2026-08-14T13:35:06.795636Z  INFO herdr::logging: tab focused event="tab.focus" subsystem="tab" outcome="ok" workspace_id="w8" tab_id="w8:t1"
2026-08-14T13:35:07.374001Z  INFO herdr::logging: workspace focused event="workspace.focus" subsystem="workspace" outcome="ok" workspace_id="w9"
2026-08-14T13:35:07.374024Z  INFO herdr::logging: tab focused event="tab.focus" subsystem="tab" outcome="ok" workspace_id="w9" tab_id="w9:t1"
2026-08-14T13:35:12.386693Z  INFO herdr::logging: session saved event="persist.save" subsystem="persist" outcome="ok" path=/home/james/.config/herdr/session.json workspaces=3
2026-08-14T13:37:50.410039Z  INFO herdr::logging: checking for updates event="update.check.start" subsystem="update" outcome="started"
2026-08-14T13:37:50.505916Z  WARN herdr::detect::manifest_update: skipping unknown remote manifest agent agent="qwen"
2026-08-14T14:07:50.411343Z  INFO herdr::logging: checking for updates event="update.check.start" subsystem="update" outcome="started"
2026-08-14T14:07:50.496231Z  WARN herdr::detect::manifest_update: skipping unknown remote manifest agent agent="qwen"
2026-08-14T14:37:50.412979Z  INFO herdr::logging: checking for updates event="update.check.start" subsystem="update" outcome="started"
2026-08-14T14:37:50.515020Z  WARN herdr::detect::manifest_update: skipping unknown remote manifest agent agent="qwen"
2026-08-14T15:07:50.413394Z  INFO herdr::logging: checking for updates event="update.check.start" subsystem="update" outcome="started"
2026-08-14T15:07:50.504584Z  WARN herdr::detect::manifest_update: skipping unknown remote manifest agent agent="qwen"
2026-08-14T15:34:06.557480Z  INFO herdr::logging: workspace focused event="workspace.focus" subsystem="workspace" outcome="ok" workspace_id="w8"
2026-08-14T15:34:06.557510Z  INFO herdr::logging: tab focused event="tab.focus" subsystem="tab" outcome="ok" workspace_id="w8" tab_id="w8:t1"
2026-08-14T15:34:07.612111Z  INFO herdr::logging: workspace focused event="workspace.focus" subsystem="workspace" outcome="ok" workspace_id="w9"
2026-08-14T15:34:07.612140Z  INFO herdr::logging: tab focused event="tab.focus" subsystem="tab" outcome="ok" workspace_id="w9" tab_id="w9:t1"
2026-08-14T15:34:12.278510Z  INFO herdr::server::headless: client resize client_id=6 cols=299 rows=80 cell_width_px=0 cell_height_px=0
2026-08-14T15:34:12.618322Z  INFO herdr::logging: session saved event="persist.save" subsystem="persist" outcome="ok" path=/home/james/.config/herdr/session.json workspaces=3
2026-08-14T15:34:19.005614Z  INFO herdr::server::headless: client resize client_id=6 cols=299 rows=81 cell_width_px=0 cell_height_px=0
2026-08-14T15:34:24.316040Z  INFO herdr::logging: workspace focused event="workspace.focus" subsystem="workspace" outcome="ok" workspace_id="w8"
2026-08-14T15:34:24.316068Z  INFO herdr::logging: tab focused event="tab.focus" subsystem="tab" outcome="ok" workspace_id="w8" tab_id="w8:t1"
2026-08-14T15:34:29.321808Z  INFO herdr::logging: session saved event="persist.save" subsystem="persist" outcome="ok" path=/home/james/.config/herdr/session.json workspaces=3
2026-08-14T15:34:34.437026Z  INFO herdr::logging: tab focused event="tab.focus" subsystem="tab" outcome="ok" workspace_id="w8" tab_id="w8:tN"
2026-08-14T15:34:34.919787Z  INFO herdr::logging: tab focused event="tab.focus" subsystem="tab" outcome="ok" workspace_id="w8" tab_id="w8:tQ"
2026-08-14T15:34:39.921569Z  INFO herdr::logging: session saved event="persist.save" subsystem="persist" outcome="ok" path=/home/james/.config/herdr/session.json workspaces=3
2026-08-14T15:34:40.433486Z  INFO herdr::logging: tab focused event="tab.focus" subsystem="tab" outcome="ok" workspace_id="w8" tab_id="w8:t1"
2026-08-14T15:34:44.421126Z  INFO herdr::logging: tab focused event="tab.focus" subsystem="tab" outcome="ok" workspace_id="w8" tab_id="w8:tN"
2026-08-14T15:34:45.238085Z  INFO herdr::logging: tab focused event="tab.focus" subsystem="tab" outcome="ok" workspace_id="w8" tab_id="w8:t1"
2026-08-14T15:34:46.855879Z  INFO herdr::logging: workspace focused event="workspace.focus" subsystem="workspace" outcome="ok" workspace_id="w9"
2026-08-14T15:34:46.855905Z  INFO herdr::logging: tab focused event="tab.focus" subsystem="tab" outcome="ok" workspace_id="w9" tab_id="w9:t1"
2026-08-14T15:34:51.862191Z  INFO herdr::logging: session saved event="persist.save" subsystem="persist" outcome="ok" path=/home/james/.config/herdr/session.json workspaces=3
2026-08-14T15:36:05.224958Z  INFO herdr::app::actions: copied selection to clipboard
2026-08-14T15:36:06.407038Z  INFO herdr::logging: workspace focused event="workspace.focus" subsystem="workspace" outcome="ok" workspace_id="w8"
2026-08-14T15:36:06.407070Z  INFO herdr::logging: tab focused event="tab.focus" subsystem="tab" outcome="ok" workspace_id="w8" tab_id="w8:t1"
2026-08-14T15:36:11.414534Z  INFO herdr::logging: session saved event="persist.save" subsystem="persist" outcome="ok" path=/home/james/.config/herdr/session.json workspaces=3
2026-08-14T15:36:33.722326Z  INFO herdr::logging: workspace focused event="workspace.focus" subsystem="workspace" outcome="ok" workspace_id="w9"
2026-08-14T15:36:33.722359Z  INFO herdr::logging: tab focused event="tab.focus" subsystem="tab" outcome="ok" workspace_id="w9" tab_id="w9:t1"
2026-08-14T15:36:34.344906Z  INFO herdr::logging: workspace focused event="workspace.focus" subsystem="workspace" outcome="ok" workspace_id="w8"
2026-08-14T15:36:34.344934Z  INFO herdr::logging: tab focused event="tab.focus" subsystem="tab" outcome="ok" workspace_id="w8" tab_id="w8:t1"
2026-08-14T15:36:39.351204Z  INFO herdr::logging: session saved event="persist.save" subsystem="persist" outcome="ok" path=/home/james/.config/herdr/session.json workspaces=3
2026-08-14T15:37:50.414992Z  INFO herdr::logging: checking for updates event="update.check.start" subsystem="update" outcome="started"
2026-08-14T15:37:50.523212Z  WARN herdr::detect::manifest_update: skipping unknown remote manifest agent agent="qwen"
2026-08-14T15:38:47.937713Z  INFO herdr::logging: tab focused event="tab.focus" subsystem="tab" outcome="ok" workspace_id="w8" tab_id="w8:tQ"
2026-08-14T15:38:52.503804Z  INFO herdr::logging: tab focused event="tab.focus" subsystem="tab" outcome="ok" workspace_id="w8" tab_id="w8:tN"
2026-08-14T15:38:53.083367Z  INFO herdr::logging: tab focused event="tab.focus" subsystem="tab" outcome="ok" workspace_id="w8" tab_id="w8:tQ"
2026-08-14T15:38:53.802078Z  INFO herdr::logging: tab focused event="tab.focus" subsystem="tab" outcome="ok" workspace_id="w8" tab_id="w8:t1"
2026-08-14T15:38:54.506228Z  INFO herdr::logging: tab focused event="tab.focus" subsystem="tab" outcome="ok" workspace_id="w8" tab_id="w8:tN"
2026-08-14T15:38:55.190752Z  INFO herdr::logging: tab focused event="tab.focus" subsystem="tab" outcome="ok" workspace_id="w8" tab_id="w8:t1"
2026-08-14T15:38:56.583508Z  INFO herdr::logging: workspace focused event="workspace.focus" subsystem="workspace" outcome="ok" workspace_id="w9"
2026-08-14T15:38:56.583539Z  INFO herdr::logging: tab focused event="tab.focus" subsystem="tab" outcome="ok" workspace_id="w9" tab_id="w9:t1"
2026-08-14T15:38:57.828639Z  INFO herdr::app::actions: copied selection to clipboard
2026-08-14T15:39:01.589062Z  INFO herdr::logging: session saved event="persist.save" subsystem="persist" outcome="ok" path=/home/james/.config/herdr/session.json workspaces=3
2026-08-14T15:39:03.785091Z  INFO herdr::app::actions: copied selection to clipboard
2026-08-14T15:39:05.522743Z  INFO herdr::app::actions: copied selection to clipboard
2026-08-14T15:39:39.421223Z  INFO herdr::app::actions: copied selection to clipboard
2026-08-14T15:41:53.003039Z  INFO herdr::logging: tab focused event="tab.focus" subsystem="tab" outcome="ok" workspace_id="w9" tab_id="w9:tB"
2026-08-14T15:41:53.401567Z  INFO herdr::logging: tab focused event="tab.focus" subsystem="tab" outcome="ok" workspace_id="w9" tab_id="w9:tC"
2026-08-14T15:41:54.637303Z  INFO herdr::logging: tab focused event="tab.focus" subsystem="tab" outcome="ok" workspace_id="w9" tab_id="w9:tB"
2026-08-14T15:41:55.203459Z  INFO herdr::logging: tab focused event="tab.focus" subsystem="tab" outcome="ok" workspace_id="w9" tab_id="w9:tC"
2026-08-14T15:42:00.210162Z  INFO herdr::logging: session saved event="persist.save" subsystem="persist" outcome="ok" path=/home/james/.config/herdr/session.json workspaces=3
2026-08-14T15:42:12.906954Z  INFO herdr::app::actions: copied selection to clipboard
2026-08-14T15:42:15.031010Z  INFO herdr::app::actions: copied selection to clipboard
2026-08-14T15:42:41.343077Z  INFO herdr::logging: tab focused event="tab.focus" subsystem="tab" outcome="ok" workspace_id="w9" tab_id="w9:tB"
2026-08-14T15:42:41.884322Z  INFO herdr::logging: tab focused event="tab.focus" subsystem="tab" outcome="ok" workspace_id="w9" tab_id="w9:tC"
2026-08-14T15:42:46.892699Z  INFO herdr::logging: session saved event="persist.save" subsystem="persist" outcome="ok" path=/home/james/.config/herdr/session.json workspaces=3
2026-08-14T15:42:50.207881Z  INFO herdr::app::actions: copied selection to clipboard
2026-08-14T15:42:51.635929Z  INFO herdr::logging: tab focused event="tab.focus" subsystem="tab" outcome="ok" workspace_id="w9" tab_id="w9:tB"
2026-08-14T15:42:52.655082Z  INFO herdr::logging: tab focused event="tab.focus" subsystem="tab" outcome="ok" workspace_id="w9" tab_id="w9:t1"
2026-08-14T15:42:53.191745Z  INFO herdr::logging: tab focused event="tab.focus" subsystem="tab" outcome="ok" workspace_id="w9" tab_id="w9:tB"
2026-08-14T15:42:57.217750Z  INFO herdr::logging: pane child exited event="pane.exit" subsystem="pane" outcome="completed" pane_id=37 status="ExitStatus { code: 141, signal: None }"
2026-08-14T15:42:57.225023Z  INFO herdr::pane: pane session terminated pane=37 pid=264030 signal=Hangup
2026-08-14T15:42:58.250802Z  INFO herdr::logging: tab focused event="tab.focus" subsystem="tab" outcome="ok" workspace_id="w9" tab_id="w9:tC"
2026-08-14T15:43:00.589039Z  INFO herdr::logging: tab focused event="tab.focus" subsystem="tab" outcome="ok" workspace_id="w9" tab_id="w9:t1"
2026-08-14T15:43:01.125695Z  INFO herdr::logging: tab focused event="tab.focus" subsystem="tab" outcome="ok" workspace_id="w9" tab_id="w9:tC"
2026-08-14T15:43:01.967333Z  INFO herdr::logging: tab focused event="tab.focus" subsystem="tab" outcome="ok" workspace_id="w9" tab_id="w9:t1"
2026-08-14T15:43:06.974572Z  INFO herdr::logging: session saved event="persist.save" subsystem="persist" outcome="ok" path=/home/james/.config/herdr/session.json workspaces=3
2026-08-14T15:43:26.046254Z  INFO herdr::logging: tab focused event="tab.focus" subsystem="tab" outcome="ok" workspace_id="w9" tab_id="w9:tC"
2026-08-14T15:43:27.075100Z  INFO herdr::logging: tab focused event="tab.focus" subsystem="tab" outcome="ok" workspace_id="w9" tab_id="w9:t1"
2026-08-14T15:43:32.083144Z  INFO herdr::logging: session saved event="persist.save" subsystem="persist" outcome="ok" path=/home/james/.config/herdr/session.json workspaces=3
2026-08-14T15:46:05.717540Z  INFO herdr::logging: workspace focused event="workspace.focus" subsystem="workspace" outcome="ok" workspace_id="w8"
2026-08-14T15:46:05.717592Z  INFO herdr::logging: tab focused event="tab.focus" subsystem="tab" outcome="ok" workspace_id="w8" tab_id="w8:t1"
2026-08-14T15:46:08.085087Z  INFO herdr::logging: tab focused event="tab.focus" subsystem="tab" outcome="ok" workspace_id="w8" tab_id="w8:tQ"
2026-08-14T15:46:13.088489Z  INFO herdr::logging: session saved event="persist.save" subsystem="persist" outcome="ok" path=/home/james/.config/herdr/session.json workspaces=3
2026-08-14T15:46:14.976443Z  INFO herdr::logging: tab focused event="tab.focus" subsystem="tab" outcome="ok" workspace_id="w8" tab_id="w8:t1"
2026-08-14T15:46:19.979757Z  INFO herdr::logging: session saved event="persist.save" subsystem="persist" outcome="ok" path=/home/james/.config/herdr/session.json workspaces=3
2026-08-14T15:46:31.622540Z  INFO herdr::logging: tab focused event="tab.focus" subsystem="tab" outcome="ok" workspace_id="w8" tab_id="w8:tQ"
2026-08-14T15:46:32.471903Z  INFO herdr::logging: tab focused event="tab.focus" subsystem="tab" outcome="ok" workspace_id="w8" tab_id="w8:t1"
2026-08-14T15:46:33.010952Z  INFO herdr::logging: tab focused event="tab.focus" subsystem="tab" outcome="ok" workspace_id="w8" tab_id="w8:tQ"
2026-08-14T15:46:38.014500Z  INFO herdr::logging: session saved event="persist.save" subsystem="persist" outcome="ok" path=/home/james/.config/herdr/session.json workspaces=3
2026-08-14T15:46:39.458479Z  INFO herdr::logging: tab focused event="tab.focus" subsystem="tab" outcome="ok" workspace_id="w8" tab_id="w8:t1"
2026-08-14T15:46:44.462442Z  INFO herdr::logging: session saved event="persist.save" subsystem="persist" outcome="ok" path=/home/james/.config/herdr/session.json workspaces=3
2026-08-14T15:46:57.884108Z  INFO herdr::server::headless: client resize client_id=6 cols=299 rows=80 cell_width_px=0 cell_height_px=0
2026-08-14T15:47:02.550350Z  INFO herdr::server::headless: client resize client_id=6 cols=299 rows=81 cell_width_px=0 cell_height_px=0
2026-08-14T15:49:51.340811Z  INFO herdr::app::actions: copied selection to clipboard
2026-08-14T15:49:52.884018Z  INFO herdr::logging: tab focused event="tab.focus" subsystem="tab" outcome="ok" workspace_id="w8" tab_id="w8:tQ"
2026-08-14T15:49:57.888979Z  INFO herdr::logging: session saved event="persist.save" subsystem="persist" outcome="ok" path=/home/james/.config/herdr/session.json workspaces=3
2026-08-14T15:49:58.305613Z  INFO herdr::logging: tab focused event="tab.focus" subsystem="tab" outcome="ok" workspace_id="w8" tab_id="w8:t1"
2026-08-14T15:50:03.311034Z  INFO herdr::logging: session saved event="persist.save" subsystem="persist" outcome="ok" path=/home/james/.config/herdr/session.json workspaces=3
2026-08-14T15:54:41.052531Z  INFO herdr::logging: tab focused event="tab.focus" subsystem="tab" outcome="ok" workspace_id="w8" tab_id="w8:tQ"
2026-08-14T15:54:46.057629Z  INFO herdr::logging: session saved event="persist.save" subsystem="persist" outcome="ok" path=/home/james/.config/herdr/session.json workspaces=3
2026-08-14T15:54:46.679341Z  INFO herdr::logging: tab focused event="tab.focus" subsystem="tab" outcome="ok" workspace_id="w8" tab_id="w8:t1"
2026-08-14T15:54:51.685241Z  INFO herdr::logging: session saved event="persist.save" subsystem="persist" outcome="ok" path=/home/james/.config/herdr/session.json workspaces=3
2026-08-14T15:54:57.277212Z  INFO herdr::logging: tab focused event="tab.focus" subsystem="tab" outcome="ok" workspace_id="w8" tab_id="w8:tQ"
2026-08-14T15:54:59.753589Z  INFO herdr::logging: tab focused event="tab.focus" subsystem="tab" outcome="ok" workspace_id="w8" tab_id="w8:t1"
2026-08-14T15:55:04.759169Z  INFO herdr::logging: session saved event="persist.save" subsystem="persist" outcome="ok" path=/home/james/.config/herdr/session.json workspaces=3
2026-08-14T15:55:42.410669Z  INFO herdr::app::actions: copied selection to clipboard
2026-08-14T15:55:42.898186Z  INFO herdr::app::actions: copied selection to clipboard
2026-08-14T15:55:45.194407Z  INFO herdr::logging: tab focused event="tab.focus" subsystem="tab" outcome="ok" workspace_id="w8" tab_id="w8:tQ"
2026-08-14T15:55:47.590280Z  INFO herdr::logging: tab focused event="tab.focus" subsystem="tab" outcome="ok" workspace_id="w8" tab_id="w8:t1"
2026-08-14T15:55:52.595788Z  INFO herdr::logging: session saved event="persist.save" subsystem="persist" outcome="ok" path=/home/james/.config/herdr/session.json workspaces=3
2026-08-14T15:56:22.394680Z  INFO herdr::logging: tab focused event="tab.focus" subsystem="tab" outcome="ok" workspace_id="w8" tab_id="w8:tQ"
2026-08-14T15:56:25.674924Z  INFO herdr::logging: tab focused event="tab.focus" subsystem="tab" outcome="ok" workspace_id="w8" tab_id="w8:t1"
2026-08-14T15:56:30.681389Z  INFO herdr::logging: session saved event="persist.save" subsystem="persist" outcome="ok" path=/home/james/.config/herdr/session.json workspaces=3
2026-08-14T15:56:37.337131Z  WARN herdr::raw_input: flushing lone escape after input timeout; if this follows an alt chord or focus switch it may reach the pane as plain esc bytes=[27]
2026-08-14T15:58:27.530362Z  INFO herdr::app::actions: copied selection to clipboard
2026-08-14T15:58:29.505995Z  INFO herdr::app::actions: copied double-clicked token to clipboard
2026-08-14T15:58:33.691780Z  INFO herdr::app::actions: copied selection to clipboard
2026-08-14T15:59:14.309307Z  INFO herdr::logging: tab focused event="tab.focus" subsystem="tab" outcome="ok" workspace_id="w8" tab_id="w8:tQ"
2026-08-14T15:59:19.314501Z  INFO herdr::logging: session saved event="persist.save" subsystem="persist" outcome="ok" path=/home/james/.config/herdr/session.json workspaces=3
2026-08-14T15:59:22.100477Z  INFO herdr::logging: tab focused event="tab.focus" subsystem="tab" outcome="ok" workspace_id="w8" tab_id="w8:t1"
2026-08-14T15:59:27.106546Z  INFO herdr::logging: session saved event="persist.save" subsystem="persist" outcome="ok" path=/home/james/.config/herdr/session.json workspaces=3
2026-08-14T15:59:28.352805Z  INFO herdr::logging: tab focused event="tab.focus" subsystem="tab" outcome="ok" workspace_id="w8" tab_id="w8:tQ"
2026-08-14T15:59:32.246990Z  INFO herdr::logging: tab focused event="tab.focus" subsystem="tab" outcome="ok" workspace_id="w8" tab_id="w8:t1"
2026-08-14T15:59:33.251156Z  WARN herdr::raw_input: flushing lone escape after input timeout; if this follows an alt chord or focus switch it may reach the pane as plain esc bytes=[27]
2026-08-14T15:59:37.253646Z  INFO herdr::logging: session saved event="persist.save" subsystem="persist" outcome="ok" path=/home/james/.config/herdr/session.json workspaces=3
2026-08-14T16:00:35.499967Z  INFO herdr::app::actions: copied selection to clipboard
2026-08-14T16:00:39.862086Z  INFO herdr::app::actions: copied selection to clipboard
2026-08-14T16:03:00.335183Z  INFO herdr::app::actions: copied selection to clipboard
2026-08-14T16:03:57.355487Z  INFO herdr::logging: tab focused event="tab.focus" subsystem="tab" outcome="ok" workspace_id="w8" tab_id="w8:tQ"
2026-08-14T16:04:02.362346Z  INFO herdr::logging: session saved event="persist.save" subsystem="persist" outcome="ok" path=/home/james/.config/herdr/session.json workspaces=3
2026-08-14T16:05:10.412824Z  INFO herdr::app::actions: copied selection to clipboard
2026-08-14T16:06:09.861795Z  INFO herdr::logging: tab focused event="tab.focus" subsystem="tab" outcome="ok" workspace_id="w8" tab_id="w8:t1"
2026-08-14T16:06:10.587154Z  INFO herdr::logging: tab focused event="tab.focus" subsystem="tab" outcome="ok" workspace_id="w8" tab_id="w8:tQ"
2026-08-14T16:06:12.656287Z  INFO herdr::logging: tab focused event="tab.focus" subsystem="tab" outcome="ok" workspace_id="w8" tab_id="w8:t1"
2026-08-14T16:06:13.733680Z  INFO herdr::logging: tab focused event="tab.focus" subsystem="tab" outcome="ok" workspace_id="w8" tab_id="w8:tN"
2026-08-14T16:06:17.316620Z  INFO herdr::logging: tab focused event="tab.focus" subsystem="tab" outcome="ok" workspace_id="w8" tab_id="w8:tQ"
2026-08-14T16:06:17.749611Z  INFO herdr::logging: tab focused event="tab.focus" subsystem="tab" outcome="ok" workspace_id="w8" tab_id="w8:t1"
2026-08-14T16:06:18.650930Z  INFO herdr::logging: tab focused event="tab.focus" subsystem="tab" outcome="ok" workspace_id="w8" tab_id="w8:tQ"
2026-08-14T16:06:23.659470Z  INFO herdr::logging: session saved event="persist.save" subsystem="persist" outcome="ok" path=/home/james/.config/herdr/session.json workspaces=3
2026-08-14T16:07:23.544713Z  INFO herdr::logging: tab focused event="tab.focus" subsystem="tab" outcome="ok" workspace_id="w8" tab_id="w8:t1"
2026-08-14T16:07:25.151604Z  INFO herdr::logging: tab focused event="tab.focus" subsystem="tab" outcome="ok" workspace_id="w8" tab_id="w8:tQ"
2026-08-14T16:07:30.160867Z  INFO herdr::logging: session saved event="persist.save" subsystem="persist" outcome="ok" path=/home/james/.config/herdr/session.json workspaces=3
2026-08-14T16:07:50.416053Z  INFO herdr::logging: checking for updates event="update.check.start" subsystem="update" outcome="started"
2026-08-14T16:07:50.504178Z  WARN herdr::detect::manifest_update: skipping unknown remote manifest agent agent="qwen"
2026-08-14T16:09:27.858876Z  INFO herdr::logging: tab focused event="tab.focus" subsystem="tab" outcome="ok" workspace_id="w8" tab_id="w8:t1"
2026-08-14T16:09:28.651113Z  INFO herdr::logging: tab focused event="tab.focus" subsystem="tab" outcome="ok" workspace_id="w8" tab_id="w8:tN"
2026-08-14T16:09:29.581749Z  INFO herdr::logging: tab focused event="tab.focus" subsystem="tab" outcome="ok" workspace_id="w8" tab_id="w8:tQ"
2026-08-14T16:09:30.243382Z  INFO herdr::logging: tab focused event="tab.focus" subsystem="tab" outcome="ok" workspace_id="w8" tab_id="w8:t1"
2026-08-14T16:09:31.134246Z  INFO herdr::logging: tab focused event="tab.focus" subsystem="tab" outcome="ok" workspace_id="w8" tab_id="w8:tQ"
2026-08-14T16:09:36.144984Z  INFO herdr::logging: session saved event="persist.save" subsystem="persist" outcome="ok" path=/home/james/.config/herdr/session.json workspaces=3
2026-08-14T16:11:04.283343Z  INFO herdr::logging: tab focused event="tab.focus" subsystem="tab" outcome="ok" workspace_id="w8" tab_id="w8:t1"
2026-08-14T16:11:09.293157Z  INFO herdr::logging: session saved event="persist.save" subsystem="persist" outcome="ok" path=/home/james/.config/herdr/session.json workspaces=3
2026-08-14T16:12:42.628700Z  INFO herdr::logging: tab focused event="tab.focus" subsystem="tab" outcome="ok" workspace_id="w8" tab_id="w8:tQ"
2026-08-14T16:12:47.639141Z  INFO herdr::logging: session saved event="persist.save" subsystem="persist" outcome="ok" path=/home/james/.config/herdr/session.json workspaces=3
2026-08-14T16:12:48.239828Z  INFO herdr::logging: tab focused event="tab.focus" subsystem="tab" outcome="ok" workspace_id="w8" tab_id="w8:t1"
2026-08-14T16:12:53.250266Z  INFO herdr::logging: session saved event="persist.save" subsystem="persist" outcome="ok" path=/home/james/.config/herdr/session.json workspaces=3
2026-08-14T16:14:07.542584Z  INFO herdr::logging: tab focused event="tab.focus" subsystem="tab" outcome="ok" workspace_id="w8" tab_id="w8:tQ"
2026-08-14T16:14:12.366464Z  INFO herdr::app::actions: copied selection to clipboard
2026-08-14T16:14:12.552894Z  INFO herdr::logging: session saved event="persist.save" subsystem="persist" outcome="ok" path=/home/james/.config/herdr/session.json workspaces=3
2026-08-14T16:17:53.613905Z  INFO herdr::logging: tab focused event="tab.focus" subsystem="tab" outcome="ok" workspace_id="w8" tab_id="w8:t1"
2026-08-14T16:17:55.641970Z  INFO herdr::logging: tab focused event="tab.focus" subsystem="tab" outcome="ok" workspace_id="w8" tab_id="w8:tQ"
2026-08-14T16:17:56.395260Z  INFO herdr::logging: tab focused event="tab.focus" subsystem="tab" outcome="ok" workspace_id="w8" tab_id="w8:t1"
2026-08-14T16:17:56.813538Z  INFO herdr::logging: tab focused event="tab.focus" subsystem="tab" outcome="ok" workspace_id="w8" tab_id="w8:tN"
2026-08-14T16:17:58.758243Z  INFO herdr::logging: tab focused event="tab.focus" subsystem="tab" outcome="ok" workspace_id="w8" tab_id="w8:t1"
2026-08-14T16:17:59.260398Z  INFO herdr::logging: tab focused event="tab.focus" subsystem="tab" outcome="ok" workspace_id="w8" tab_id="w8:tQ"
2026-08-14T16:18:04.270487Z  INFO herdr::logging: session saved event="persist.save" subsystem="persist" outcome="ok" path=/home/james/.config/herdr/session.json workspaces=3
2026-08-14T16:18:57.700421Z  INFO herdr::logging: tab focused event="tab.focus" subsystem="tab" outcome="ok" workspace_id="w8" tab_id="w8:t1"
2026-08-14T16:18:58.680088Z  INFO herdr::logging: tab focused event="tab.focus" subsystem="tab" outcome="ok" workspace_id="w8" tab_id="w8:tN"
2026-08-14T16:18:59.384102Z  INFO herdr::logging: tab focused event="tab.focus" subsystem="tab" outcome="ok" workspace_id="w8" tab_id="w8:tQ"
2026-08-14T16:19:04.389867Z  INFO herdr::logging: session saved event="persist.save" subsystem="persist" outcome="ok" path=/home/james/.config/herdr/session.json workspaces=3
2026-08-14T16:19:04.787441Z  INFO herdr::logging: tab focused event="tab.focus" subsystem="tab" outcome="ok" workspace_id="w8" tab_id="w8:t1"
2026-08-14T16:19:06.919068Z  INFO herdr::logging: tab focused event="tab.focus" subsystem="tab" outcome="ok" workspace_id="w8" tab_id="w8:tQ"
2026-08-14T16:19:11.928673Z  INFO herdr::logging: session saved event="persist.save" subsystem="persist" outcome="ok" path=/home/james/.config/herdr/session.json workspaces=3
2026-08-14T16:23:17.434231Z  INFO herdr::logging: workspace focused event="workspace.focus" subsystem="workspace" outcome="ok" workspace_id="w9"
2026-08-14T16:23:17.434263Z  INFO herdr::logging: tab focused event="tab.focus" subsystem="tab" outcome="ok" workspace_id="w9" tab_id="w9:t1"
2026-08-14T16:23:21.701436Z  INFO herdr::logging: spawning pane terminal event="pane.spawn.start" subsystem="pane" outcome="started" pane_id=46 rows=80 cols=273 scrollback_limit_bytes=10000000
2026-08-14T16:23:21.703388Z  INFO herdr::logging: pane child spawned event="pane.spawned" subsystem="pane" outcome="ok" pane_id=46 pid=785010
2026-08-14T16:23:21.703603Z  INFO herdr::logging: tab focused event="tab.focus" subsystem="tab" outcome="ok" workspace_id="w9" tab_id="w9:tE"
2026-08-14T16:23:26.708129Z  INFO herdr::logging: session saved event="persist.save" subsystem="persist" outcome="ok" path=/home/james/.config/herdr/session.json workspaces=3
2026-08-14T16:26:14.201585Z  INFO herdr::logging: tab focused event="tab.focus" subsystem="tab" outcome="ok" workspace_id="w9" tab_id="w9:t1"
2026-08-14T16:26:14.546413Z  INFO herdr::logging: tab focused event="tab.focus" subsystem="tab" outcome="ok" workspace_id="w9" tab_id="w9:t1"
2026-08-14T16:26:15.560313Z  INFO herdr::logging: tab focused event="tab.focus" subsystem="tab" outcome="ok" workspace_id="w9" tab_id="w9:tE"
2026-08-14T16:26:20.563730Z  INFO herdr::logging: session saved event="persist.save" subsystem="persist" outcome="ok" path=/home/james/.config/herdr/session.json workspaces=3
2026-08-14T16:27:17.132901Z  INFO herdr::app::actions: copied selection to clipboard
2026-08-14T16:27:17.896253Z  INFO herdr::logging: tab focused event="tab.focus" subsystem="tab" outcome="ok" workspace_id="w9" tab_id="w9:t1"
2026-08-14T16:27:19.520291Z  INFO herdr::logging: tab focused event="tab.focus" subsystem="tab" outcome="ok" workspace_id="w9" tab_id="w9:tC"
2026-08-14T16:27:24.528607Z  INFO herdr::logging: session saved event="persist.save" subsystem="persist" outcome="ok" path=/home/james/.config/herdr/session.json workspaces=3
2026-08-14T16:27:34.003579Z  INFO herdr::app::actions: copied selection to clipboard
2026-08-14T16:27:35.968225Z  INFO herdr::logging: spawning pane terminal event="pane.spawn.start" subsystem="pane" outcome="started" pane_id=47 rows=80 cols=273 scrollback_limit_bytes=10000000
2026-08-14T16:27:35.970036Z  INFO herdr::logging: pane child spawned event="pane.spawned" subsystem="pane" outcome="ok" pane_id=47 pid=786462
2026-08-14T16:27:35.970194Z  INFO herdr::logging: tab focused event="tab.focus" subsystem="tab" outcome="ok" workspace_id="w9" tab_id="w9:tF"
2026-08-14T16:27:38.283965Z  INFO herdr::logging: pane child exited event="pane.exit" subsystem="pane" outcome="completed" pane_id=47 status="ExitStatus { code: 0, signal: None }"
2026-08-14T16:27:38.288507Z  INFO herdr::pane: pane session terminated pane=47 pid=786462 signal=Hangup
2026-08-14T16:27:39.419053Z  INFO herdr::logging: spawning pane terminal event="pane.spawn.start" subsystem="pane" outcome="started" pane_id=48 rows=80 cols=273 scrollback_limit_bytes=10000000
2026-08-14T16:27:39.421120Z  INFO herdr::logging: pane child spawned event="pane.spawned" subsystem="pane" outcome="ok" pane_id=48 pid=786507
2026-08-14T16:27:39.421268Z  INFO herdr::logging: tab focused event="tab.focus" subsystem="tab" outcome="ok" workspace_id="w9" tab_id="w9:tG"
2026-08-14T16:27:40.978158Z  INFO herdr::pane: agent changed pane=48 previous_agent=None agent=Some(Codex) process=codex pgid=Some(786539)
2026-08-14T16:27:44.425279Z  INFO herdr::logging: session saved event="persist.save" subsystem="persist" outcome="ok" path=/home/james/.config/herdr/session.json workspaces=3
2026-08-14T16:28:49.230052Z  INFO herdr::logging: tab focused event="tab.focus" subsystem="tab" outcome="ok" workspace_id="w9" tab_id="w9:t1"
2026-08-14T16:28:51.860387Z  INFO herdr::logging: tab focused event="tab.focus" subsystem="tab" outcome="ok" workspace_id="w9" tab_id="w9:tE"
2026-08-14T16:28:56.863719Z  INFO herdr::logging: session saved event="persist.save" subsystem="persist" outcome="ok" path=/home/james/.config/herdr/session.json workspaces=3
2026-08-14T16:28:59.395538Z  INFO herdr::logging: tab focused event="tab.focus" subsystem="tab" outcome="ok" workspace_id="w9" tab_id="w9:tG"
2026-08-14T16:29:04.397494Z  INFO herdr::logging: session saved event="persist.save" subsystem="persist" outcome="ok" path=/home/james/.config/herdr/session.json workspaces=3
2026-08-14T16:30:18.525883Z  INFO herdr::logging: spawning pane terminal event="pane.spawn.start" subsystem="pane" outcome="started" pane_id=49 rows=80 cols=273 scrollback_limit_bytes=10000000
2026-08-14T16:30:18.527979Z  INFO herdr::logging: pane child spawned event="pane.spawned" subsystem="pane" outcome="ok" pane_id=49 pid=790077
2026-08-14T16:30:18.528179Z  INFO herdr::logging: tab focused event="tab.focus" subsystem="tab" outcome="ok" workspace_id="w9" tab_id="w9:tH"
2026-08-14T16:30:23.531577Z  INFO herdr::logging: session saved event="persist.save" subsystem="persist" outcome="ok" path=/home/james/.config/herdr/session.json workspaces=3
2026-08-14T16:30:38.208775Z  INFO herdr::logging: tab focused event="tab.focus" subsystem="tab" outcome="ok" workspace_id="w9" tab_id="w9:tG"
2026-08-14T16:30:39.326745Z  INFO herdr::logging: tab focused event="tab.focus" subsystem="tab" outcome="ok" workspace_id="w9" tab_id="w9:tH"
2026-08-14T16:30:39.700643Z  INFO herdr::logging: tab focused event="tab.focus" subsystem="tab" outcome="ok" workspace_id="w9" tab_id="w9:tG"
2026-08-14T16:30:40.015941Z  INFO herdr::logging: tab focused event="tab.focus" subsystem="tab" outcome="ok" workspace_id="w9" tab_id="w9:tE"
2026-08-14T16:30:41.084221Z  INFO herdr::logging: tab focused event="tab.focus" subsystem="tab" outcome="ok" workspace_id="w9" tab_id="w9:tC"
2026-08-14T16:30:44.810699Z  INFO herdr::logging: tab focused event="tab.focus" subsystem="tab" outcome="ok" workspace_id="w9" tab_id="w9:tE"
2026-08-14T16:30:45.179965Z  INFO herdr::logging: tab focused event="tab.focus" subsystem="tab" outcome="ok" workspace_id="w9" tab_id="w9:tG"
2026-08-14T16:30:45.533958Z  INFO herdr::logging: tab focused event="tab.focus" subsystem="tab" outcome="ok" workspace_id="w9" tab_id="w9:tH"
2026-08-14T16:30:47.906485Z  INFO herdr::logging: tab focused event="tab.focus" subsystem="tab" outcome="ok" workspace_id="w9" tab_id="w9:t1"
2026-08-14T16:30:48.399007Z  INFO herdr::logging: tab focused event="tab.focus" subsystem="tab" outcome="ok" workspace_id="w9" tab_id="w9:tH"
2026-08-14T16:30:50.496506Z  INFO herdr::logging: tab focused event="tab.focus" subsystem="tab" outcome="ok" workspace_id="w9" tab_id="w9:t1"
2026-08-14T16:30:51.131197Z  INFO herdr::logging: tab focused event="tab.focus" subsystem="tab" outcome="ok" workspace_id="w9" tab_id="w9:tH"
2026-08-14T16:30:51.663231Z  INFO herdr::logging: tab focused event="tab.focus" subsystem="tab" outcome="ok" workspace_id="w9" tab_id="w9:t1"
2026-08-14T16:30:52.051785Z  INFO herdr::logging: tab focused event="tab.focus" subsystem="tab" outcome="ok" workspace_id="w9" tab_id="w9:tC"
2026-08-14T16:30:54.267739Z  INFO herdr::logging: tab focused event="tab.focus" subsystem="tab" outcome="ok" workspace_id="w9" tab_id="w9:tE"
2026-08-14T16:30:54.749953Z  INFO herdr::logging: tab focused event="tab.focus" subsystem="tab" outcome="ok" workspace_id="w9" tab_id="w9:tC"
2026-08-14T16:30:56.085583Z  INFO herdr::logging: tab focused event="tab.focus" subsystem="tab" outcome="ok" workspace_id="w9" tab_id="w9:tE"
2026-08-14T16:31:00.632073Z  INFO herdr::logging: tab focused event="tab.focus" subsystem="tab" outcome="ok" workspace_id="w9" tab_id="w9:t1"
2026-08-14T16:31:01.981106Z  INFO herdr::logging: tab focused event="tab.focus" subsystem="tab" outcome="ok" workspace_id="w9" tab_id="w9:tE"
2026-08-14T16:31:05.507993Z  INFO herdr::logging: tab focused event="tab.focus" subsystem="tab" outcome="ok" workspace_id="w9" tab_id="w9:tG"
2026-08-14T16:31:06.409685Z  INFO herdr::logging: tab focused event="tab.focus" subsystem="tab" outcome="ok" workspace_id="w9" tab_id="w9:tH"
2026-08-14T16:31:06.945828Z  INFO herdr::logging: tab focused event="tab.focus" subsystem="tab" outcome="ok" workspace_id="w9" tab_id="w9:tG"
2026-08-14T16:31:07.886673Z  INFO herdr::pane: agent changed pane=48 previous_agent=Some(Codex) agent=None pgid=Some(786507)
2026-08-14T16:31:11.947713Z  INFO herdr::logging: session saved event="persist.save" subsystem="persist" outcome="ok" path=/home/james/.config/herdr/session.json workspaces=3
2026-08-14T16:31:19.992186Z  INFO herdr::logging: tab focused event="tab.focus" subsystem="tab" outcome="ok" workspace_id="w9" tab_id="w9:tH"
2026-08-14T16:31:21.566963Z  INFO herdr::logging: tab focused event="tab.focus" subsystem="tab" outcome="ok" workspace_id="w9" tab_id="w9:tG"
2026-08-14T16:31:21.926217Z  INFO herdr::logging: tab focused event="tab.focus" subsystem="tab" outcome="ok" workspace_id="w9" tab_id="w9:tE"
2026-08-14T16:31:22.345012Z  INFO herdr::logging: tab focused event="tab.focus" subsystem="tab" outcome="ok" workspace_id="w9" tab_id="w9:tC"
2026-08-14T16:31:22.724104Z  INFO herdr::logging: tab focused event="tab.focus" subsystem="tab" outcome="ok" workspace_id="w9" tab_id="w9:t1"
2026-08-14T16:31:23.457762Z  INFO herdr::logging: tab focused event="tab.focus" subsystem="tab" outcome="ok" workspace_id="w9" tab_id="w9:tC"
2026-08-14T16:31:23.798433Z  INFO herdr::logging: tab focused event="tab.focus" subsystem="tab" outcome="ok" workspace_id="w9" tab_id="w9:tE"
2026-08-14T16:31:24.711072Z  INFO herdr::logging: tab focused event="tab.focus" subsystem="tab" outcome="ok" workspace_id="w9" tab_id="w9:tC"
2026-08-14T16:31:25.709685Z  INFO herdr::logging: tab focused event="tab.focus" subsystem="tab" outcome="ok" workspace_id="w9" tab_id="w9:tE"
2026-08-14T16:31:27.245735Z  INFO herdr::logging: tab focused event="tab.focus" subsystem="tab" outcome="ok" workspace_id="w9" tab_id="w9:tG"
2026-08-14T16:31:27.777654Z  INFO herdr::logging: tab focused event="tab.focus" subsystem="tab" outcome="ok" workspace_id="w9" tab_id="w9:tE"
2026-08-14T16:31:29.263825Z  INFO herdr::pane: agent changed pane=46 previous_agent=None agent=Some(Codex) process=codex pgid=Some(791111)
2026-08-14T16:31:32.780381Z  INFO herdr::logging: session saved event="persist.save" subsystem="persist" outcome="ok" path=/home/james/.config/herdr/session.json workspaces=3
2026-08-14T16:32:05.249844Z  INFO herdr::logging: tab focused event="tab.focus" subsystem="tab" outcome="ok" workspace_id="w9" tab_id="w9:tH"
2026-08-14T16:32:07.497979Z  INFO herdr::logging: tab focused event="tab.focus" subsystem="tab" outcome="ok" workspace_id="w9" tab_id="w9:tG"
2026-08-14T16:32:08.153111Z  INFO herdr::logging: tab focused event="tab.focus" subsystem="tab" outcome="ok" workspace_id="w9" tab_id="w9:tE"
2026-08-14T16:32:08.940459Z  INFO herdr::logging: tab focused event="tab.focus" subsystem="tab" outcome="ok" workspace_id="w9" tab_id="w9:tC"
2026-08-14T16:32:09.319578Z  INFO herdr::logging: tab focused event="tab.focus" subsystem="tab" outcome="ok" workspace_id="w9" tab_id="w9:t1"
2026-08-14T16:32:14.327848Z  INFO herdr::logging: session saved event="persist.save" subsystem="persist" outcome="ok" path=/home/james/.config/herdr/session.json workspaces=3
2026-08-14T16:32:16.154547Z  INFO herdr::logging: workspace focused event="workspace.focus" subsystem="workspace" outcome="ok" workspace_id="w8"
2026-08-14T16:32:16.154574Z  INFO herdr::logging: tab focused event="tab.focus" subsystem="tab" outcome="ok" workspace_id="w8" tab_id="w8:t1"
2026-08-14T16:32:21.162740Z  INFO herdr::logging: session saved event="persist.save" subsystem="persist" outcome="ok" path=/home/james/.config/herdr/session.json workspaces=3
2026-08-14T16:36:14.494076Z  INFO herdr::logging: tab focused event="tab.focus" subsystem="tab" outcome="ok" workspace_id="w8" tab_id="w8:tQ"
2026-08-14T16:36:19.504434Z  INFO herdr::logging: session saved event="persist.save" subsystem="persist" outcome="ok" path=/home/james/.config/herdr/session.json workspaces=3
2026-08-14T16:36:30.862618Z  INFO herdr::logging: tab focused event="tab.focus" subsystem="tab" outcome="ok" workspace_id="w8" tab_id="w8:tN"
2026-08-14T16:36:31.434117Z  INFO herdr::logging: tab focused event="tab.focus" subsystem="tab" outcome="ok" workspace_id="w8" tab_id="w8:tQ"
2026-08-14T16:36:32.216580Z  INFO herdr::logging: tab focused event="tab.focus" subsystem="tab" outcome="ok" workspace_id="w8" tab_id="w8:t1"
2026-08-14T16:36:32.586017Z  INFO herdr::logging: tab focused event="tab.focus" subsystem="tab" outcome="ok" workspace_id="w8" tab_id="w8:tN"
2026-08-14T16:36:33.152017Z  INFO herdr::logging: tab focused event="tab.focus" subsystem="tab" outcome="ok" workspace_id="w8" tab_id="w8:tQ"
2026-08-14T16:36:33.644242Z  INFO herdr::logging: tab focused event="tab.focus" subsystem="tab" outcome="ok" workspace_id="w8" tab_id="w8:tN"
2026-08-14T16:36:34.048055Z  INFO herdr::logging: tab focused event="tab.focus" subsystem="tab" outcome="ok" workspace_id="w8" tab_id="w8:t1"
2026-08-14T16:36:39.055277Z  INFO herdr::logging: session saved event="persist.save" subsystem="persist" outcome="ok" path=/home/james/.config/herdr/session.json workspaces=3
2026-08-14T16:37:50.417973Z  INFO herdr::logging: checking for updates event="update.check.start" subsystem="update" outcome="started"
2026-08-14T16:37:50.516594Z  WARN herdr::detect::manifest_update: skipping unknown remote manifest agent agent="qwen"
2026-08-14T16:38:51.074556Z  INFO herdr::logging: workspace focused event="workspace.focus" subsystem="workspace" outcome="ok" workspace_id="w9"
2026-08-14T16:38:51.074588Z  INFO herdr::logging: tab focused event="tab.focus" subsystem="tab" outcome="ok" workspace_id="w9" tab_id="w9:tE"
2026-08-14T16:38:56.083998Z  INFO herdr::logging: session saved event="persist.save" subsystem="persist" outcome="ok" path=/home/james/.config/herdr/session.json workspaces=3
2026-08-14T16:38:56.262837Z  INFO herdr::logging: pane child exited event="pane.exit" subsystem="pane" outcome="completed" pane_id=46 status="ExitStatus { code: 0, signal: None }"
2026-08-14T16:38:56.268200Z  INFO herdr::pane: pane session terminated pane=46 pid=785010 signal=Hangup
2026-08-14T16:38:57.704422Z  INFO herdr::logging: tab focused event="tab.focus" subsystem="tab" outcome="ok" workspace_id="w9" tab_id="w9:tG"
2026-08-14T16:38:58.604865Z  INFO herdr::logging: tab focused event="tab.focus" subsystem="tab" outcome="ok" workspace_id="w9" tab_id="w9:tH"
2026-08-14T16:38:59.077788Z  INFO herdr::logging: tab focused event="tab.focus" subsystem="tab" outcome="ok" workspace_id="w9" tab_id="w9:tG"
2026-08-14T16:38:59.782797Z  INFO herdr::logging: tab focused event="tab.focus" subsystem="tab" outcome="ok" workspace_id="w9" tab_id="w9:tC"
2026-08-14T16:39:00.825156Z  INFO herdr::logging: tab focused event="tab.focus" subsystem="tab" outcome="ok" workspace_id="w9" tab_id="w9:tG"
2026-08-14T16:39:01.199319Z  INFO herdr::logging: tab focused event="tab.focus" subsystem="tab" outcome="ok" workspace_id="w9" tab_id="w9:tC"
2026-08-14T16:39:06.206566Z  INFO herdr::logging: session saved event="persist.save" subsystem="persist" outcome="ok" path=/home/james/.config/herdr/session.json workspaces=3
2026-08-14T16:39:30.090907Z  INFO herdr::pane: agent changed pane=44 previous_agent=None agent=Some(Codex) process=codex pgid=Some(798192)
2026-08-14T16:42:55.353926Z  INFO herdr::logging: tab focused event="tab.focus" subsystem="tab" outcome="ok" workspace_id="w9" tab_id="w9:tH"
2026-08-14T16:43:00.367519Z  INFO herdr::logging: session saved event="persist.save" subsystem="persist" outcome="ok" path=/home/james/.config/herdr/session.json workspaces=3
2026-08-14T16:43:00.843293Z  INFO herdr::logging: tab focused event="tab.focus" subsystem="tab" outcome="ok" workspace_id="w9" tab_id="w9:tC"
2026-08-14T16:43:01.883439Z  INFO herdr::logging: workspace focused event="workspace.focus" subsystem="workspace" outcome="ok" workspace_id="w8"
2026-08-14T16:43:01.883471Z  INFO herdr::logging: tab focused event="tab.focus" subsystem="tab" outcome="ok" workspace_id="w8" tab_id="w8:t1"
2026-08-14T16:43:06.897966Z  INFO herdr::logging: session saved event="persist.save" subsystem="persist" outcome="ok" path=/home/james/.config/herdr/session.json workspaces=3
2026-08-14T16:44:56.269821Z  INFO herdr::logging: workspace focused event="workspace.focus" subsystem="workspace" outcome="ok" workspace_id="w9"
2026-08-14T16:44:56.269851Z  INFO herdr::logging: tab focused event="tab.focus" subsystem="tab" outcome="ok" workspace_id="w9" tab_id="w9:t1"
2026-08-14T16:44:56.639040Z  INFO herdr::logging: workspace focused event="workspace.focus" subsystem="workspace" outcome="ok" workspace_id="wA"
2026-08-14T16:44:56.639069Z  INFO herdr::logging: tab focused event="tab.focus" subsystem="tab" outcome="ok" workspace_id="wA" tab_id="wA:t1"
2026-08-14T16:44:57.185265Z  INFO herdr::logging: workspace focused event="workspace.focus" subsystem="workspace" outcome="ok" workspace_id="w9"
2026-08-14T16:44:57.185295Z  INFO herdr::logging: tab focused event="tab.focus" subsystem="tab" outcome="ok" workspace_id="w9" tab_id="w9:t1"
2026-08-14T16:44:57.584243Z  INFO herdr::logging: workspace focused event="workspace.focus" subsystem="workspace" outcome="ok" workspace_id="w8"
2026-08-14T16:44:57.584267Z  INFO herdr::logging: tab focused event="tab.focus" subsystem="tab" outcome="ok" workspace_id="w8" tab_id="w8:t1"
2026-08-14T16:44:58.445859Z  INFO herdr::logging: tab focused event="tab.focus" subsystem="tab" outcome="ok" workspace_id="w8" tab_id="w8:tN"
2026-08-14T16:44:59.395808Z  INFO herdr::logging: tab focused event="tab.focus" subsystem="tab" outcome="ok" workspace_id="w8" tab_id="w8:tQ"
2026-08-14T16:45:00.882421Z  INFO herdr::logging: workspace focused event="workspace.focus" subsystem="workspace" outcome="ok" workspace_id="w9"
2026-08-14T16:45:00.882452Z  INFO herdr::logging: tab focused event="tab.focus" subsystem="tab" outcome="ok" workspace_id="w9" tab_id="w9:t1"
2026-08-14T16:45:02.571075Z  INFO herdr::logging: tab focused event="tab.focus" subsystem="tab" outcome="ok" workspace_id="w9" tab_id="w9:tG"
2026-08-14T16:45:03.078437Z  INFO herdr::logging: tab focused event="tab.focus" subsystem="tab" outcome="ok" workspace_id="w9" tab_id="w9:tC"
2026-08-14T16:45:04.220439Z  INFO herdr::logging: tab focused event="tab.focus" subsystem="tab" outcome="ok" workspace_id="w9" tab_id="w9:tG"
2026-08-14T16:45:04.758914Z  INFO herdr::logging: tab focused event="tab.focus" subsystem="tab" outcome="ok" workspace_id="w9" tab_id="w9:tH"
2026-08-14T16:45:05.354787Z  INFO herdr::logging: tab focused event="tab.focus" subsystem="tab" outcome="ok" workspace_id="w9" tab_id="w9:tC"
2026-08-14T16:45:10.369400Z  INFO herdr::logging: session saved event="persist.save" subsystem="persist" outcome="ok" path=/home/james/.config/herdr/session.json workspaces=3
2026-08-14T16:46:38.143763Z  INFO herdr::logging: tab focused event="tab.focus" subsystem="tab" outcome="ok" workspace_id="w9" tab_id="w9:tH"
2026-08-14T16:46:43.159946Z  INFO herdr::logging: session saved event="persist.save" subsystem="persist" outcome="ok" path=/home/james/.config/herdr/session.json workspaces=3
2026-08-14T16:47:08.664545Z  INFO herdr::logging: tab focused event="tab.focus" subsystem="tab" outcome="ok" workspace_id="w9" tab_id="w9:tG"
2026-08-14T16:47:13.675452Z  INFO herdr::logging: session saved event="persist.save" subsystem="persist" outcome="ok" path=/home/james/.config/herdr/session.json workspaces=3
2026-08-14T16:47:14.267858Z  INFO herdr::logging: tab focused event="tab.focus" subsystem="tab" outcome="ok" workspace_id="w9" tab_id="w9:t1"
2026-08-14T16:47:17.196430Z  INFO herdr::logging: tab focused event="tab.focus" subsystem="tab" outcome="ok" workspace_id="w9" tab_id="w9:tC"
2026-08-14T16:47:18.998076Z  INFO herdr::logging: workspace focused event="workspace.focus" subsystem="workspace" outcome="ok" workspace_id="w8"
2026-08-14T16:47:18.998112Z  INFO herdr::logging: tab focused event="tab.focus" subsystem="tab" outcome="ok" workspace_id="w8" tab_id="w8:tQ"
2026-08-14T16:47:19.702378Z  INFO herdr::logging: workspace focused event="workspace.focus" subsystem="workspace" outcome="ok" workspace_id="wA"
2026-08-14T16:47:19.702410Z  INFO herdr::logging: tab focused event="tab.focus" subsystem="tab" outcome="ok" workspace_id="wA" tab_id="wA:t1"
2026-08-14T16:47:20.652930Z  INFO herdr::logging: workspace focused event="workspace.focus" subsystem="workspace" outcome="ok" workspace_id="w9"
2026-08-14T16:47:20.652960Z  INFO herdr::logging: tab focused event="tab.focus" subsystem="tab" outcome="ok" workspace_id="w9" tab_id="w9:tC"
2026-08-14T16:47:21.671910Z  INFO herdr::logging: workspace focused event="workspace.focus" subsystem="workspace" outcome="ok" workspace_id="w8"
2026-08-14T16:47:21.671940Z  INFO herdr::logging: tab focused event="tab.focus" subsystem="tab" outcome="ok" workspace_id="w8" tab_id="w8:t1"
2026-08-14T16:47:26.688253Z  INFO herdr::logging: session saved event="persist.save" subsystem="persist" outcome="ok" path=/home/james/.config/herdr/session.json workspaces=3
2026-08-14T16:52:04.606428Z  INFO herdr::server::headless: client connected client_id=8 cols=299 rows=81 cell_width_px=0 cell_height_px=0 render_encoding=TerminalAnsi
2026-08-14T16:52:17.858395Z  INFO herdr::logging: spawning pane terminal event="pane.spawn.start" subsystem="pane" outcome="started" pane_id=50 rows=80 cols=273 scrollback_limit_bytes=10000000
2026-08-14T16:52:17.860721Z  INFO herdr::logging: pane child spawned event="pane.spawned" subsystem="pane" outcome="ok" pane_id=50 pid=815263
2026-08-14T16:52:17.860911Z  INFO herdr::logging: tab focused event="tab.focus" subsystem="tab" outcome="ok" workspace_id="w8" tab_id="w8:tR"
2026-08-14T16:52:22.865353Z  INFO herdr::logging: session saved event="persist.save" subsystem="persist" outcome="ok" path=/home/james/.config/herdr/session.json workspaces=3
2026-08-14T16:52:42.082363Z  INFO herdr::logging: tab focused event="tab.focus" subsystem="tab" outcome="ok" workspace_id="w8" tab_id="w8:t1"
2026-08-14T16:52:42.909171Z  INFO herdr::logging: tab focused event="tab.focus" subsystem="tab" outcome="ok" workspace_id="w8" tab_id="w8:tN"
2026-08-14T16:52:43.462758Z  INFO herdr::logging: tab focused event="tab.focus" subsystem="tab" outcome="ok" workspace_id="w8" tab_id="w8:tQ"
2026-08-14T16:52:43.930140Z  INFO herdr::logging: tab focused event="tab.focus" subsystem="tab" outcome="ok" workspace_id="w8" tab_id="w8:tR"
2026-08-14T16:52:44.452077Z  INFO herdr::logging: tab focused event="tab.focus" subsystem="tab" outcome="ok" workspace_id="w8" tab_id="w8:t1"
2026-08-14T16:52:45.865452Z  INFO herdr::logging: tab focused event="tab.focus" subsystem="tab" outcome="ok" workspace_id="w8" tab_id="w8:tN"
2026-08-14T16:52:46.416979Z  INFO herdr::logging: tab focused event="tab.focus" subsystem="tab" outcome="ok" workspace_id="w8" tab_id="w8:t1"
2026-08-14T16:52:51.420655Z  INFO herdr::logging: session saved event="persist.save" subsystem="persist" outcome="ok" path=/home/james/.config/herdr/session.json workspaces=3
2026-08-14T16:52:54.000869Z  INFO herdr::logging: tab focused event="tab.focus" subsystem="tab" outcome="ok" workspace_id="w8" tab_id="w8:tR"
2026-08-14T16:52:59.004574Z  INFO herdr::logging: session saved event="persist.save" subsystem="persist" outcome="ok" path=/home/james/.config/herdr/session.json workspaces=3
2026-08-14T16:53:09.706654Z  INFO herdr::logging: tab focused event="tab.focus" subsystem="tab" outcome="ok" workspace_id="w8" tab_id="w8:t1"
2026-08-14T16:53:14.710681Z  INFO herdr::logging: session saved event="persist.save" subsystem="persist" outcome="ok" path=/home/james/.config/herdr/session.json workspaces=3
2026-08-14T16:53:16.831355Z  INFO herdr::logging: tab focused event="tab.focus" subsystem="tab" outcome="ok" workspace_id="w8" tab_id="w8:tR"
2026-08-14T16:53:21.836450Z  INFO herdr::logging: session saved event="persist.save" subsystem="persist" outcome="ok" path=/home/james/.config/herdr/session.json workspaces=3
2026-08-14T16:53:44.578005Z  INFO herdr::logging: pane child exited event="pane.exit" subsystem="pane" outcome="completed" pane_id=50 status="ExitStatus { code: 0, signal: None }"
2026-08-14T16:53:44.590550Z  INFO herdr::pane: pane session terminated pane=50 pid=815263 signal=Hangup
2026-08-14T16:53:45.385547Z  INFO herdr::logging: tab focused event="tab.focus" subsystem="tab" outcome="ok" workspace_id="w8" tab_id="w8:t1"
2026-08-14T16:53:47.102183Z  INFO herdr::logging: tab focused event="tab.focus" subsystem="tab" outcome="ok" workspace_id="w8" tab_id="w8:tN"
2026-08-14T16:53:47.589688Z  INFO herdr::logging: tab focused event="tab.focus" subsystem="tab" outcome="ok" workspace_id="w8" tab_id="w8:t1"
2026-08-14T16:53:48.992260Z  WARN herdr::raw_input: flushing lone escape after input timeout; if this follows an alt chord or focus switch it may reach the pane as plain esc bytes=[27]
2026-08-14T16:53:50.060603Z  INFO herdr::logging: tab focused event="tab.focus" subsystem="tab" outcome="ok" workspace_id="w8" tab_id="w8:tN"
2026-08-14T16:53:50.420351Z  INFO herdr::logging: tab focused event="tab.focus" subsystem="tab" outcome="ok" workspace_id="w8" tab_id="w8:tQ"
2026-08-14T16:53:53.998358Z  INFO herdr::logging: tab focused event="tab.focus" subsystem="tab" outcome="ok" workspace_id="w8" tab_id="w8:t1"
2026-08-14T16:53:54.486177Z  INFO herdr::logging: tab focused event="tab.focus" subsystem="tab" outcome="ok" workspace_id="w8" tab_id="w8:tN"
2026-08-14T16:53:55.077017Z  INFO herdr::logging: tab focused event="tab.focus" subsystem="tab" outcome="ok" workspace_id="w8" tab_id="w8:t1"
2026-08-14T16:54:00.080785Z  INFO herdr::logging: session saved event="persist.save" subsystem="persist" outcome="ok" path=/home/james/.config/herdr/session.json workspaces=3
2026-08-14T16:54:08.497538Z  INFO herdr::app::actions: copied selection to clipboard
2026-08-14T16:54:16.547842Z  INFO herdr::app::actions: copied selection to clipboard
2026-08-14T16:54:45.215320Z  INFO herdr::logging: workspace focused event="workspace.focus" subsystem="workspace" outcome="ok" workspace_id="w9"
2026-08-14T16:54:45.215352Z  INFO herdr::logging: tab focused event="tab.focus" subsystem="tab" outcome="ok" workspace_id="w9" tab_id="w9:tC"
2026-08-14T16:54:50.240863Z  INFO herdr::logging: session saved event="persist.save" subsystem="persist" outcome="ok" path=/home/james/.config/herdr/session.json workspaces=3
2026-08-14T16:55:06.949778Z  INFO herdr::app::actions: copied selection to clipboard
2026-08-14T16:55:09.106314Z  INFO herdr::app::actions: copied selection to clipboard
2026-08-14T16:55:10.110663Z  INFO herdr::app::actions: copied selection to clipboard
2026-08-14T16:55:11.873041Z  INFO herdr::app::actions: copied selection to clipboard
2026-08-14T16:55:13.991445Z  INFO herdr::app::actions: copied selection to clipboard
2026-08-14T16:55:14.601792Z  INFO herdr::app::actions: copied selection to clipboard
2026-08-14T16:55:16.054324Z  INFO herdr::app::actions: copied selection to clipboard
2026-08-14T16:55:42.011655Z  INFO herdr::app::actions: copied selection to clipboard
2026-08-14T16:56:49.673316Z  INFO herdr::app::actions: copied selection to clipboard
2026-08-14T16:56:55.009499Z  INFO herdr::logging: tab focused event="tab.focus" subsystem="tab" outcome="ok" workspace_id="w9" tab_id="w9:t1"
2026-08-14T16:56:57.933685Z  INFO herdr::logging: workspace focused event="workspace.focus" subsystem="workspace" outcome="ok" workspace_id="w8"
2026-08-14T16:56:57.933719Z  INFO herdr::logging: tab focused event="tab.focus" subsystem="tab" outcome="ok" workspace_id="w8" tab_id="w8:t1"
2026-08-14T16:56:59.467859Z  INFO herdr::app::actions: copied selection to clipboard
2026-08-14T16:57:02.938609Z  INFO herdr::logging: session saved event="persist.save" subsystem="persist" outcome="ok" path=/home/james/.config/herdr/session.json workspaces=3
2026-08-14T16:57:08.536697Z  INFO herdr::logging: tab focused event="tab.focus" subsystem="tab" outcome="ok" workspace_id="w8" tab_id="w8:tQ"
2026-08-14T16:57:09.038319Z  INFO herdr::logging: tab focused event="tab.focus" subsystem="tab" outcome="ok" workspace_id="w8" tab_id="w8:tN"
2026-08-14T16:57:11.647672Z  INFO herdr::logging: tab focused event="tab.focus" subsystem="tab" outcome="ok" workspace_id="w8" tab_id="w8:tQ"
2026-08-14T16:57:16.652327Z  INFO herdr::logging: session saved event="persist.save" subsystem="persist" outcome="ok" path=/home/james/.config/herdr/session.json workspaces=3
2026-08-14T16:57:20.179861Z  INFO herdr::logging: tab focused event="tab.focus" subsystem="tab" outcome="ok" workspace_id="w8" tab_id="w8:t1"
2026-08-14T16:57:25.188713Z  INFO herdr::logging: session saved event="persist.save" subsystem="persist" outcome="ok" path=/home/james/.config/herdr/session.json workspaces=3
2026-08-14T17:00:03.657461Z  INFO herdr::app::actions: copied selection to clipboard
2026-08-14T17:00:04.885624Z  INFO herdr::server::headless: client disconnected client_id=6
2026-08-14T17:01:05.161696Z  INFO herdr::logging: tab focused event="tab.focus" subsystem="tab" outcome="ok" workspace_id="w8" tab_id="w8:tN"
2026-08-14T17:01:05.816661Z  INFO herdr::logging: tab focused event="tab.focus" subsystem="tab" outcome="ok" workspace_id="w8" tab_id="w8:tQ"
2026-08-14T17:01:10.823194Z  INFO herdr::logging: session saved event="persist.save" subsystem="persist" outcome="ok" path=/home/james/.config/herdr/session.json workspaces=3
2026-08-14T17:01:13.073050Z  INFO herdr::logging: workspace focused event="workspace.focus" subsystem="workspace" outcome="ok" workspace_id="w9"
2026-08-14T17:01:13.073077Z  INFO herdr::logging: tab focused event="tab.focus" subsystem="tab" outcome="ok" workspace_id="w9" tab_id="w9:tC"
2026-08-14T17:01:14.116810Z  INFO herdr::logging: tab focused event="tab.focus" subsystem="tab" outcome="ok" workspace_id="w9" tab_id="w9:t1"
2026-08-14T17:01:15.559163Z  INFO herdr::logging: tab focused event="tab.focus" subsystem="tab" outcome="ok" workspace_id="w9" tab_id="w9:tC"
2026-08-14T17:01:16.234045Z  INFO herdr::logging: tab focused event="tab.focus" subsystem="tab" outcome="ok" workspace_id="w9" tab_id="w9:t1"
2026-08-14T17:01:18.410361Z  INFO herdr::logging: tab focused event="tab.focus" subsystem="tab" outcome="ok" workspace_id="w9" tab_id="w9:tC"
2026-08-14T17:01:19.436005Z  INFO herdr::pane: agent changed pane=44 previous_agent=Some(Codex) agent=None pgid=Some(324696)
2026-08-14T17:01:19.779805Z  INFO herdr::logging: pane child exited event="pane.exit" subsystem="pane" outcome="completed" pane_id=44 status="ExitStatus { code: 0, signal: None }"
2026-08-14T17:01:19.784880Z  INFO herdr::pane: pane session terminated pane=44 pid=324696 signal=Hangup
2026-08-14T17:01:20.826316Z  INFO herdr::logging: tab focused event="tab.focus" subsystem="tab" outcome="ok" workspace_id="w9" tab_id="w9:tG"
2026-08-14T17:01:21.466290Z  INFO herdr::logging: tab focused event="tab.focus" subsystem="tab" outcome="ok" workspace_id="w9" tab_id="w9:tH"
2026-08-14T17:01:25.596531Z  INFO herdr::logging: tab focused event="tab.focus" subsystem="tab" outcome="ok" workspace_id="w9" tab_id="w9:tG"
2026-08-14T17:01:30.611848Z  INFO herdr::logging: session saved event="persist.save" subsystem="persist" outcome="ok" path=/home/james/.config/herdr/session.json workspaces=3
2026-08-14T17:03:58.018733Z  INFO herdr::logging: tab focused event="tab.focus" subsystem="tab" outcome="ok" workspace_id="w9" tab_id="w9:tH"
2026-08-14T17:04:00.606839Z  INFO herdr::logging: tab focused event="tab.focus" subsystem="tab" outcome="ok" workspace_id="w9" tab_id="w9:tG"
2026-08-14T17:04:00.995471Z  INFO herdr::logging: tab focused event="tab.focus" subsystem="tab" outcome="ok" workspace_id="w9" tab_id="w9:t1"
2026-08-14T17:04:03.926513Z  INFO herdr::logging: spawning pane terminal event="pane.spawn.start" subsystem="pane" outcome="started" pane_id=51 rows=80 cols=273 scrollback_limit_bytes=10000000
2026-08-14T17:04:03.928582Z  INFO herdr::logging: pane child spawned event="pane.spawned" subsystem="pane" outcome="ok" pane_id=51 pid=823908
2026-08-14T17:04:03.928809Z  INFO herdr::logging: tab focused event="tab.focus" subsystem="tab" outcome="ok" workspace_id="w9" tab_id="w9:tJ"
2026-08-14T17:04:08.059671Z  INFO herdr::logging: tab focused event="tab.focus" subsystem="tab" outcome="ok" workspace_id="w9" tab_id="w9:t1"
2026-08-14T17:04:12.076910Z  INFO herdr::logging: tab focused event="tab.focus" subsystem="tab" outcome="ok" workspace_id="w9" tab_id="w9:tJ"
2026-08-14T17:04:16.289126Z  INFO herdr::app::actions: copied double-clicked token to clipboard
2026-08-14T17:04:17.080548Z  INFO herdr::logging: session saved event="persist.save" subsystem="persist" outcome="ok" path=/home/james/.config/herdr/session.json workspaces=3
2026-08-14T17:04:31.395409Z  INFO herdr::logging: tab focused event="tab.focus" subsystem="tab" outcome="ok" workspace_id="w9" tab_id="w9:t1"
2026-08-14T17:04:32.675397Z  INFO herdr::logging: tab focused event="tab.focus" subsystem="tab" outcome="ok" workspace_id="w9" tab_id="w9:tJ"
2026-08-14T17:04:37.680133Z  INFO herdr::logging: session saved event="persist.save" subsystem="persist" outcome="ok" path=/home/james/.config/herdr/session.json workspaces=3
2026-08-14T17:04:43.961741Z  INFO herdr::logging: tab focused event="tab.focus" subsystem="tab" outcome="ok" workspace_id="w9" tab_id="w9:t1"
2026-08-14T17:04:45.121023Z  INFO herdr::logging: tab focused event="tab.focus" subsystem="tab" outcome="ok" workspace_id="w9" tab_id="w9:tJ"
2026-08-14T17:04:50.125399Z  INFO herdr::logging: session saved event="persist.save" subsystem="persist" outcome="ok" path=/home/james/.config/herdr/session.json workspaces=3
2026-08-14T17:04:51.647997Z  INFO herdr::app::actions: copied double-clicked token to clipboard
2026-08-14T17:04:54.320574Z  INFO herdr::logging: tab focused event="tab.focus" subsystem="tab" outcome="ok" workspace_id="w9" tab_id="w9:t1"
2026-08-14T17:04:59.324734Z  INFO herdr::logging: session saved event="persist.save" subsystem="persist" outcome="ok" path=/home/james/.config/herdr/session.json workspaces=3
2026-08-14T17:05:02.193801Z  INFO herdr::logging: workspace focused event="workspace.focus" subsystem="workspace" outcome="ok" workspace_id="w8"
2026-08-14T17:05:02.193830Z  INFO herdr::logging: tab focused event="tab.focus" subsystem="tab" outcome="ok" workspace_id="w8" tab_id="w8:t1"
2026-08-14T17:05:07.200174Z  INFO herdr::logging: session saved event="persist.save" subsystem="persist" outcome="ok" path=/home/james/.config/herdr/session.json workspaces=3
2026-08-14T17:07:50.418911Z  INFO herdr::logging: checking for updates event="update.check.start" subsystem="update" outcome="started"
2026-08-14T17:07:50.521428Z  WARN herdr::detect::manifest_update: skipping unknown remote manifest agent agent="qwen"
2026-08-14T17:10:01.320958Z  INFO herdr::logging: workspace focused event="workspace.focus" subsystem="workspace" outcome="ok" workspace_id="w9"
2026-08-14T17:10:01.320987Z  INFO herdr::logging: tab focused event="tab.focus" subsystem="tab" outcome="ok" workspace_id="w9" tab_id="w9:t1"
2026-08-14T17:10:05.782720Z  INFO herdr::logging: tab focused event="tab.focus" subsystem="tab" outcome="ok" workspace_id="w9" tab_id="w9:tJ"
2026-08-14T17:10:10.460708Z  INFO herdr::app::actions: copied double-clicked token to clipboard
2026-08-14T17:10:10.787307Z  INFO herdr::logging: session saved event="persist.save" subsystem="persist" outcome="ok" path=/home/james/.config/herdr/session.json workspaces=3
2026-08-14T17:10:25.909899Z  INFO herdr::logging: tab focused event="tab.focus" subsystem="tab" outcome="ok" workspace_id="w9" tab_id="w9:t1"
2026-08-14T17:10:28.214686Z  INFO herdr::app::actions: copied double-clicked token to clipboard
2026-08-14T17:10:30.913672Z  INFO herdr::logging: session saved event="persist.save" subsystem="persist" outcome="ok" path=/home/james/.config/herdr/session.json workspaces=3
2026-08-14T17:10:51.112219Z  INFO herdr::logging: workspace focused event="workspace.focus" subsystem="workspace" outcome="ok" workspace_id="w8"
2026-08-14T17:10:51.112247Z  INFO herdr::logging: tab focused event="tab.focus" subsystem="tab" outcome="ok" workspace_id="w8" tab_id="w8:t1"
2026-08-14T17:10:53.229018Z  INFO herdr::logging: tab focused event="tab.focus" subsystem="tab" outcome="ok" workspace_id="w8" tab_id="w8:tN"
2026-08-14T17:10:54.686426Z  INFO herdr::logging: tab focused event="tab.focus" subsystem="tab" outcome="ok" workspace_id="w8" tab_id="w8:t1"
2026-08-14T17:10:59.692334Z  INFO herdr::logging: session saved event="persist.save" subsystem="persist" outcome="ok" path=/home/james/.config/herdr/session.json workspaces=3
2026-08-14T17:19:40.782796Z  INFO herdr::logging: workspace focused event="workspace.focus" subsystem="workspace" outcome="ok" workspace_id="w9"
2026-08-14T17:19:40.782829Z  INFO herdr::logging: tab focused event="tab.focus" subsystem="tab" outcome="ok" workspace_id="w9" tab_id="w9:t1"
2026-08-14T17:19:45.802374Z  INFO herdr::logging: session saved event="persist.save" subsystem="persist" outcome="ok" path=/home/james/.config/herdr/session.json workspaces=3
2026-08-14T17:19:47.632465Z  INFO herdr::app::actions: copied double-clicked token to clipboard
2026-08-14T17:20:02.817243Z  INFO herdr::logging: workspace focused event="workspace.focus" subsystem="workspace" outcome="ok" workspace_id="w8"
2026-08-14T17:20:02.817282Z  INFO herdr::logging: tab focused event="tab.focus" subsystem="tab" outcome="ok" workspace_id="w8" tab_id="w8:t1"
2026-08-14T17:20:07.827429Z  INFO herdr::logging: session saved event="persist.save" subsystem="persist" outcome="ok" path=/home/james/.config/herdr/session.json workspaces=3
2026-08-14T17:20:25.283652Z  INFO herdr::app::actions: copied selection to clipboard
2026-08-14T17:26:41.003247Z  INFO herdr::logging: workspace focused event="workspace.focus" subsystem="workspace" outcome="ok" workspace_id="w9"
2026-08-14T17:26:41.003279Z  INFO herdr::logging: tab focused event="tab.focus" subsystem="tab" outcome="ok" workspace_id="w9" tab_id="w9:t1"
2026-08-14T17:26:46.025398Z  INFO herdr::logging: session saved event="persist.save" subsystem="persist" outcome="ok" path=/home/james/.config/herdr/session.json workspaces=3
2026-08-14T17:26:58.505667Z  INFO herdr::app::actions: copied double-clicked token to clipboard
2026-08-14T17:27:07.786657Z  INFO herdr::logging: tab focused event="tab.focus" subsystem="tab" outcome="ok" workspace_id="w9" tab_id="w9:tJ"
2026-08-14T17:27:12.793514Z  INFO herdr::logging: session saved event="persist.save" subsystem="persist" outcome="ok" path=/home/james/.config/herdr/session.json workspaces=3
2026-08-14T17:27:43.478138Z  INFO herdr::app::actions: copied selection to clipboard
2026-08-14T17:27:48.737757Z  INFO herdr::app::actions: copied double-clicked token to clipboard
2026-08-14T17:27:52.365264Z  INFO herdr::logging: tab focused event="tab.focus" subsystem="tab" outcome="ok" workspace_id="w9" tab_id="w9:t1"
2026-08-14T17:27:57.369669Z  INFO herdr::logging: session saved event="persist.save" subsystem="persist" outcome="ok" path=/home/james/.config/herdr/session.json workspaces=3
2026-08-14T17:28:16.236865Z  WARN herdr::raw_input: flushing lone escape after input timeout; if this follows an alt chord or focus switch it may reach the pane as plain esc bytes=[27]
2026-08-14T17:28:21.362541Z  INFO herdr::logging: workspace focused event="workspace.focus" subsystem="workspace" outcome="ok" workspace_id="w8"
2026-08-14T17:28:21.362572Z  INFO herdr::logging: tab focused event="tab.focus" subsystem="tab" outcome="ok" workspace_id="w8" tab_id="w8:t1"
2026-08-14T17:28:26.374653Z  INFO herdr::logging: session saved event="persist.save" subsystem="persist" outcome="ok" path=/home/james/.config/herdr/session.json workspaces=3
2026-08-14T17:28:37.099477Z  INFO herdr::logging: workspace focused event="workspace.focus" subsystem="workspace" outcome="ok" workspace_id="w9"
2026-08-14T17:28:37.099509Z  INFO herdr::logging: tab focused event="tab.focus" subsystem="tab" outcome="ok" workspace_id="w9" tab_id="w9:t1"
2026-08-14T17:28:39.521302Z  INFO herdr::app::actions: copied selection to clipboard
2026-08-14T17:28:42.111043Z  INFO herdr::logging: session saved event="persist.save" subsystem="persist" outcome="ok" path=/home/james/.config/herdr/session.json workspaces=3
2026-08-14T17:32:44.819106Z  INFO herdr::logging: tab focused event="tab.focus" subsystem="tab" outcome="ok" workspace_id="w9" tab_id="w9:tJ"
2026-08-14T17:32:49.825880Z  INFO herdr::logging: session saved event="persist.save" subsystem="persist" outcome="ok" path=/home/james/.config/herdr/session.json workspaces=3
2026-08-14T17:32:51.100106Z  INFO herdr::app::actions: copied double-clicked token to clipboard
2026-08-14T17:33:08.380930Z  INFO herdr::app::actions: copied double-clicked token to clipboard
2026-08-14T17:33:09.534945Z  INFO herdr::logging: tab focused event="tab.focus" subsystem="tab" outcome="ok" workspace_id="w9" tab_id="w9:tH"
2026-08-14T17:33:09.938101Z  INFO herdr::logging: tab focused event="tab.focus" subsystem="tab" outcome="ok" workspace_id="w9" tab_id="w9:tG"
2026-08-14T17:33:10.455721Z  INFO herdr::logging: tab focused event="tab.focus" subsystem="tab" outcome="ok" workspace_id="w9" tab_id="w9:t1"
2026-08-14T17:33:12.577085Z  INFO herdr::logging: tab focused event="tab.focus" subsystem="tab" outcome="ok" workspace_id="w9" tab_id="w9:tJ"
2026-08-14T17:33:17.582669Z  INFO herdr::logging: session saved event="persist.save" subsystem="persist" outcome="ok" path=/home/james/.config/herdr/session.json workspaces=3
2026-08-14T17:33:30.730580Z  INFO herdr::app::actions: copied selection to clipboard
2026-08-14T17:33:31.407221Z  INFO herdr::app::actions: copied selection to clipboard
2026-08-14T17:33:33.660766Z  INFO herdr::logging: tab focused event="tab.focus" subsystem="tab" outcome="ok" workspace_id="w9" tab_id="w9:t1"
2026-08-14T17:33:34.990078Z  INFO herdr::app::actions: copied selection to clipboard
2026-08-14T17:33:38.666712Z  INFO herdr::logging: session saved event="persist.save" subsystem="persist" outcome="ok" path=/home/james/.config/herdr/session.json workspaces=3
2026-08-14T17:33:41.255533Z  INFO herdr::logging: workspace focused event="workspace.focus" subsystem="workspace" outcome="ok" workspace_id="w8"
2026-08-14T17:33:41.255562Z  INFO herdr::logging: tab focused event="tab.focus" subsystem="tab" outcome="ok" workspace_id="w8" tab_id="w8:t1"
2026-08-14T17:33:46.267880Z  INFO herdr::logging: session saved event="persist.save" subsystem="persist" outcome="ok" path=/home/james/.config/herdr/session.json workspaces=3
2026-08-14T17:37:50.419977Z  INFO herdr::logging: checking for updates event="update.check.start" subsystem="update" outcome="started"
2026-08-14T17:37:50.509488Z  WARN herdr::detect::manifest_update: skipping unknown remote manifest agent agent="qwen"
2026-08-14T17:42:48.417620Z  INFO herdr::logging: tab focused event="tab.focus" subsystem="tab" outcome="ok" workspace_id="w8" tab_id="w8:tQ"
2026-08-14T17:42:50.013982Z  INFO herdr::logging: tab focused event="tab.focus" subsystem="tab" outcome="ok" workspace_id="w8" tab_id="w8:t1"
2026-08-14T17:42:50.412499Z  INFO herdr::logging: tab focused event="tab.focus" subsystem="tab" outcome="ok" workspace_id="w8" tab_id="w8:tQ"
2026-08-14T17:42:55.427830Z  INFO herdr::logging: session saved event="persist.save" subsystem="persist" outcome="ok" path=/home/james/.config/herdr/session.json workspaces=3
2026-08-14T17:42:56.193711Z  INFO herdr::logging: workspace focused event="workspace.focus" subsystem="workspace" outcome="ok" workspace_id="w9"
2026-08-14T17:42:56.193736Z  INFO herdr::logging: tab focused event="tab.focus" subsystem="tab" outcome="ok" workspace_id="w9" tab_id="w9:t1"
2026-08-14T17:43:01.202680Z  INFO herdr::logging: session saved event="persist.save" subsystem="persist" outcome="ok" path=/home/james/.config/herdr/session.json workspaces=3
2026-08-14T17:44:31.677929Z  INFO herdr::logging: workspace focused event="workspace.focus" subsystem="workspace" outcome="ok" workspace_id="w8"
2026-08-14T17:44:31.677961Z  INFO herdr::logging: tab focused event="tab.focus" subsystem="tab" outcome="ok" workspace_id="w8" tab_id="w8:t1"
2026-08-14T17:44:36.691050Z  INFO herdr::logging: session saved event="persist.save" subsystem="persist" outcome="ok" path=/home/james/.config/herdr/session.json workspaces=3
2026-08-14T17:48:50.675923Z  INFO herdr::server::headless: client resize client_id=8 cols=299 rows=80 cell_width_px=0 cell_height_px=0
2026-08-14T17:49:27.367366Z  INFO herdr::logging: workspace focused event="workspace.focus" subsystem="workspace" outcome="ok" workspace_id="w9"
2026-08-14T17:49:27.367397Z  INFO herdr::logging: tab focused event="tab.focus" subsystem="tab" outcome="ok" workspace_id="w9" tab_id="w9:t1"
2026-08-14T17:49:32.371933Z  INFO herdr::logging: session saved event="persist.save" subsystem="persist" outcome="ok" path=/home/james/.config/herdr/session.json workspaces=3
2026-08-14T17:50:09.266452Z  INFO herdr::app::actions: copied double-clicked token to clipboard
2026-08-14T17:50:10.405329Z  INFO herdr::logging: tab focused event="tab.focus" subsystem="tab" outcome="ok" workspace_id="w9" tab_id="w9:tJ"
2026-08-14T17:50:15.410349Z  INFO herdr::logging: session saved event="persist.save" subsystem="persist" outcome="ok" path=/home/james/.config/herdr/session.json workspaces=3
2026-08-14T17:50:23.391275Z  INFO herdr::logging: tab focused event="tab.focus" subsystem="tab" outcome="ok" workspace_id="w9" tab_id="w9:t1"
2026-08-14T17:50:28.397122Z  INFO herdr::logging: session saved event="persist.save" subsystem="persist" outcome="ok" path=/home/james/.config/herdr/session.json workspaces=3
2026-08-14T17:51:07.536688Z  INFO herdr::logging: workspace focused event="workspace.focus" subsystem="workspace" outcome="ok" workspace_id="w8"
2026-08-14T17:51:07.536717Z  INFO herdr::logging: tab focused event="tab.focus" subsystem="tab" outcome="ok" workspace_id="w8" tab_id="w8:t1"
2026-08-14T17:51:12.542145Z  INFO herdr::logging: session saved event="persist.save" subsystem="persist" outcome="ok" path=/home/james/.config/herdr/session.json workspaces=3
2026-08-14T17:51:16.747355Z  INFO herdr::logging: tab focused event="tab.focus" subsystem="tab" outcome="ok" workspace_id="w8" tab_id="w8:tQ"
2026-08-14T17:51:21.755408Z  INFO herdr::logging: session saved event="persist.save" subsystem="persist" outcome="ok" path=/home/james/.config/herdr/session.json workspaces=3
2026-08-14T17:51:24.279342Z  INFO herdr::logging: tab focused event="tab.focus" subsystem="tab" outcome="ok" workspace_id="w8" tab_id="w8:t1"
2026-08-14T17:51:29.289701Z  INFO herdr::logging: session saved event="persist.save" subsystem="persist" outcome="ok" path=/home/james/.config/herdr/session.json workspaces=3
2026-08-14T17:53:27.468202Z  INFO herdr::logging: workspace focused event="workspace.focus" subsystem="workspace" outcome="ok" workspace_id="w9"
2026-08-14T17:53:27.468233Z  INFO herdr::logging: tab focused event="tab.focus" subsystem="tab" outcome="ok" workspace_id="w9" tab_id="w9:t1"
2026-08-14T17:53:32.474127Z  INFO herdr::logging: session saved event="persist.save" subsystem="persist" outcome="ok" path=/home/james/.config/herdr/session.json workspaces=3
2026-08-14T17:54:13.562707Z  INFO herdr::server::headless: client resize client_id=8 cols=299 rows=81 cell_width_px=0 cell_height_px=0
2026-08-14T18:01:16.364372Z  INFO herdr::logging: tab focused event="tab.focus" subsystem="tab" outcome="ok" workspace_id="w9" tab_id="w9:tJ"
2026-08-14T18:01:21.370716Z  INFO herdr::logging: session saved event="persist.save" subsystem="persist" outcome="ok" path=/home/james/.config/herdr/session.json workspaces=3
2026-08-14T18:01:34.217845Z  INFO herdr::logging: tab focused event="tab.focus" subsystem="tab" outcome="ok" workspace_id="w9" tab_id="w9:t1"
2026-08-14T18:01:39.225331Z  INFO herdr::logging: session saved event="persist.save" subsystem="persist" outcome="ok" path=/home/james/.config/herdr/session.json workspaces=3
2026-08-14T18:01:46.903741Z  INFO herdr::logging: tab focused event="tab.focus" subsystem="tab" outcome="ok" workspace_id="w9" tab_id="w9:tJ"
2026-08-14T18:01:51.911957Z  INFO herdr::logging: session saved event="persist.save" subsystem="persist" outcome="ok" path=/home/james/.config/herdr/session.json workspaces=3
2026-08-14T18:02:02.886168Z  INFO herdr::app::actions: copied double-clicked token to clipboard
2026-08-14T18:02:04.512290Z  INFO herdr::logging: tab focused event="tab.focus" subsystem="tab" outcome="ok" workspace_id="w9" tab_id="w9:t1"
2026-08-14T18:02:09.518687Z  INFO herdr::logging: session saved event="persist.save" subsystem="persist" outcome="ok" path=/home/james/.config/herdr/session.json workspaces=3
2026-08-14T18:02:12.743726Z  INFO herdr::logging: workspace focused event="workspace.focus" subsystem="workspace" outcome="ok" workspace_id="w8"
2026-08-14T18:02:12.743754Z  INFO herdr::logging: tab focused event="tab.focus" subsystem="tab" outcome="ok" workspace_id="w8" tab_id="w8:t1"
2026-08-14T18:02:17.749604Z  INFO herdr::logging: session saved event="persist.save" subsystem="persist" outcome="ok" path=/home/james/.config/herdr/session.json workspaces=3
2026-08-14T18:04:41.127499Z  INFO herdr::logging: tab focused event="tab.focus" subsystem="tab" outcome="ok" workspace_id="w8" tab_id="w8:tQ"
2026-08-14T18:04:46.137437Z  INFO herdr::logging: session saved event="persist.save" subsystem="persist" outcome="ok" path=/home/james/.config/herdr/session.json workspaces=3
2026-08-14T18:04:47.123331Z  INFO herdr::logging: tab focused event="tab.focus" subsystem="tab" outcome="ok" workspace_id="w8" tab_id="w8:t1"
2026-08-14T18:04:48.076738Z  INFO herdr::logging: tab focused event="tab.focus" subsystem="tab" outcome="ok" workspace_id="w8" tab_id="w8:tQ"
2026-08-14T18:04:50.870966Z  INFO herdr::logging: workspace focused event="workspace.focus" subsystem="workspace" outcome="ok" workspace_id="w9"
2026-08-14T18:04:50.871003Z  INFO herdr::logging: tab focused event="tab.focus" subsystem="tab" outcome="ok" workspace_id="w9" tab_id="w9:t1"
2026-08-14T18:04:55.882841Z  INFO herdr::logging: session saved event="persist.save" subsystem="persist" outcome="ok" path=/home/james/.config/herdr/session.json workspaces=3
2026-08-14T18:07:50.420927Z  INFO herdr::logging: checking for updates event="update.check.start" subsystem="update" outcome="started"
2026-08-14T18:07:50.515202Z  WARN herdr::detect::manifest_update: skipping unknown remote manifest agent agent="qwen"
2026-08-14T18:12:30.087204Z  INFO herdr::app::actions: copied selection to clipboard
2026-08-14T18:12:31.342486Z  INFO herdr::server::headless: client resize client_id=8 cols=299 rows=80 cell_width_px=0 cell_height_px=0
2026-08-14T18:12:33.722655Z  INFO herdr::logging: workspace focused event="workspace.focus" subsystem="workspace" outcome="ok" workspace_id="w8"
2026-08-14T18:12:33.722683Z  INFO herdr::logging: tab focused event="tab.focus" subsystem="tab" outcome="ok" workspace_id="w8" tab_id="w8:t1"
2026-08-14T18:12:34.756146Z  INFO herdr::logging: workspace focused event="workspace.focus" subsystem="workspace" outcome="ok" workspace_id="w9"
2026-08-14T18:12:34.756183Z  INFO herdr::logging: tab focused event="tab.focus" subsystem="tab" outcome="ok" workspace_id="w9" tab_id="w9:t1"
2026-08-14T18:12:35.586657Z  INFO herdr::logging: workspace focused event="workspace.focus" subsystem="workspace" outcome="ok" workspace_id="w8"
2026-08-14T18:12:35.586687Z  INFO herdr::logging: tab focused event="tab.focus" subsystem="tab" outcome="ok" workspace_id="w8" tab_id="w8:t1"
2026-08-14T18:12:38.603923Z  INFO herdr::logging: tab focused event="tab.focus" subsystem="tab" outcome="ok" workspace_id="w8" tab_id="w8:tQ"
2026-08-14T18:12:43.615434Z  INFO herdr::logging: session saved event="persist.save" subsystem="persist" outcome="ok" path=/home/james/.config/herdr/session.json workspaces=3
2026-08-14T18:12:44.011758Z  INFO herdr::server::headless: client resize client_id=8 cols=299 rows=81 cell_width_px=0 cell_height_px=0
2026-08-14T18:12:48.290526Z  INFO herdr::logging: workspace focused event="workspace.focus" subsystem="workspace" outcome="ok" workspace_id="w9"
2026-08-14T18:12:48.290551Z  INFO herdr::logging: tab focused event="tab.focus" subsystem="tab" outcome="ok" workspace_id="w9" tab_id="w9:t1"
2026-08-14T18:12:50.151630Z  INFO herdr::app::actions: copied selection to clipboard
2026-08-14T18:12:53.302374Z  INFO herdr::logging: session saved event="persist.save" subsystem="persist" outcome="ok" path=/home/james/.config/herdr/session.json workspaces=3
2026-08-14T18:17:38.057875Z  INFO herdr::app::actions: copied selection to clipboard
2026-08-14T18:17:38.683113Z  INFO herdr::app::actions: copied selection to clipboard
2026-08-14T18:17:42.080722Z  INFO herdr::logging: workspace focused event="workspace.focus" subsystem="workspace" outcome="ok" workspace_id="w8"
2026-08-14T18:17:42.080748Z  INFO herdr::logging: tab focused event="tab.focus" subsystem="tab" outcome="ok" workspace_id="w8" tab_id="w8:t1"
2026-08-14T18:17:44.640784Z  INFO herdr::app::actions: copied selection to clipboard
2026-08-14T18:17:47.088914Z  INFO herdr::logging: session saved event="persist.save" subsystem="persist" outcome="ok" path=/home/james/.config/herdr/session.json workspaces=3
2026-08-14T18:18:06.523192Z  INFO herdr::logging: tab focused event="tab.focus" subsystem="tab" outcome="ok" workspace_id="w8" tab_id="w8:tQ"
2026-08-14T18:18:10.702836Z  INFO herdr::logging: tab focused event="tab.focus" subsystem="tab" outcome="ok" workspace_id="w8" tab_id="w8:t1"
2026-08-14T18:18:11.328199Z  INFO herdr::logging: tab focused event="tab.focus" subsystem="tab" outcome="ok" workspace_id="w8" tab_id="w8:tQ"
2026-08-14T18:18:12.073669Z  INFO herdr::logging: tab focused event="tab.focus" subsystem="tab" outcome="ok" workspace_id="w8" tab_id="w8:t1"
2026-08-14T18:18:17.085045Z  INFO herdr::logging: session saved event="persist.save" subsystem="persist" outcome="ok" path=/home/james/.config/herdr/session.json workspaces=3
2026-08-14T18:19:54.269077Z  INFO herdr::app::actions: copied selection to clipboard
2026-08-14T18:19:56.782690Z  INFO herdr::app::actions: copied selection to clipboard
2026-08-14T18:19:59.160750Z  INFO herdr::app::actions: copied selection to clipboard
2026-08-14T18:28:29.097315Z  INFO herdr::logging: workspace focused event="workspace.focus" subsystem="workspace" outcome="ok" workspace_id="w9"
2026-08-14T18:28:29.097347Z  INFO herdr::logging: tab focused event="tab.focus" subsystem="tab" outcome="ok" workspace_id="w9" tab_id="w9:t1"
2026-08-14T18:28:31.853937Z  INFO herdr::logging: tab focused event="tab.focus" subsystem="tab" outcome="ok" workspace_id="w9" tab_id="w9:tJ"
2026-08-14T18:28:36.863546Z  INFO herdr::logging: session saved event="persist.save" subsystem="persist" outcome="ok" path=/home/james/.config/herdr/session.json workspaces=3
2026-08-14T18:28:36.915194Z  INFO herdr::app::actions: copied double-clicked token to clipboard
2026-08-14T18:28:42.194694Z  INFO herdr::logging: tab focused event="tab.focus" subsystem="tab" outcome="ok" workspace_id="w9" tab_id="w9:t1"
2026-08-14T18:28:47.203707Z  INFO herdr::logging: session saved event="persist.save" subsystem="persist" outcome="ok" path=/home/james/.config/herdr/session.json workspaces=3
2026-08-14T18:28:52.954696Z  INFO herdr::logging: workspace focused event="workspace.focus" subsystem="workspace" outcome="ok" workspace_id="w8"
2026-08-14T18:28:52.954733Z  INFO herdr::logging: tab focused event="tab.focus" subsystem="tab" outcome="ok" workspace_id="w8" tab_id="w8:t1"
2026-08-14T18:28:57.961216Z  INFO herdr::logging: session saved event="persist.save" subsystem="persist" outcome="ok" path=/home/james/.config/herdr/session.json workspaces=3
2026-08-14T18:30:04.009526Z  INFO herdr::app::actions: copied selection to clipboard
2026-08-14T18:32:45.826153Z  INFO herdr::app::actions: copied selection to clipboard
2026-08-14T18:35:01.208838Z  INFO herdr::app::actions: copied selection to clipboard
2026-08-14T18:35:11.349342Z  INFO herdr::app::actions: copied selection to clipboard
2026-08-14T18:36:09.646204Z  INFO herdr::logging: tab focused event="tab.focus" subsystem="tab" outcome="ok" workspace_id="w8" tab_id="w8:tQ"
2026-08-14T18:36:11.108351Z  INFO herdr::logging: tab focused event="tab.focus" subsystem="tab" outcome="ok" workspace_id="w8" tab_id="w8:t1"
2026-08-14T18:36:11.453471Z  INFO herdr::logging: tab focused event="tab.focus" subsystem="tab" outcome="ok" workspace_id="w8" tab_id="w8:tQ"
2026-08-14T18:36:12.664571Z  INFO herdr::logging: tab focused event="tab.focus" subsystem="tab" outcome="ok" workspace_id="w8" tab_id="w8:t1"
2026-08-14T18:36:17.678890Z  INFO herdr::logging: session saved event="persist.save" subsystem="persist" outcome="ok" path=/home/james/.config/herdr/session.json workspaces=3
2026-08-14T18:36:47.568173Z  INFO herdr::logging: workspace focused event="workspace.focus" subsystem="workspace" outcome="ok" workspace_id="w9"
2026-08-14T18:36:47.568204Z  INFO herdr::logging: tab focused event="tab.focus" subsystem="tab" outcome="ok" workspace_id="w9" tab_id="w9:t1"
2026-08-14T18:36:52.575946Z  INFO herdr::logging: session saved event="persist.save" subsystem="persist" outcome="ok" path=/home/james/.config/herdr/session.json workspaces=3
2026-08-14T18:36:53.792331Z  INFO herdr::logging: workspace focused event="workspace.focus" subsystem="workspace" outcome="ok" workspace_id="w8"
2026-08-14T18:36:53.792363Z  INFO herdr::logging: tab focused event="tab.focus" subsystem="tab" outcome="ok" workspace_id="w8" tab_id="w8:t1"
2026-08-14T18:36:58.801054Z  INFO herdr::logging: session saved event="persist.save" subsystem="persist" outcome="ok" path=/home/james/.config/herdr/session.json workspaces=3
2026-08-14T18:37:50.420872Z  INFO herdr::logging: checking for updates event="update.check.start" subsystem="update" outcome="started"
2026-08-14T18:37:50.528113Z  WARN herdr::detect::manifest_update: skipping unknown remote manifest agent agent="qwen"
2026-08-14T18:41:40.191186Z  INFO herdr::app::actions: copied selection to clipboard
2026-08-14T18:42:05.684073Z  INFO herdr::app::actions: copied selection to clipboard
2026-08-14T18:48:06.487220Z  INFO herdr::logging: workspace focused event="workspace.focus" subsystem="workspace" outcome="ok" workspace_id="w9"
2026-08-14T18:48:06.487254Z  INFO herdr::logging: tab focused event="tab.focus" subsystem="tab" outcome="ok" workspace_id="w9" tab_id="w9:t1"
2026-08-14T18:48:08.774433Z  INFO herdr::logging: spawning pane terminal event="pane.spawn.start" subsystem="pane" outcome="started" pane_id=52 rows=80 cols=273 scrollback_limit_bytes=10000000
2026-08-14T18:48:08.776615Z  INFO herdr::logging: pane child spawned event="pane.spawned" subsystem="pane" outcome="ok" pane_id=52 pid=913022
2026-08-14T18:48:08.776963Z  INFO herdr::logging: tab focused event="tab.focus" subsystem="tab" outcome="ok" workspace_id="w9" tab_id="w9:tK"
2026-08-14T18:48:09.830664Z  INFO herdr::pane: agent changed pane=52 previous_agent=None agent=Some(Codex) process=codex pgid=Some(913055)
2026-08-14T18:48:13.780900Z  INFO herdr::logging: session saved event="persist.save" subsystem="persist" outcome="ok" path=/home/james/.config/herdr/session.json workspaces=3
2026-08-14T18:48:19.515951Z  WARN herdr::raw_input: flushing lone escape after input timeout; if this follows an alt chord or focus switch it may reach the pane as plain esc bytes=[27]
2026-08-14T18:48:19.742022Z  WARN herdr::raw_input: flushing lone escape after input timeout; if this follows an alt chord or focus switch it may reach the pane as plain esc bytes=[27]
2026-08-14T18:48:19.825730Z  WARN herdr::raw_input: flushing lone escape after input timeout; if this follows an alt chord or focus switch it may reach the pane as plain esc bytes=[27]
2026-08-14T18:48:26.467470Z  WARN herdr::raw_input: flushing lone escape after input timeout; if this follows an alt chord or focus switch it may reach the pane as plain esc bytes=[27]
2026-08-14T18:48:26.654616Z  WARN herdr::raw_input: flushing lone escape after input timeout; if this follows an alt chord or focus switch it may reach the pane as plain esc bytes=[27]
2026-08-14T18:48:26.856554Z  WARN herdr::raw_input: flushing lone escape after input timeout; if this follows an alt chord or focus switch it may reach the pane as plain esc bytes=[27]
2026-08-14T18:48:27.847380Z  INFO herdr::logging: pane child exited event="pane.exit" subsystem="pane" outcome="completed" pane_id=52 status="ExitStatus { code: 0, signal: None }"
2026-08-14T18:48:27.851501Z  INFO herdr::pane: pane session terminated pane=52 pid=913022 signal=Hangup
2026-08-14T18:48:32.857951Z  INFO herdr::logging: session saved event="persist.save" subsystem="persist" outcome="ok" path=/home/james/.config/herdr/session.json workspaces=3
2026-08-14T18:50:11.305999Z  INFO herdr::logging: pane child exited event="pane.exit" subsystem="pane" outcome="completed" pane_id=51 status="ExitStatus { code: 0, signal: None }"
2026-08-14T18:50:11.310516Z  INFO herdr::pane: pane session terminated pane=51 pid=823908 signal=Hangup
2026-08-14T18:50:12.763641Z  INFO herdr::logging: pane child exited event="pane.exit" subsystem="pane" outcome="completed" pane_id=49 status="ExitStatus { code: 0, signal: None }"
2026-08-14T18:50:12.776193Z  INFO herdr::pane: pane session terminated pane=49 pid=790077 signal=Hangup
2026-08-14T18:50:13.683887Z  INFO herdr::logging: pane child exited event="pane.exit" subsystem="pane" outcome="completed" pane_id=48 status="ExitStatus { code: 0, signal: None }"
2026-08-14T18:50:13.684003Z  INFO herdr::pane: pane session terminated pane=48 pid=786507 signal=Hangup
2026-08-14T18:50:18.686226Z  INFO herdr::logging: session saved event="persist.save" subsystem="persist" outcome="ok" path=/home/james/.config/herdr/session.json workspaces=3
2026-08-14T18:50:49.791667Z  INFO herdr::logging: workspace focused event="workspace.focus" subsystem="workspace" outcome="ok" workspace_id="w8"
2026-08-14T18:50:49.791704Z  INFO herdr::logging: tab focused event="tab.focus" subsystem="tab" outcome="ok" workspace_id="w8" tab_id="w8:t1"
2026-08-14T18:50:53.100465Z  INFO herdr::app::actions: copied selection to clipboard
2026-08-14T18:50:54.803502Z  INFO herdr::logging: session saved event="persist.save" subsystem="persist" outcome="ok" path=/home/james/.config/herdr/session.json workspaces=3
2026-08-14T18:51:09.800479Z  INFO herdr::app::actions: copied selection to clipboard
2026-08-14T18:52:37.583701Z  INFO herdr::app::actions: copied selection to clipboard
2026-08-14T18:52:43.890684Z  INFO herdr::app::actions: copied selection to clipboard
2026-08-14T18:54:22.334853Z  INFO herdr::app::actions: copied selection to clipboard
2026-08-14T18:58:31.624533Z  WARN herdr::raw_input: flushing lone escape after input timeout; if this follows an alt chord or focus switch it may reach the pane as plain esc bytes=[27]
2026-08-14T19:07:50.421905Z  INFO herdr::logging: checking for updates event="update.check.start" subsystem="update" outcome="started"
2026-08-14T19:07:50.499752Z  WARN herdr::detect::manifest_update: skipping unknown remote manifest agent agent="qwen"
2026-08-14T19:08:35.853843Z  INFO herdr::logging: tab focused event="tab.focus" subsystem="tab" outcome="ok" workspace_id="w8" tab_id="w8:tQ"
2026-08-14T19:08:40.873292Z  INFO herdr::logging: session saved event="persist.save" subsystem="persist" outcome="ok" path=/home/james/.config/herdr/session.json workspaces=3
2026-08-14T19:08:49.650087Z  INFO herdr::logging: tab focused event="tab.focus" subsystem="tab" outcome="ok" workspace_id="w8" tab_id="w8:t1"
2026-08-14T19:08:54.663837Z  INFO herdr::logging: session saved event="persist.save" subsystem="persist" outcome="ok" path=/home/james/.config/herdr/session.json workspaces=3
2026-08-14T19:11:36.657197Z  INFO herdr::logging: tab focused event="tab.focus" subsystem="tab" outcome="ok" workspace_id="w8" tab_id="w8:tQ"
2026-08-14T19:11:41.671174Z  INFO herdr::logging: session saved event="persist.save" subsystem="persist" outcome="ok" path=/home/james/.config/herdr/session.json workspaces=3
2026-08-14T19:11:44.009163Z  INFO herdr::logging: pane child exited event="pane.exit" subsystem="pane" outcome="completed" pane_id=43 status="ExitStatus { code: 0, signal: None }"
2026-08-14T19:11:44.016263Z  INFO herdr::pane: pane session terminated pane=43 pid=317741 signal=Hangup
2026-08-14T19:11:46.174154Z  INFO herdr::logging: spawning pane terminal event="pane.spawn.start" subsystem="pane" outcome="started" pane_id=53 rows=80 cols=273 scrollback_limit_bytes=10000000
2026-08-14T19:11:46.175800Z  INFO herdr::logging: pane child spawned event="pane.spawned" subsystem="pane" outcome="ok" pane_id=53 pid=926574
2026-08-14T19:11:46.175914Z  INFO herdr::logging: tab focused event="tab.focus" subsystem="tab" outcome="ok" workspace_id="w8" tab_id="w8:tS"
2026-08-14T19:11:46.798773Z  INFO herdr::logging: tab focused event="tab.focus" subsystem="tab" outcome="ok" workspace_id="w8" tab_id="w8:t1"
2026-08-14T19:11:47.640896Z  INFO herdr::logging: tab focused event="tab.focus" subsystem="tab" outcome="ok" workspace_id="w8" tab_id="w8:tS"
2026-08-14T19:11:48.064388Z  INFO herdr::logging: tab focused event="tab.focus" subsystem="tab" outcome="ok" workspace_id="w8" tab_id="w8:t1"
2026-08-14T19:11:53.070763Z  INFO herdr::logging: session saved event="persist.save" subsystem="persist" outcome="ok" path=/home/james/.config/herdr/session.json workspaces=3
2026-08-14T19:14:46.831061Z  INFO herdr::logging: tab focused event="tab.focus" subsystem="tab" outcome="ok" workspace_id="w8" tab_id="w8:tS"
2026-08-14T19:14:51.836887Z  INFO herdr::logging: session saved event="persist.save" subsystem="persist" outcome="ok" path=/home/james/.config/herdr/session.json workspaces=3
2026-08-14T19:14:55.522227Z  INFO herdr::logging: tab focused event="tab.focus" subsystem="tab" outcome="ok" workspace_id="w8" tab_id="w8:t1"
2026-08-14T19:15:00.529290Z  INFO herdr::logging: session saved event="persist.save" subsystem="persist" outcome="ok" path=/home/james/.config/herdr/session.json workspaces=3
2026-08-14T19:16:01.038215Z  INFO herdr::logging: workspace focused event="workspace.focus" subsystem="workspace" outcome="ok" workspace_id="w9"
2026-08-14T19:16:01.038246Z  INFO herdr::logging: tab focused event="tab.focus" subsystem="tab" outcome="ok" workspace_id="w9" tab_id="w9:t1"
2026-08-14T19:16:04.813322Z  INFO herdr::app::actions: copied selection to clipboard
2026-08-14T19:16:06.044554Z  INFO herdr::logging: session saved event="persist.save" subsystem="persist" outcome="ok" path=/home/james/.config/herdr/session.json workspaces=3
2026-08-14T19:16:41.668199Z  INFO herdr::app::actions: copied double-clicked token to clipboard
2026-08-14T19:16:43.423381Z  INFO herdr::logging: spawning pane terminal event="pane.spawn.start" subsystem="pane" outcome="started" pane_id=54 rows=80 cols=273 scrollback_limit_bytes=10000000
2026-08-14T19:16:43.425044Z  INFO herdr::logging: pane child spawned event="pane.spawned" subsystem="pane" outcome="ok" pane_id=54 pid=929247
2026-08-14T19:16:43.425253Z  INFO herdr::logging: tab focused event="tab.focus" subsystem="tab" outcome="ok" workspace_id="w9" tab_id="w9:tM"
2026-08-14T19:16:48.427924Z  INFO herdr::logging: session saved event="persist.save" subsystem="persist" outcome="ok" path=/home/james/.config/herdr/session.json workspaces=3
2026-08-14T19:17:19.155442Z  INFO herdr::app::actions: copied selection to clipboard
2026-08-14T19:17:21.751493Z  INFO herdr::logging: session saved event="persist.save" subsystem="persist" outcome="ok" path=/home/james/.config/herdr/session.json workspaces=3
2026-08-14T19:17:21.769824Z  INFO herdr::app::actions: copied selection to clipboard
2026-08-14T19:17:22.791780Z  INFO herdr::logging: tab focused event="tab.focus" subsystem="tab" outcome="ok" workspace_id="w9" tab_id="w9:t1"
2026-08-14T19:17:27.520185Z  INFO herdr::logging: tab focused event="tab.focus" subsystem="tab" outcome="ok" workspace_id="w9" tab_id="w9:tM"
2026-08-14T19:17:28.559063Z  INFO herdr::logging: tab focused event="tab.focus" subsystem="tab" outcome="ok" workspace_id="w9" tab_id="w9:t1"
2026-08-14T19:17:29.637103Z  INFO herdr::logging: tab focused event="tab.focus" subsystem="tab" outcome="ok" workspace_id="w9" tab_id="w9:tM"
2026-08-14T19:17:33.069131Z  INFO herdr::logging: tab focused event="tab.focus" subsystem="tab" outcome="ok" workspace_id="w9" tab_id="w9:t1"
2026-08-14T19:17:33.433435Z  INFO herdr::logging: tab focused event="tab.focus" subsystem="tab" outcome="ok" workspace_id="w9" tab_id="w9:tM"
2026-08-14T19:17:34.675923Z  INFO herdr::logging: tab focused event="tab.focus" subsystem="tab" outcome="ok" workspace_id="w9" tab_id="w9:t1"
2026-08-14T19:17:39.677738Z  INFO herdr::logging: session saved event="persist.save" subsystem="persist" outcome="ok" path=/home/james/.config/herdr/session.json workspaces=3
2026-08-14T19:18:58.372312Z  INFO herdr::logging: tab focused event="tab.focus" subsystem="tab" outcome="ok" workspace_id="w9" tab_id="w9:tM"
2026-08-14T19:19:03.376862Z  INFO herdr::logging: session saved event="persist.save" subsystem="persist" outcome="ok" path=/home/james/.config/herdr/session.json workspaces=3
2026-08-14T19:19:35.629425Z  INFO herdr::logging: tab focused event="tab.focus" subsystem="tab" outcome="ok" workspace_id="w9" tab_id="w9:t1"
2026-08-14T19:19:36.618956Z  INFO herdr::app::actions: copied selection to clipboard
2026-08-14T19:19:37.697052Z  INFO herdr::app::actions: copied selection to clipboard
2026-08-14T19:19:37.990619Z  INFO herdr::app::actions: copied selection to clipboard
2026-08-14T19:19:38.391248Z  INFO herdr::app::actions: copied selection to clipboard
2026-08-14T19:19:40.192863Z  INFO herdr::app::actions: copied selection to clipboard
2026-08-14T19:19:40.631546Z  INFO herdr::logging: session saved event="persist.save" subsystem="persist" outcome="ok" path=/home/james/.config/herdr/session.json workspaces=3
2026-08-14T19:19:41.718369Z  INFO herdr::server::headless: client resize client_id=8 cols=299 rows=80 cell_width_px=0 cell_height_px=0
2026-08-14T19:19:47.420104Z  INFO herdr::server::headless: client resize client_id=8 cols=299 rows=81 cell_width_px=0 cell_height_px=0
2026-08-14T19:21:29.441660Z  INFO herdr::app::actions: copied selection to clipboard
2026-08-14T19:21:29.865111Z  INFO herdr::app::actions: copied selection to clipboard
2026-08-14T19:21:51.797893Z  INFO herdr::app::actions: copied selection to clipboard
2026-08-14T19:22:15.597351Z  INFO herdr::logging: workspace focused event="workspace.focus" subsystem="workspace" outcome="ok" workspace_id="w8"
2026-08-14T19:22:15.597383Z  INFO herdr::logging: tab focused event="tab.focus" subsystem="tab" outcome="ok" workspace_id="w8" tab_id="w8:t1"
2026-08-14T19:22:20.618898Z  INFO herdr::logging: session saved event="persist.save" subsystem="persist" outcome="ok" path=/home/james/.config/herdr/session.json workspaces=3
2026-08-14T19:22:20.847224Z  INFO herdr::logging: tab focused event="tab.focus" subsystem="tab" outcome="ok" workspace_id="w8" tab_id="w8:tS"
2026-08-14T19:22:25.854180Z  INFO herdr::logging: session saved event="persist.save" subsystem="persist" outcome="ok" path=/home/james/.config/herdr/session.json workspaces=3
2026-08-14T19:22:29.131426Z  INFO herdr::logging: workspace focused event="workspace.focus" subsystem="workspace" outcome="ok" workspace_id="w9"
2026-08-14T19:22:29.131460Z  INFO herdr::logging: tab focused event="tab.focus" subsystem="tab" outcome="ok" workspace_id="w9" tab_id="w9:t1"
2026-08-14T19:22:34.135350Z  INFO herdr::logging: session saved event="persist.save" subsystem="persist" outcome="ok" path=/home/james/.config/herdr/session.json workspaces=3
2026-08-14T19:24:11.645073Z  INFO herdr::logging: workspace focused event="workspace.focus" subsystem="workspace" outcome="ok" workspace_id="w8"
2026-08-14T19:24:11.645104Z  INFO herdr::logging: tab focused event="tab.focus" subsystem="tab" outcome="ok" workspace_id="w8" tab_id="w8:t1"
2026-08-14T19:24:14.657802Z  INFO herdr::logging: tab focused event="tab.focus" subsystem="tab" outcome="ok" workspace_id="w8" tab_id="w8:tS"
2026-08-14T19:24:19.664973Z  INFO herdr::logging: session saved event="persist.save" subsystem="persist" outcome="ok" path=/home/james/.config/herdr/session.json workspaces=3
2026-08-14T19:24:28.221490Z  INFO herdr::logging: tab focused event="tab.focus" subsystem="tab" outcome="ok" workspace_id="w8" tab_id="w8:t1"
2026-08-14T19:24:30.021457Z  INFO herdr::logging: workspace focused event="workspace.focus" subsystem="workspace" outcome="ok" workspace_id="w9"
2026-08-14T19:24:30.021485Z  INFO herdr::logging: tab focused event="tab.focus" subsystem="tab" outcome="ok" workspace_id="w9" tab_id="w9:t1"
2026-08-14T19:24:35.029273Z  INFO herdr::logging: session saved event="persist.save" subsystem="persist" outcome="ok" path=/home/james/.config/herdr/session.json workspaces=3
2026-08-14T19:27:21.222052Z  INFO herdr::logging: workspace focused event="workspace.focus" subsystem="workspace" outcome="ok" workspace_id="w8"
2026-08-14T19:27:21.222090Z  INFO herdr::logging: tab focused event="tab.focus" subsystem="tab" outcome="ok" workspace_id="w8" tab_id="w8:t1"
2026-08-14T19:27:23.838375Z  INFO herdr::logging: tab focused event="tab.focus" subsystem="tab" outcome="ok" workspace_id="w8" tab_id="w8:tS"
2026-08-14T19:27:28.845266Z  INFO herdr::logging: session saved event="persist.save" subsystem="persist" outcome="ok" path=/home/james/.config/herdr/session.json workspaces=3
2026-08-14T19:27:30.580174Z  INFO herdr::app::actions: copied double-clicked token to clipboard
2026-08-14T19:27:34.025628Z  INFO herdr::logging: tab focused event="tab.focus" subsystem="tab" outcome="ok" workspace_id="w8" tab_id="w8:t1"
2026-08-14T19:27:39.032191Z  INFO herdr::logging: session saved event="persist.save" subsystem="persist" outcome="ok" path=/home/james/.config/herdr/session.json workspaces=3
2026-08-14T19:29:11.585793Z  INFO herdr::logging: tab focused event="tab.focus" subsystem="tab" outcome="ok" workspace_id="w8" tab_id="w8:tS"
2026-08-14T19:29:14.293747Z  INFO herdr::app::actions: copied selection to clipboard
2026-08-14T19:29:16.593315Z  INFO herdr::logging: session saved event="persist.save" subsystem="persist" outcome="ok" path=/home/james/.config/herdr/session.json workspaces=3
2026-08-14T19:29:19.561524Z  INFO herdr::logging: tab focused event="tab.focus" subsystem="tab" outcome="ok" workspace_id="w8" tab_id="w8:t1"
2026-08-14T19:29:24.569497Z  INFO herdr::logging: session saved event="persist.save" subsystem="persist" outcome="ok" path=/home/james/.config/herdr/session.json workspaces=3
2026-08-14T19:29:29.899630Z  INFO herdr::logging: workspace focused event="workspace.focus" subsystem="workspace" outcome="ok" workspace_id="w9"
2026-08-14T19:29:29.899660Z  INFO herdr::logging: tab focused event="tab.focus" subsystem="tab" outcome="ok" workspace_id="w9" tab_id="w9:t1"
2026-08-14T19:29:32.943503Z  INFO herdr::logging: workspace focused event="workspace.focus" subsystem="workspace" outcome="ok" workspace_id="w8"
2026-08-14T19:29:32.943530Z  INFO herdr::logging: tab focused event="tab.focus" subsystem="tab" outcome="ok" workspace_id="w8" tab_id="w8:t1"
2026-08-14T19:29:37.957952Z  INFO herdr::logging: session saved event="persist.save" subsystem="persist" outcome="ok" path=/home/james/.config/herdr/session.json workspaces=3
2026-08-14T19:30:12.975100Z  INFO herdr::logging: workspace focused event="workspace.focus" subsystem="workspace" outcome="ok" workspace_id="w9"
2026-08-14T19:30:12.975135Z  INFO herdr::logging: tab focused event="tab.focus" subsystem="tab" outcome="ok" workspace_id="w9" tab_id="w9:t1"
2026-08-14T19:30:17.989834Z  INFO herdr::logging: session saved event="persist.save" subsystem="persist" outcome="ok" path=/home/james/.config/herdr/session.json workspaces=3
2026-08-14T19:30:55.447552Z  INFO herdr::logging: workspace focused event="workspace.focus" subsystem="workspace" outcome="ok" workspace_id="w8"
2026-08-14T19:30:55.447583Z  INFO herdr::logging: tab focused event="tab.focus" subsystem="tab" outcome="ok" workspace_id="w8" tab_id="w8:t1"
2026-08-14T19:30:55.787020Z  INFO herdr::logging: workspace focused event="workspace.focus" subsystem="workspace" outcome="ok" workspace_id="w9"
2026-08-14T19:30:55.787043Z  INFO herdr::logging: tab focused event="tab.focus" subsystem="tab" outcome="ok" workspace_id="w9" tab_id="w9:t1"
2026-08-14T19:30:56.342798Z  INFO herdr::logging: workspace focused event="workspace.focus" subsystem="workspace" outcome="ok" workspace_id="w8"
2026-08-14T19:30:56.342820Z  INFO herdr::logging: tab focused event="tab.focus" subsystem="tab" outcome="ok" workspace_id="w8" tab_id="w8:t1"
2026-08-14T19:30:56.623410Z  INFO herdr::logging: workspace focused event="workspace.focus" subsystem="workspace" outcome="ok" workspace_id="w9"
2026-08-14T19:30:56.623433Z  INFO herdr::logging: tab focused event="tab.focus" subsystem="tab" outcome="ok" workspace_id="w9" tab_id="w9:t1"
2026-08-14T19:30:57.204700Z  INFO herdr::logging: workspace focused event="workspace.focus" subsystem="workspace" outcome="ok" workspace_id="w8"
2026-08-14T19:30:57.204757Z  INFO herdr::logging: tab focused event="tab.focus" subsystem="tab" outcome="ok" workspace_id="w8" tab_id="w8:t1"
2026-08-14T19:30:57.586814Z  INFO herdr::logging: workspace focused event="workspace.focus" subsystem="workspace" outcome="ok" workspace_id="w9"
2026-08-14T19:30:57.586865Z  INFO herdr::logging: tab focused event="tab.focus" subsystem="tab" outcome="ok" workspace_id="w9" tab_id="w9:t1"
2026-08-14T19:30:58.019934Z  INFO herdr::logging: workspace focused event="workspace.focus" subsystem="workspace" outcome="ok" workspace_id="w8"
2026-08-14T19:30:58.019971Z  INFO herdr::logging: tab focused event="tab.focus" subsystem="tab" outcome="ok" workspace_id="w8" tab_id="w8:t1"
2026-08-14T19:30:58.319122Z  INFO herdr::logging: workspace focused event="workspace.focus" subsystem="workspace" outcome="ok" workspace_id="w9"
2026-08-14T19:30:58.319170Z  INFO herdr::logging: tab focused event="tab.focus" subsystem="tab" outcome="ok" workspace_id="w9" tab_id="w9:t1"
2026-08-14T19:30:58.755128Z  INFO herdr::logging: workspace focused event="workspace.focus" subsystem="workspace" outcome="ok" workspace_id="w8"
2026-08-14T19:30:58.755172Z  INFO herdr::logging: tab focused event="tab.focus" subsystem="tab" outcome="ok" workspace_id="w8" tab_id="w8:t1"
2026-08-14T19:30:59.104603Z  INFO herdr::logging: workspace focused event="workspace.focus" subsystem="workspace" outcome="ok" workspace_id="w9"
2026-08-14T19:30:59.104645Z  INFO herdr::logging: tab focused event="tab.focus" subsystem="tab" outcome="ok" workspace_id="w9" tab_id="w9:t1"
2026-08-14T19:30:59.658808Z  INFO herdr::logging: workspace focused event="workspace.focus" subsystem="workspace" outcome="ok" workspace_id="w8"
2026-08-14T19:30:59.658852Z  INFO herdr::logging: tab focused event="tab.focus" subsystem="tab" outcome="ok" workspace_id="w8" tab_id="w8:t1"
2026-08-14T19:31:01.706563Z  INFO herdr::app::actions: copied selection to clipboard
2026-08-14T19:31:03.513261Z  INFO herdr::logging: tab focused event="tab.focus" subsystem="tab" outcome="ok" workspace_id="w8" tab_id="w8:tS"
2026-08-14T19:31:08.191635Z  INFO herdr::app::actions: copied double-clicked token to clipboard
2026-08-14T19:31:08.519456Z  INFO herdr::logging: session saved event="persist.save" subsystem="persist" outcome="ok" path=/home/james/.config/herdr/session.json workspaces=3
2026-08-14T19:31:08.659653Z  INFO herdr::app::actions: copied double-clicked token to clipboard
2026-08-14T19:31:18.132094Z  INFO herdr::app::actions: copied double-clicked token to clipboard
2026-08-14T19:32:51.679128Z  INFO herdr::logging: tab focused event="tab.focus" subsystem="tab" outcome="ok" workspace_id="w8" tab_id="w8:t1"
2026-08-14T19:32:53.239024Z  INFO herdr::logging: tab focused event="tab.focus" subsystem="tab" outcome="ok" workspace_id="w8" tab_id="w8:tS"
2026-08-14T19:32:53.933323Z  INFO herdr::logging: workspace focused event="workspace.focus" subsystem="workspace" outcome="ok" workspace_id="w9"
2026-08-14T19:32:53.933348Z  INFO herdr::logging: tab focused event="tab.focus" subsystem="tab" outcome="ok" workspace_id="w9" tab_id="w9:t1"
2026-08-14T19:32:58.948386Z  INFO herdr::logging: session saved event="persist.save" subsystem="persist" outcome="ok" path=/home/james/.config/herdr/session.json workspaces=3
2026-08-14T19:33:03.601293Z  INFO herdr::logging: workspace focused event="workspace.focus" subsystem="workspace" outcome="ok" workspace_id="w8"
2026-08-14T19:33:03.601328Z  INFO herdr::logging: tab focused event="tab.focus" subsystem="tab" outcome="ok" workspace_id="w8" tab_id="w8:tS"
2026-08-14T19:33:08.494991Z  INFO herdr::logging: tab focused event="tab.focus" subsystem="tab" outcome="ok" workspace_id="w8" tab_id="w8:t1"
2026-08-14T19:33:13.501358Z  INFO herdr::logging: session saved event="persist.save" subsystem="persist" outcome="ok" path=/home/james/.config/herdr/session.json workspaces=3
2026-08-14T19:33:43.168968Z  INFO herdr::logging: tab focused event="tab.focus" subsystem="tab" outcome="ok" workspace_id="w8" tab_id="w8:tS"
2026-08-14T19:33:45.148057Z  INFO herdr::logging: tab focused event="tab.focus" subsystem="tab" outcome="ok" workspace_id="w8" tab_id="w8:t1"
2026-08-14T19:33:45.660017Z  INFO herdr::logging: tab focused event="tab.focus" subsystem="tab" outcome="ok" workspace_id="w8" tab_id="w8:tS"
2026-08-14T19:33:49.440879Z  INFO herdr::logging: tab focused event="tab.focus" subsystem="tab" outcome="ok" workspace_id="w8" tab_id="w8:t1"
2026-08-14T19:33:54.447401Z  INFO herdr::logging: session saved event="persist.save" subsystem="persist" outcome="ok" path=/home/james/.config/herdr/session.json workspaces=3
2026-08-14T19:37:50.422851Z  INFO herdr::logging: checking for updates event="update.check.start" subsystem="update" outcome="started"
2026-08-14T19:37:50.514871Z  WARN herdr::detect::manifest_update: skipping unknown remote manifest agent agent="qwen"
2026-08-14T19:42:15.599451Z  INFO herdr::logging: tab focused event="tab.focus" subsystem="tab" outcome="ok" workspace_id="w8" tab_id="w8:tS"
2026-08-14T19:42:20.606061Z  INFO herdr::logging: session saved event="persist.save" subsystem="persist" outcome="ok" path=/home/james/.config/herdr/session.json workspaces=3
2026-08-14T19:43:25.777468Z  INFO herdr::app::actions: copied selection to clipboard
2026-08-14T19:43:34.565929Z  INFO herdr::logging: tab focused event="tab.focus" subsystem="tab" outcome="ok" workspace_id="w8" tab_id="w8:t1"
2026-08-14T19:43:37.076355Z  INFO herdr::logging: workspace focused event="workspace.focus" subsystem="workspace" outcome="ok" workspace_id="w9"
2026-08-14T19:43:37.076385Z  INFO herdr::logging: tab focused event="tab.focus" subsystem="tab" outcome="ok" workspace_id="w9" tab_id="w9:t1"
2026-08-14T19:43:42.084950Z  INFO herdr::logging: session saved event="persist.save" subsystem="persist" outcome="ok" path=/home/james/.config/herdr/session.json workspaces=3
2026-08-14T19:58:10.105905Z  INFO herdr::app::actions: copied selection to clipboard
2026-08-14T20:01:34.417030Z  INFO herdr::app::actions: copied selection to clipboard
2026-08-14T20:05:36.506403Z  INFO herdr::app::actions: copied selection to clipboard
2026-08-14T20:05:49.431726Z  INFO herdr::logging: tab focused event="tab.focus" subsystem="tab" outcome="ok" workspace_id="w9" tab_id="w9:tM"
2026-08-14T20:05:53.472460Z  INFO herdr::app::actions: copied double-clicked token to clipboard
2026-08-14T20:05:54.435854Z  INFO herdr::logging: session saved event="persist.save" subsystem="persist" outcome="ok" path=/home/james/.config/herdr/session.json workspaces=3
2026-08-14T20:05:54.673620Z  INFO herdr::logging: tab focused event="tab.focus" subsystem="tab" outcome="ok" workspace_id="w9" tab_id="w9:t1"
2026-08-14T20:05:59.677492Z  INFO herdr::logging: session saved event="persist.save" subsystem="persist" outcome="ok" path=/home/james/.config/herdr/session.json workspaces=3
2026-08-14T20:07:50.423928Z  INFO herdr::logging: checking for updates event="update.check.start" subsystem="update" outcome="started"
2026-08-14T20:07:50.507344Z  WARN herdr::detect::manifest_update: skipping unknown remote manifest agent agent="qwen"
2026-08-14T20:14:11.428185Z  INFO herdr::logging: workspace focused event="workspace.focus" subsystem="workspace" outcome="ok" workspace_id="w8"
2026-08-14T20:14:11.428215Z  INFO herdr::logging: tab focused event="tab.focus" subsystem="tab" outcome="ok" workspace_id="w8" tab_id="w8:t1"
2026-08-14T20:14:13.288875Z  INFO herdr::logging: tab focused event="tab.focus" subsystem="tab" outcome="ok" workspace_id="w8" tab_id="w8:tS"
2026-08-14T20:14:14.672724Z  INFO herdr::logging: tab focused event="tab.focus" subsystem="tab" outcome="ok" workspace_id="w8" tab_id="w8:t1"
2026-08-14T20:14:15.021889Z  INFO herdr::logging: tab focused event="tab.focus" subsystem="tab" outcome="ok" workspace_id="w8" tab_id="w8:tS"
2026-08-14T20:14:19.634658Z  INFO herdr::logging: tab focused event="tab.focus" subsystem="tab" outcome="ok" workspace_id="w8" tab_id="w8:t1"
2026-08-14T20:14:24.644710Z  INFO herdr::logging: session saved event="persist.save" subsystem="persist" outcome="ok" path=/home/james/.config/herdr/session.json workspaces=3
2026-08-14T20:17:34.529403Z  INFO herdr::logging: workspace focused event="workspace.focus" subsystem="workspace" outcome="ok" workspace_id="w9"
2026-08-14T20:17:34.529431Z  INFO herdr::logging: tab focused event="tab.focus" subsystem="tab" outcome="ok" workspace_id="w9" tab_id="w9:t1"
2026-08-14T20:17:39.539062Z  INFO herdr::logging: session saved event="persist.save" subsystem="persist" outcome="ok" path=/home/james/.config/herdr/session.json workspaces=3
2026-08-14T20:19:16.920314Z  INFO herdr::logging: tab focused event="tab.focus" subsystem="tab" outcome="ok" workspace_id="w9" tab_id="w9:tM"
2026-08-14T20:19:21.925191Z  INFO herdr::logging: session saved event="persist.save" subsystem="persist" outcome="ok" path=/home/james/.config/herdr/session.json workspaces=3
2026-08-14T20:19:25.772030Z  INFO herdr::server::headless: client resize client_id=8 cols=299 rows=80 cell_width_px=0 cell_height_px=0
2026-08-14T20:19:33.685206Z  INFO herdr::server::headless: client resize client_id=8 cols=299 rows=81 cell_width_px=0 cell_height_px=0
2026-08-14T20:20:02.279442Z  INFO herdr::logging: tab focused event="tab.focus" subsystem="tab" outcome="ok" workspace_id="w9" tab_id="w9:t1"
2026-08-14T20:20:03.780727Z  INFO herdr::logging: workspace focused event="workspace.focus" subsystem="workspace" outcome="ok" workspace_id="w8"
2026-08-14T20:20:03.780751Z  INFO herdr::logging: tab focused event="tab.focus" subsystem="tab" outcome="ok" workspace_id="w8" tab_id="w8:t1"
2026-08-14T20:20:04.253743Z  INFO herdr::logging: workspace focused event="workspace.focus" subsystem="workspace" outcome="ok" workspace_id="wA"
2026-08-14T20:20:04.253769Z  INFO herdr::logging: tab focused event="tab.focus" subsystem="tab" outcome="ok" workspace_id="wA" tab_id="wA:t1"
2026-08-14T20:20:09.262177Z  INFO herdr::logging: session saved event="persist.save" subsystem="persist" outcome="ok" path=/home/james/.config/herdr/session.json workspaces=3
2026-08-14T20:20:12.514881Z  INFO herdr::pane: agent changed pane=31 previous_agent=Some(Codex) agent=None pgid=Some(187716)
2026-08-14T20:20:13.293768Z  INFO herdr::logging: pane child exited event="pane.exit" subsystem="pane" outcome="completed" pane_id=31 status="ExitStatus { code: 0, signal: None }"
2026-08-14T20:20:13.293883Z  INFO herdr::pane: pane session terminated pane=31 pid=187716 signal=Hangup
2026-08-14T20:20:14.066704Z  INFO herdr::logging: pane child exited event="pane.exit" subsystem="pane" outcome="completed" pane_id=32 status="ExitStatus { code: 0, signal: None }"
2026-08-14T20:20:14.066954Z  INFO herdr::pane: pane session terminated pane=32 pid=189036 signal=Hangup
2026-08-14T20:20:19.069767Z  INFO herdr::logging: session saved event="persist.save" subsystem="persist" outcome="ok" path=/home/james/.config/herdr/session.json workspaces=2
2026-08-14T20:20:21.311314Z  INFO herdr::logging: workspace renamed event="workspace.rename" subsystem="workspace" outcome="ok" workspace_id="w9"
2026-08-14T20:20:23.507021Z  INFO herdr::logging: workspace focused event="workspace.focus" subsystem="workspace" outcome="ok" workspace_id="w8"
2026-08-14T20:20:23.507046Z  INFO herdr::logging: tab focused event="tab.focus" subsystem="tab" outcome="ok" workspace_id="w8" tab_id="w8:t1"
2026-08-14T20:20:25.422276Z  INFO herdr::logging: tab focused event="tab.focus" subsystem="tab" outcome="ok" workspace_id="w8" tab_id="w8:tN"
2026-08-14T20:20:27.536940Z  INFO herdr::logging: pane child exited event="pane.exit" subsystem="pane" outcome="completed" pane_id=41 status="ExitStatus { code: 0, signal: None }"
2026-08-14T20:20:27.540863Z  INFO herdr::pane: pane session terminated pane=41 pid=285108 signal=Hangup
2026-08-14T20:20:28.293480Z  INFO herdr::logging: tab focused event="tab.focus" subsystem="tab" outcome="ok" workspace_id="w8" tab_id="w8:tS"
2026-08-14T20:20:33.300707Z  INFO herdr::logging: session saved event="persist.save" subsystem="persist" outcome="ok" path=/home/james/.config/herdr/session.json workspaces=2
2026-08-14T20:21:01.651914Z  INFO herdr::logging: tab focused event="tab.focus" subsystem="tab" outcome="ok" workspace_id="w8" tab_id="w8:t1"
2026-08-14T20:21:03.634996Z  INFO herdr::logging: workspace focused event="workspace.focus" subsystem="workspace" outcome="ok" workspace_id="w9"
2026-08-14T20:21:03.635024Z  INFO herdr::logging: tab focused event="tab.focus" subsystem="tab" outcome="ok" workspace_id="w9" tab_id="w9:t1"
2026-08-14T20:21:08.642433Z  INFO herdr::logging: session saved event="persist.save" subsystem="persist" outcome="ok" path=/home/james/.config/herdr/session.json workspaces=2
2026-08-14T20:24:00.029059Z  INFO herdr::logging: workspace focused event="workspace.focus" subsystem="workspace" outcome="ok" workspace_id="w8"
2026-08-14T20:24:00.029088Z  INFO herdr::logging: tab focused event="tab.focus" subsystem="tab" outcome="ok" workspace_id="w8" tab_id="w8:t1"
2026-08-14T20:24:00.329354Z  INFO herdr::logging: workspace focused event="workspace.focus" subsystem="workspace" outcome="ok" workspace_id="w9"
2026-08-14T20:24:00.329378Z  INFO herdr::logging: tab focused event="tab.focus" subsystem="tab" outcome="ok" workspace_id="w9" tab_id="w9:t1"
2026-08-14T20:24:01.127210Z  INFO herdr::logging: workspace focused event="workspace.focus" subsystem="workspace" outcome="ok" workspace_id="w8"
2026-08-14T20:24:01.127234Z  INFO herdr::logging: tab focused event="tab.focus" subsystem="tab" outcome="ok" workspace_id="w8" tab_id="w8:t1"
2026-08-14T20:24:01.481365Z  INFO herdr::logging: workspace focused event="workspace.focus" subsystem="workspace" outcome="ok" workspace_id="w9"
2026-08-14T20:24:01.481391Z  INFO herdr::logging: tab focused event="tab.focus" subsystem="tab" outcome="ok" workspace_id="w9" tab_id="w9:t1"
2026-08-14T20:24:02.313510Z  INFO herdr::logging: workspace focused event="workspace.focus" subsystem="workspace" outcome="ok" workspace_id="w8"
2026-08-14T20:24:02.313533Z  INFO herdr::logging: tab focused event="tab.focus" subsystem="tab" outcome="ok" workspace_id="w8" tab_id="w8:t1"
2026-08-14T20:24:02.623899Z  INFO herdr::logging: workspace focused event="workspace.focus" subsystem="workspace" outcome="ok" workspace_id="w9"
2026-08-14T20:24:02.623916Z  INFO herdr::logging: tab focused event="tab.focus" subsystem="tab" outcome="ok" workspace_id="w9" tab_id="w9:t1"
2026-08-14T20:24:03.352090Z  INFO herdr::logging: workspace focused event="workspace.focus" subsystem="workspace" outcome="ok" workspace_id="w8"
2026-08-14T20:24:03.352113Z  INFO herdr::logging: tab focused event="tab.focus" subsystem="tab" outcome="ok" workspace_id="w8" tab_id="w8:t1"
2026-08-14T20:24:06.611260Z  INFO herdr::logging: tab focused event="tab.focus" subsystem="tab" outcome="ok" workspace_id="w8" tab_id="w8:tS"
2026-08-14T20:24:11.618840Z  INFO herdr::logging: session saved event="persist.save" subsystem="persist" outcome="ok" path=/home/james/.config/herdr/session.json workspaces=2
2026-08-14T20:24:14.263497Z  INFO herdr::logging: tab focused event="tab.focus" subsystem="tab" outcome="ok" workspace_id="w8" tab_id="w8:t1"
2026-08-14T20:24:19.271027Z  INFO herdr::logging: session saved event="persist.save" subsystem="persist" outcome="ok" path=/home/james/.config/herdr/session.json workspaces=2
2026-08-14T20:25:44.544325Z  INFO herdr::logging: workspace focused event="workspace.focus" subsystem="workspace" outcome="ok" workspace_id="w9"
2026-08-14T20:25:44.544364Z  INFO herdr::logging: tab focused event="tab.focus" subsystem="tab" outcome="ok" workspace_id="w9" tab_id="w9:t1"
2026-08-14T20:25:45.405822Z  INFO herdr::logging: workspace focused event="workspace.focus" subsystem="workspace" outcome="ok" workspace_id="w8"
2026-08-14T20:25:45.405858Z  INFO herdr::logging: tab focused event="tab.focus" subsystem="tab" outcome="ok" workspace_id="w8" tab_id="w8:t1"
2026-08-14T20:25:50.414000Z  INFO herdr::logging: session saved event="persist.save" subsystem="persist" outcome="ok" path=/home/james/.config/herdr/session.json workspaces=2
2026-08-14T20:29:21.912221Z  INFO herdr::logging: tab focused event="tab.focus" subsystem="tab" outcome="ok" workspace_id="w8" tab_id="w8:tS"
2026-08-14T20:29:26.920132Z  INFO herdr::logging: session saved event="persist.save" subsystem="persist" outcome="ok" path=/home/james/.config/herdr/session.json workspaces=2
2026-08-14T20:29:27.504655Z  INFO herdr::app::actions: copied selection to clipboard
2026-08-14T20:37:50.424258Z  INFO herdr::logging: checking for updates event="update.check.start" subsystem="update" outcome="started"
2026-08-14T20:37:50.519234Z  WARN herdr::detect::manifest_update: skipping unknown remote manifest agent agent="qwen"
2026-08-14T20:38:32.128380Z  INFO herdr::app::actions: copied selection to clipboard
2026-08-14T20:51:31.646128Z  INFO herdr::logging: workspace focused event="workspace.focus" subsystem="workspace" outcome="ok" workspace_id="w9"
2026-08-14T20:51:31.646162Z  INFO herdr::logging: tab focused event="tab.focus" subsystem="tab" outcome="ok" workspace_id="w9" tab_id="w9:t1"
2026-08-14T20:51:36.656112Z  INFO herdr::logging: session saved event="persist.save" subsystem="persist" outcome="ok" path=/home/james/.config/herdr/session.json workspaces=2
2026-08-14T20:55:28.916283Z  INFO herdr::logging: workspace focused event="workspace.focus" subsystem="workspace" outcome="ok" workspace_id="w8"
2026-08-14T20:55:28.916310Z  INFO herdr::logging: tab focused event="tab.focus" subsystem="tab" outcome="ok" workspace_id="w8" tab_id="w8:t1"
2026-08-14T20:55:31.850475Z  INFO herdr::logging: tab focused event="tab.focus" subsystem="tab" outcome="ok" workspace_id="w8" tab_id="w8:tS"
2026-08-14T20:55:34.604275Z  INFO herdr::logging: tab focused event="tab.focus" subsystem="tab" outcome="ok" workspace_id="w8" tab_id="w8:t1"
2026-08-14T20:55:39.615289Z  INFO herdr::logging: session saved event="persist.save" subsystem="persist" outcome="ok" path=/home/james/.config/herdr/session.json workspaces=2
2026-08-14T20:57:52.471675Z  INFO herdr::logging: workspace focused event="workspace.focus" subsystem="workspace" outcome="ok" workspace_id="w9"
2026-08-14T20:57:52.471726Z  INFO herdr::logging: tab focused event="tab.focus" subsystem="tab" outcome="ok" workspace_id="w9" tab_id="w9:t1"
2026-08-14T20:57:57.482261Z  INFO herdr::logging: session saved event="persist.save" subsystem="persist" outcome="ok" path=/home/james/.config/herdr/session.json workspaces=2
2026-08-14T21:06:30.188671Z  INFO herdr::app::actions: copied selection to clipboard
2026-08-14T21:07:50.426109Z  INFO herdr::logging: checking for updates event="update.check.start" subsystem="update" outcome="started"
2026-08-14T21:07:50.530402Z  WARN herdr::detect::manifest_update: skipping unknown remote manifest agent agent="qwen"
2026-08-14T21:09:01.184319Z  INFO herdr::logging: workspace focused event="workspace.focus" subsystem="workspace" outcome="ok" workspace_id="w8"
2026-08-14T21:09:01.184353Z  INFO herdr::logging: tab focused event="tab.focus" subsystem="tab" outcome="ok" workspace_id="w8" tab_id="w8:t1"
2026-08-14T21:09:06.193512Z  INFO herdr::logging: session saved event="persist.save" subsystem="persist" outcome="ok" path=/home/james/.config/herdr/session.json workspaces=2
2026-08-14T21:09:15.406441Z  INFO herdr::logging: workspace focused event="workspace.focus" subsystem="workspace" outcome="ok" workspace_id="w9"
2026-08-14T21:09:15.406472Z  INFO herdr::logging: tab focused event="tab.focus" subsystem="tab" outcome="ok" workspace_id="w9" tab_id="w9:t1"
2026-08-14T21:09:20.415956Z  INFO herdr::logging: session saved event="persist.save" subsystem="persist" outcome="ok" path=/home/james/.config/herdr/session.json workspaces=2
2026-08-14T21:10:41.386995Z  INFO herdr::logging: tab focused event="tab.focus" subsystem="tab" outcome="ok" workspace_id="w9" tab_id="w9:tM"
2026-08-14T21:10:46.392224Z  INFO herdr::logging: session saved event="persist.save" subsystem="persist" outcome="ok" path=/home/james/.config/herdr/session.json workspaces=2
2026-08-14T21:11:12.187162Z  INFO herdr::logging: tab focused event="tab.focus" subsystem="tab" outcome="ok" workspace_id="w9" tab_id="w9:t1"
2026-08-14T21:11:17.193629Z  INFO herdr::logging: session saved event="persist.save" subsystem="persist" outcome="ok" path=/home/james/.config/herdr/session.json workspaces=2
2026-08-14T21:11:37.808603Z  WARN herdr::raw_input: flushing lone escape after input timeout; if this follows an alt chord or focus switch it may reach the pane as plain esc bytes=[27]
2026-08-14T21:11:39.990709Z  INFO herdr::logging: tab focused event="tab.focus" subsystem="tab" outcome="ok" workspace_id="w9" tab_id="w9:tM"
2026-08-14T21:11:44.996963Z  INFO herdr::logging: session saved event="persist.save" subsystem="persist" outcome="ok" path=/home/james/.config/herdr/session.json workspaces=2
2026-08-14T21:11:46.422204Z  INFO herdr::logging: tab focused event="tab.focus" subsystem="tab" outcome="ok" workspace_id="w9" tab_id="w9:t1"
2026-08-14T21:11:51.429230Z  INFO herdr::logging: session saved event="persist.save" subsystem="persist" outcome="ok" path=/home/james/.config/herdr/session.json workspaces=2
2026-08-14T21:12:05.569489Z  INFO herdr::logging: workspace focused event="workspace.focus" subsystem="workspace" outcome="ok" workspace_id="w8"
2026-08-14T21:12:05.569516Z  INFO herdr::logging: tab focused event="tab.focus" subsystem="tab" outcome="ok" workspace_id="w8" tab_id="w8:t1"
2026-08-14T21:12:07.435446Z  INFO herdr::logging: workspace focused event="workspace.focus" subsystem="workspace" outcome="ok" workspace_id="w9"
2026-08-14T21:12:07.435472Z  INFO herdr::logging: tab focused event="tab.focus" subsystem="tab" outcome="ok" workspace_id="w9" tab_id="w9:t1"
2026-08-14T21:12:09.074446Z  INFO herdr::server::headless: client resize client_id=8 cols=299 rows=80 cell_width_px=0 cell_height_px=0
2026-08-14T21:12:12.445501Z  INFO herdr::logging: session saved event="persist.save" subsystem="persist" outcome="ok" path=/home/james/.config/herdr/session.json workspaces=2
2026-08-14T21:12:15.212939Z  INFO herdr::server::headless: client resize client_id=8 cols=299 rows=81 cell_width_px=0 cell_height_px=0
2026-08-14T21:15:35.552480Z  INFO herdr::logging: workspace focused event="workspace.focus" subsystem="workspace" outcome="ok" workspace_id="w8"
2026-08-14T21:15:35.552512Z  INFO herdr::logging: tab focused event="tab.focus" subsystem="tab" outcome="ok" workspace_id="w8" tab_id="w8:t1"
2026-08-14T21:15:40.560777Z  INFO herdr::logging: session saved event="persist.save" subsystem="persist" outcome="ok" path=/home/james/.config/herdr/session.json workspaces=2
2026-08-14T21:15:52.577892Z  INFO herdr::logging: tab focused event="tab.focus" subsystem="tab" outcome="ok" workspace_id="w8" tab_id="w8:tS"
2026-08-14T21:15:56.678196Z  INFO herdr::logging: tab focused event="tab.focus" subsystem="tab" outcome="ok" workspace_id="w8" tab_id="w8:t1"
2026-08-14T21:15:57.264510Z  INFO herdr::logging: tab focused event="tab.focus" subsystem="tab" outcome="ok" workspace_id="w8" tab_id="w8:tS"
2026-08-14T21:15:58.446733Z  INFO herdr::logging: tab focused event="tab.focus" subsystem="tab" outcome="ok" workspace_id="w8" tab_id="w8:t1"
2026-08-14T21:16:03.457906Z  INFO herdr::logging: session saved event="persist.save" subsystem="persist" outcome="ok" path=/home/james/.config/herdr/session.json workspaces=2
2026-08-14T21:16:07.408369Z  INFO herdr::logging: tab focused event="tab.focus" subsystem="tab" outcome="ok" workspace_id="w8" tab_id="w8:tS"
2026-08-14T21:16:09.697602Z  INFO herdr::logging: tab focused event="tab.focus" subsystem="tab" outcome="ok" workspace_id="w8" tab_id="w8:t1"
2026-08-14T21:16:11.578643Z  INFO herdr::server::headless: client resize client_id=8 cols=299 rows=80 cell_width_px=0 cell_height_px=0
2026-08-14T21:16:14.708349Z  INFO herdr::logging: session saved event="persist.save" subsystem="persist" outcome="ok" path=/home/james/.config/herdr/session.json workspaces=2
2026-08-14T21:16:27.454253Z  INFO herdr::server::headless: client resize client_id=8 cols=299 rows=81 cell_width_px=0 cell_height_px=0
2026-08-14T21:16:32.974833Z  INFO herdr::logging: tab focused event="tab.focus" subsystem="tab" outcome="ok" workspace_id="w8" tab_id="w8:tS"
2026-08-14T21:16:35.386937Z  INFO herdr::logging: tab focused event="tab.focus" subsystem="tab" outcome="ok" workspace_id="w8" tab_id="w8:t1"
2026-08-14T21:16:40.397879Z  INFO herdr::logging: session saved event="persist.save" subsystem="persist" outcome="ok" path=/home/james/.config/herdr/session.json workspaces=2
2026-08-14T21:16:44.947067Z  INFO herdr::logging: tab focused event="tab.focus" subsystem="tab" outcome="ok" workspace_id="w8" tab_id="w8:tS"
2026-08-14T21:16:49.953042Z  INFO herdr::server::headless: client resize client_id=8 cols=299 rows=80 cell_width_px=0 cell_height_px=0
2026-08-14T21:16:49.966633Z  INFO herdr::logging: session saved event="persist.save" subsystem="persist" outcome="ok" path=/home/james/.config/herdr/session.json workspaces=2
2026-08-14T21:16:56.352861Z  INFO herdr::logging: tab focused event="tab.focus" subsystem="tab" outcome="ok" workspace_id="w8" tab_id="w8:t1"
2026-08-14T21:17:01.364230Z  INFO herdr::logging: session saved event="persist.save" subsystem="persist" outcome="ok" path=/home/james/.config/herdr/session.json workspaces=2
2026-08-14T21:17:20.646925Z  INFO herdr::logging: tab focused event="tab.focus" subsystem="tab" outcome="ok" workspace_id="w8" tab_id="w8:tS"
2026-08-14T21:17:21.075586Z  INFO herdr::logging: tab focused event="tab.focus" subsystem="tab" outcome="ok" workspace_id="w8" tab_id="w8:t1"
2026-08-14T21:17:22.897472Z  INFO herdr::logging: workspace focused event="workspace.focus" subsystem="workspace" outcome="ok" workspace_id="w9"
2026-08-14T21:17:22.897497Z  INFO herdr::logging: tab focused event="tab.focus" subsystem="tab" outcome="ok" workspace_id="w9" tab_id="w9:t1"
2026-08-14T21:17:26.407341Z  INFO herdr::logging: workspace focused event="workspace.focus" subsystem="workspace" outcome="ok" workspace_id="w8"
2026-08-14T21:17:26.407366Z  INFO herdr::logging: tab focused event="tab.focus" subsystem="tab" outcome="ok" workspace_id="w8" tab_id="w8:t1"
2026-08-14T21:17:31.415568Z  INFO herdr::logging: session saved event="persist.save" subsystem="persist" outcome="ok" path=/home/james/.config/herdr/session.json workspaces=2
2026-08-14T21:17:58.478232Z  INFO herdr::logging: tab focused event="tab.focus" subsystem="tab" outcome="ok" workspace_id="w8" tab_id="w8:tS"
2026-08-14T21:18:01.140553Z  INFO herdr::logging: tab focused event="tab.focus" subsystem="tab" outcome="ok" workspace_id="w8" tab_id="w8:t1"
2026-08-14T21:18:03.976205Z  WARN herdr::raw_input: flushing lone escape after input timeout; if this follows an alt chord or focus switch it may reach the pane as plain esc bytes=[27]
2026-08-14T21:18:06.148109Z  INFO herdr::logging: session saved event="persist.save" subsystem="persist" outcome="ok" path=/home/james/.config/herdr/session.json workspaces=2
2026-08-14T21:18:11.355204Z  INFO herdr::logging: tab focused event="tab.focus" subsystem="tab" outcome="ok" workspace_id="w8" tab_id="w8:tS"
2026-08-14T21:18:12.724170Z  INFO herdr::logging: tab focused event="tab.focus" subsystem="tab" outcome="ok" workspace_id="w8" tab_id="w8:t1"
2026-08-14T21:18:13.777888Z  INFO herdr::logging: tab focused event="tab.focus" subsystem="tab" outcome="ok" workspace_id="w8" tab_id="w8:tS"
2026-08-14T21:18:14.959003Z  INFO herdr::logging: tab focused event="tab.focus" subsystem="tab" outcome="ok" workspace_id="w8" tab_id="w8:t1"
2026-08-14T21:18:17.244496Z  INFO herdr::logging: tab focused event="tab.focus" subsystem="tab" outcome="ok" workspace_id="w8" tab_id="w8:tS"
2026-08-14T21:18:18.460496Z  INFO herdr::logging: tab focused event="tab.focus" subsystem="tab" outcome="ok" workspace_id="w8" tab_id="w8:t1"
2026-08-14T21:18:20.918217Z  INFO herdr::logging: tab focused event="tab.focus" subsystem="tab" outcome="ok" workspace_id="w8" tab_id="w8:tS"
2026-08-14T21:18:22.055728Z  INFO herdr::logging: tab focused event="tab.focus" subsystem="tab" outcome="ok" workspace_id="w8" tab_id="w8:t1"
2026-08-14T21:18:24.538671Z  INFO herdr::app::actions: copied selection to clipboard
2026-08-14T21:18:26.278700Z  INFO herdr::logging: workspace focused event="workspace.focus" subsystem="workspace" outcome="ok" workspace_id="w9"
2026-08-14T21:18:26.278729Z  INFO herdr::logging: tab focused event="tab.focus" subsystem="tab" outcome="ok" workspace_id="w9" tab_id="w9:t1"
2026-08-14T21:18:31.284467Z  INFO herdr::logging: session saved event="persist.save" subsystem="persist" outcome="ok" path=/home/james/.config/herdr/session.json workspaces=2
2026-08-14T21:19:48.334918Z  INFO herdr::logging: workspace focused event="workspace.focus" subsystem="workspace" outcome="ok" workspace_id="w8"
2026-08-14T21:19:48.334944Z  INFO herdr::logging: tab focused event="tab.focus" subsystem="tab" outcome="ok" workspace_id="w8" tab_id="w8:t1"
2026-08-14T21:19:53.341258Z  INFO herdr::logging: session saved event="persist.save" subsystem="persist" outcome="ok" path=/home/james/.config/herdr/session.json workspaces=2
2026-08-14T21:20:36.893953Z  INFO herdr::logging: tab focused event="tab.focus" subsystem="tab" outcome="ok" workspace_id="w8" tab_id="w8:tS"
2026-08-14T21:20:40.723770Z  INFO herdr::logging: tab focused event="tab.focus" subsystem="tab" outcome="ok" workspace_id="w8" tab_id="w8:t1"
2026-08-14T21:20:45.041080Z  INFO herdr::logging: workspace focused event="workspace.focus" subsystem="workspace" outcome="ok" workspace_id="w9"
2026-08-14T21:20:45.041108Z  INFO herdr::logging: tab focused event="tab.focus" subsystem="tab" outcome="ok" workspace_id="w9" tab_id="w9:t1"
2026-08-14T21:20:50.046392Z  INFO herdr::logging: session saved event="persist.save" subsystem="persist" outcome="ok" path=/home/james/.config/herdr/session.json workspaces=2
2026-08-14T21:22:30.264459Z  INFO herdr::logging: tab focused event="tab.focus" subsystem="tab" outcome="ok" workspace_id="w9" tab_id="w9:tM"
2026-08-14T21:22:35.269544Z  INFO herdr::logging: session saved event="persist.save" subsystem="persist" outcome="ok" path=/home/james/.config/herdr/session.json workspaces=2
2026-08-14T21:22:38.628748Z  INFO herdr::logging: workspace focused event="workspace.focus" subsystem="workspace" outcome="ok" workspace_id="w8"
2026-08-14T21:22:38.628778Z  INFO herdr::logging: tab focused event="tab.focus" subsystem="tab" outcome="ok" workspace_id="w8" tab_id="w8:t1"
2026-08-14T21:22:43.634929Z  INFO herdr::logging: session saved event="persist.save" subsystem="persist" outcome="ok" path=/home/james/.config/herdr/session.json workspaces=2
2026-08-14T21:22:48.967442Z  INFO herdr::app::actions: copied double-clicked token to clipboard
2026-08-14T21:23:05.878109Z  INFO herdr::app::actions: copied double-clicked token to clipboard
2026-08-14T21:23:06.675535Z  INFO herdr::app::actions: copied double-clicked token to clipboard
2026-08-14T21:23:14.021202Z  INFO herdr::app::actions: copied selection to clipboard
2026-08-14T21:26:05.552734Z  INFO herdr::logging: workspace focused event="workspace.focus" subsystem="workspace" outcome="ok" workspace_id="w9"
2026-08-14T21:26:05.552760Z  INFO herdr::logging: tab focused event="tab.focus" subsystem="tab" outcome="ok" workspace_id="w9" tab_id="w9:t1"
2026-08-14T21:26:07.644213Z  INFO herdr::logging: tab focused event="tab.focus" subsystem="tab" outcome="ok" workspace_id="w9" tab_id="w9:tM"
2026-08-14T21:26:12.650252Z  INFO herdr::logging: session saved event="persist.save" subsystem="persist" outcome="ok" path=/home/james/.config/herdr/session.json workspaces=2
2026-08-14T21:26:18.069397Z  INFO herdr::logging: tab focused event="tab.focus" subsystem="tab" outcome="ok" workspace_id="w9" tab_id="w9:t1"
2026-08-14T21:26:23.075543Z  INFO herdr::logging: session saved event="persist.save" subsystem="persist" outcome="ok" path=/home/james/.config/herdr/session.json workspaces=2
2026-08-14T21:26:27.235416Z  INFO herdr::logging: tab focused event="tab.focus" subsystem="tab" outcome="ok" workspace_id="w9" tab_id="w9:tM"
2026-08-14T21:26:28.446165Z  INFO herdr::logging: spawning pane terminal event="pane.spawn.start" subsystem="pane" outcome="started" pane_id=55 rows=79 cols=270 scrollback_limit_bytes=10000000
2026-08-14T21:26:28.447656Z  INFO herdr::logging: pane child spawned event="pane.spawned" subsystem="pane" outcome="ok" pane_id=55 pid=1020641
2026-08-14T21:26:28.447849Z  INFO herdr::logging: tab focused event="tab.focus" subsystem="tab" outcome="ok" workspace_id="w9" tab_id="w9:tN"
2026-08-14T21:26:31.007745Z  INFO herdr::pane: agent changed pane=55 previous_agent=None agent=Some(Claude) process=claude pgid=Some(1020682)
2026-08-14T21:26:35.225529Z  INFO herdr::pane: agent changed pane=55 previous_agent=Some(Claude) agent=None pgid=Some(1020641)
2026-08-14T21:26:37.735905Z  INFO herdr::pane: agent changed pane=55 previous_agent=None agent=Some(Claude) process=claude pgid=Some(1020879)
2026-08-14T21:26:41.262705Z  WARN herdr::raw_input: flushing lone escape after input timeout; if this follows an alt chord or focus switch it may reach the pane as plain esc bytes=[27]
2026-08-14T21:26:42.722881Z  INFO herdr::logging: session saved event="persist.save" subsystem="persist" outcome="ok" path=/home/james/.config/herdr/session.json workspaces=2
2026-08-14T21:26:44.665194Z  WARN herdr::raw_input: flushing lone escape after input timeout; if this follows an alt chord or focus switch it may reach the pane as plain esc bytes=[27]
2026-08-14T21:27:08.628137Z  INFO herdr::logging: spawning pane terminal event="pane.spawn.start" subsystem="pane" outcome="started" pane_id=56 rows=79 cols=270 scrollback_limit_bytes=10000000
2026-08-14T21:27:08.630008Z  INFO herdr::logging: pane child spawned event="pane.spawned" subsystem="pane" outcome="ok" pane_id=56 pid=1021195
2026-08-14T21:27:08.630187Z  INFO herdr::logging: tab focused event="tab.focus" subsystem="tab" outcome="ok" workspace_id="w9" tab_id="w9:tP"
2026-08-14T21:27:11.770683Z  INFO herdr::logging: tab focused event="tab.focus" subsystem="tab" outcome="ok" workspace_id="w9" tab_id="w9:tN"
2026-08-14T21:27:16.771677Z  INFO herdr::logging: session saved event="persist.save" subsystem="persist" outcome="ok" path=/home/james/.config/herdr/session.json workspaces=2
2026-08-14T21:27:23.522276Z  INFO herdr::logging: tab focused event="tab.focus" subsystem="tab" outcome="ok" workspace_id="w9" tab_id="w9:tP"
2026-08-14T21:27:26.576261Z  INFO herdr::logging: tab focused event="tab.focus" subsystem="tab" outcome="ok" workspace_id="w9" tab_id="w9:tN"
2026-08-14T21:27:31.570485Z  INFO herdr::logging: tab focused event="tab.focus" subsystem="tab" outcome="ok" workspace_id="w9" tab_id="w9:tP"
2026-08-14T21:27:36.572378Z  INFO herdr::logging: session saved event="persist.save" subsystem="persist" outcome="ok" path=/home/james/.config/herdr/session.json workspaces=2
2026-08-14T21:27:38.121845Z  INFO herdr::app::actions: copied double-clicked token to clipboard
2026-08-14T21:27:46.589379Z  INFO herdr::logging: tab focused event="tab.focus" subsystem="tab" outcome="ok" workspace_id="w9" tab_id="w9:tN"
2026-08-14T21:27:51.592299Z  INFO herdr::logging: session saved event="persist.save" subsystem="persist" outcome="ok" path=/home/james/.config/herdr/session.json workspaces=2
2026-08-14T21:28:17.564919Z  INFO herdr::app::actions: copied selection to clipboard
2026-08-14T21:28:18.834600Z  INFO herdr::logging: tab focused event="tab.focus" subsystem="tab" outcome="ok" workspace_id="w9" tab_id="w9:tM"
2026-08-14T21:28:19.563090Z  INFO herdr::logging: tab focused event="tab.focus" subsystem="tab" outcome="ok" workspace_id="w9" tab_id="w9:t1"
2026-08-14T21:28:24.568858Z  INFO herdr::logging: session saved event="persist.save" subsystem="persist" outcome="ok" path=/home/james/.config/herdr/session.json workspaces=2
2026-08-14T21:28:26.497448Z  INFO herdr::logging: tab focused event="tab.focus" subsystem="tab" outcome="ok" workspace_id="w9" tab_id="w9:tM"
2026-08-14T21:28:27.260812Z  INFO herdr::logging: tab focused event="tab.focus" subsystem="tab" outcome="ok" workspace_id="w9" tab_id="w9:tN"
2026-08-14T21:28:27.900497Z  INFO herdr::logging: tab focused event="tab.focus" subsystem="tab" outcome="ok" workspace_id="w9" tab_id="w9:tP"
2026-08-14T21:28:28.348320Z  INFO herdr::logging: tab focused event="tab.focus" subsystem="tab" outcome="ok" workspace_id="w9" tab_id="w9:tN"
2026-08-14T21:28:28.928886Z  INFO herdr::logging: tab focused event="tab.focus" subsystem="tab" outcome="ok" workspace_id="w9" tab_id="w9:tP"
2026-08-14T21:28:29.314089Z  INFO herdr::logging: pane child exited event="pane.exit" subsystem="pane" outcome="completed" pane_id=56 status="ExitStatus { code: 0, signal: None }"
2026-08-14T21:28:29.314209Z  INFO herdr::pane: pane session terminated pane=56 pid=1021195 signal=Hangup
2026-08-14T21:28:30.916206Z  INFO herdr::logging: tab focused event="tab.focus" subsystem="tab" outcome="ok" workspace_id="w9" tab_id="w9:t1"
2026-08-14T21:28:33.008683Z  INFO herdr::logging: tab focused event="tab.focus" subsystem="tab" outcome="ok" workspace_id="w9" tab_id="w9:tM"
2026-08-14T21:28:33.486468Z  INFO herdr::logging: tab focused event="tab.focus" subsystem="tab" outcome="ok" workspace_id="w9" tab_id="w9:tN"
2026-08-14T21:28:34.132198Z  INFO herdr::logging: tab focused event="tab.focus" subsystem="tab" outcome="ok" workspace_id="w9" tab_id="w9:t1"
2026-08-14T21:28:37.410509Z  INFO herdr::logging: tab focused event="tab.focus" subsystem="tab" outcome="ok" workspace_id="w9" tab_id="w9:tN"
2026-08-14T21:28:40.349341Z  INFO herdr::pane: agent changed pane=55 previous_agent=Some(Claude) agent=None pgid=Some(1020641)
2026-08-14T21:28:42.860017Z  INFO herdr::pane: agent changed pane=55 previous_agent=None agent=Some(Claude) process=claude pgid=Some(1021843)
2026-08-14T21:28:48.021439Z  INFO herdr::logging: session saved event="persist.save" subsystem="persist" outcome="ok" path=/home/james/.config/herdr/session.json workspaces=2
2026-08-14T21:28:51.501812Z  INFO herdr::app::actions: copied selection to clipboard
2026-08-14T21:28:52.604681Z  INFO herdr::logging: tab focused event="tab.focus" subsystem="tab" outcome="ok" workspace_id="w9" tab_id="w9:t1"
2026-08-14T21:28:57.609119Z  INFO herdr::logging: session saved event="persist.save" subsystem="persist" outcome="ok" path=/home/james/.config/herdr/session.json workspaces=2
2026-08-14T21:29:07.380062Z  INFO herdr::app::actions: copied selection to clipboard
2026-08-14T21:29:08.359774Z  INFO herdr::logging: tab focused event="tab.focus" subsystem="tab" outcome="ok" workspace_id="w9" tab_id="w9:tN"
2026-08-14T21:29:10.579855Z  INFO herdr::pane: agent changed pane=55 previous_agent=Some(Claude) agent=None pgid=Some(1020641)
2026-08-14T21:29:13.591153Z  INFO herdr::pane: agent changed pane=55 previous_agent=None agent=Some(Claude) process=claude pgid=Some(1022123)
2026-08-14T21:29:18.927136Z  INFO herdr::logging: session saved event="persist.save" subsystem="persist" outcome="ok" path=/home/james/.config/herdr/session.json workspaces=2
2026-08-14T21:29:19.231392Z  INFO herdr::app::actions: copied selection to clipboard
2026-08-14T21:29:20.211785Z  INFO herdr::logging: tab focused event="tab.focus" subsystem="tab" outcome="ok" workspace_id="w9" tab_id="w9:t1"
2026-08-14T21:29:25.216537Z  INFO herdr::logging: session saved event="persist.save" subsystem="persist" outcome="ok" path=/home/james/.config/herdr/session.json workspaces=2
2026-08-14T21:29:26.830216Z  INFO herdr::logging: tab focused event="tab.focus" subsystem="tab" outcome="ok" workspace_id="w9" tab_id="w9:tN"
2026-08-14T21:29:31.834797Z  INFO herdr::logging: session saved event="persist.save" subsystem="persist" outcome="ok" path=/home/james/.config/herdr/session.json workspaces=2
2026-08-14T21:30:12.450633Z  INFO herdr::logging: tab focused event="tab.focus" subsystem="tab" outcome="ok" workspace_id="w9" tab_id="w9:tM"
2026-08-14T21:30:17.112227Z  INFO herdr::logging: tab focused event="tab.focus" subsystem="tab" outcome="ok" workspace_id="w9" tab_id="w9:t1"
2026-08-14T21:30:17.530987Z  INFO herdr::logging: tab focused event="tab.focus" subsystem="tab" outcome="ok" workspace_id="w9" tab_id="w9:tM"
2026-08-14T21:30:22.537164Z  INFO herdr::logging: session saved event="persist.save" subsystem="persist" outcome="ok" path=/home/james/.config/herdr/session.json workspaces=2
2026-08-14T21:30:29.336787Z  INFO herdr::logging: tab focused event="tab.focus" subsystem="tab" outcome="ok" workspace_id="w9" tab_id="w9:tN"
2026-08-14T21:30:34.339723Z  INFO herdr::logging: session saved event="persist.save" subsystem="persist" outcome="ok" path=/home/james/.config/herdr/session.json workspaces=2
2026-08-14T21:30:46.605142Z  INFO herdr::logging: spawning pane terminal event="pane.spawn.start" subsystem="pane" outcome="started" pane_id=57 rows=79 cols=270 scrollback_limit_bytes=10000000
2026-08-14T21:30:46.606921Z  INFO herdr::logging: pane child spawned event="pane.spawned" subsystem="pane" outcome="ok" pane_id=57 pid=1023275
2026-08-14T21:30:46.607070Z  INFO herdr::logging: tab focused event="tab.focus" subsystem="tab" outcome="ok" workspace_id="w9" tab_id="w9:tQ"
2026-08-14T21:30:47.239000Z  INFO herdr::logging: tab focused event="tab.focus" subsystem="tab" outcome="ok" workspace_id="w9" tab_id="w9:tN"
2026-08-14T21:30:48.090257Z  INFO herdr::logging: tab focused event="tab.focus" subsystem="tab" outcome="ok" workspace_id="w9" tab_id="w9:tQ"
2026-08-14T21:30:48.641198Z  INFO herdr::logging: tab focused event="tab.focus" subsystem="tab" outcome="ok" workspace_id="w9" tab_id="w9:tN"
2026-08-14T21:30:51.594717Z  INFO herdr::app::actions: copied selection to clipboard
2026-08-14T21:30:52.652500Z  INFO herdr::logging: tab focused event="tab.focus" subsystem="tab" outcome="ok" workspace_id="w9" tab_id="w9:tM"
2026-08-14T21:30:53.287653Z  INFO herdr::logging: tab focused event="tab.focus" subsystem="tab" outcome="ok" workspace_id="w9" tab_id="w9:t1"
2026-08-14T21:30:58.240963Z  INFO herdr::logging: tab focused event="tab.focus" subsystem="tab" outcome="ok" workspace_id="w9" tab_id="w9:tM"
2026-08-14T21:30:59.005620Z  INFO herdr::logging: tab focused event="tab.focus" subsystem="tab" outcome="ok" workspace_id="w9" tab_id="w9:tN"
2026-08-14T21:31:00.320028Z  INFO herdr::logging: tab focused event="tab.focus" subsystem="tab" outcome="ok" workspace_id="w9" tab_id="w9:tQ"
2026-08-14T21:31:00.753909Z  INFO herdr::logging: tab focused event="tab.focus" subsystem="tab" outcome="ok" workspace_id="w9" tab_id="w9:t1"
2026-08-14T21:31:05.759315Z  INFO herdr::logging: session saved event="persist.save" subsystem="persist" outcome="ok" path=/home/james/.config/herdr/session.json workspaces=2
2026-08-14T21:31:19.096775Z  INFO herdr::logging: tab focused event="tab.focus" subsystem="tab" outcome="ok" workspace_id="w9" tab_id="w9:tQ"
2026-08-14T21:31:19.430877Z  INFO herdr::logging: tab focused event="tab.focus" subsystem="tab" outcome="ok" workspace_id="w9" tab_id="w9:tN"
2026-08-14T21:31:24.433193Z  INFO herdr::logging: session saved event="persist.save" subsystem="persist" outcome="ok" path=/home/james/.config/herdr/session.json workspaces=2
2026-08-14T21:32:16.219027Z  WARN herdr::raw_input: flushing lone escape after input timeout; if this follows an alt chord or focus switch it may reach the pane as plain esc bytes=[27]
2026-08-14T21:32:58.756259Z  INFO herdr::logging: tab focused event="tab.focus" subsystem="tab" outcome="ok" workspace_id="w9" tab_id="w9:tQ"
2026-08-14T21:32:59.219388Z  INFO herdr::logging: tab focused event="tab.focus" subsystem="tab" outcome="ok" workspace_id="w9" tab_id="w9:tN"
2026-08-14T21:32:59.815150Z  INFO herdr::logging: tab focused event="tab.focus" subsystem="tab" outcome="ok" workspace_id="w9" tab_id="w9:tQ"
2026-08-14T21:33:00.307304Z  INFO herdr::logging: tab focused event="tab.focus" subsystem="tab" outcome="ok" workspace_id="w9" tab_id="w9:tN"
2026-08-14T21:33:00.616903Z  INFO herdr::logging: tab focused event="tab.focus" subsystem="tab" outcome="ok" workspace_id="w9" tab_id="w9:tM"
2026-08-14T21:33:01.031791Z  INFO herdr::logging: tab focused event="tab.focus" subsystem="tab" outcome="ok" workspace_id="w9" tab_id="w9:t1"
2026-08-14T21:33:01.538696Z  INFO herdr::logging: tab focused event="tab.focus" subsystem="tab" outcome="ok" workspace_id="w9" tab_id="w9:tM"
2026-08-14T21:33:02.405281Z  INFO herdr::logging: tab focused event="tab.focus" subsystem="tab" outcome="ok" workspace_id="w9" tab_id="w9:tN"
2026-08-14T21:33:02.783428Z  INFO herdr::logging: tab focused event="tab.focus" subsystem="tab" outcome="ok" workspace_id="w9" tab_id="w9:tM"
2026-08-14T21:33:07.229664Z  INFO herdr::app::actions: copied selection to clipboard
2026-08-14T21:33:07.788330Z  INFO herdr::logging: session saved event="persist.save" subsystem="persist" outcome="ok" path=/home/james/.config/herdr/session.json workspaces=2
2026-08-14T21:33:08.317406Z  INFO herdr::logging: tab focused event="tab.focus" subsystem="tab" outcome="ok" workspace_id="w9" tab_id="w9:t1"
2026-08-14T21:33:09.978567Z  INFO herdr::logging: tab focused event="tab.focus" subsystem="tab" outcome="ok" workspace_id="w9" tab_id="w9:tQ"
2026-08-14T21:33:12.073236Z  INFO herdr::logging: tab focused event="tab.focus" subsystem="tab" outcome="ok" workspace_id="w9" tab_id="w9:t1"
2026-08-14T21:33:12.545589Z  INFO herdr::logging: tab focused event="tab.focus" subsystem="tab" outcome="ok" workspace_id="w9" tab_id="w9:tM"
2026-08-14T21:33:12.978902Z  INFO herdr::logging: tab focused event="tab.focus" subsystem="tab" outcome="ok" workspace_id="w9" tab_id="w9:tN"
2026-08-14T21:33:17.982470Z  INFO herdr::logging: session saved event="persist.save" subsystem="persist" outcome="ok" path=/home/james/.config/herdr/session.json workspaces=2
2026-08-14T21:33:38.931804Z  INFO herdr::logging: tab focused event="tab.focus" subsystem="tab" outcome="ok" workspace_id="w9" tab_id="w9:tQ"
2026-08-14T21:33:39.458562Z  INFO herdr::logging: tab focused event="tab.focus" subsystem="tab" outcome="ok" workspace_id="w9" tab_id="w9:tN"
2026-08-14T21:33:41.594806Z  INFO herdr::logging: tab focused event="tab.focus" subsystem="tab" outcome="ok" workspace_id="w9" tab_id="w9:tM"
2026-08-14T21:33:41.998520Z  INFO herdr::logging: tab focused event="tab.focus" subsystem="tab" outcome="ok" workspace_id="w9" tab_id="w9:tN"
2026-08-14T21:33:42.673260Z  INFO herdr::logging: tab focused event="tab.focus" subsystem="tab" outcome="ok" workspace_id="w9" tab_id="w9:tM"
2026-08-14T21:33:42.963718Z  INFO herdr::logging: tab focused event="tab.focus" subsystem="tab" outcome="ok" workspace_id="w9" tab_id="w9:t1"
2026-08-14T21:33:47.970741Z  INFO herdr::logging: session saved event="persist.save" subsystem="persist" outcome="ok" path=/home/james/.config/herdr/session.json workspaces=2
2026-08-14T21:33:57.996169Z  INFO herdr::logging: workspace focused event="workspace.focus" subsystem="workspace" outcome="ok" workspace_id="w8"
2026-08-14T21:33:57.996197Z  INFO herdr::logging: tab focused event="tab.focus" subsystem="tab" outcome="ok" workspace_id="w8" tab_id="w8:t1"
2026-08-14T21:34:03.003539Z  INFO herdr::logging: session saved event="persist.save" subsystem="persist" outcome="ok" path=/home/james/.config/herdr/session.json workspaces=2
2026-08-14T21:35:10.015223Z  INFO herdr::logging: workspace focused event="workspace.focus" subsystem="workspace" outcome="ok" workspace_id="w9"
2026-08-14T21:35:10.015252Z  INFO herdr::logging: tab focused event="tab.focus" subsystem="tab" outcome="ok" workspace_id="w9" tab_id="w9:t1"
2026-08-14T21:35:15.024282Z  INFO herdr::logging: session saved event="persist.save" subsystem="persist" outcome="ok" path=/home/james/.config/herdr/session.json workspaces=2
2026-08-14T21:35:15.362856Z  INFO herdr::logging: tab focused event="tab.focus" subsystem="tab" outcome="ok" workspace_id="w9" tab_id="w9:tQ"
2026-08-14T21:35:20.368136Z  INFO herdr::logging: session saved event="persist.save" subsystem="persist" outcome="ok" path=/home/james/.config/herdr/session.json workspaces=2
2026-08-14T21:35:30.194966Z  INFO herdr::logging: tab focused event="tab.focus" subsystem="tab" outcome="ok" workspace_id="w9" tab_id="w9:tN"
2026-08-14T21:35:30.997402Z  INFO herdr::logging: tab focused event="tab.focus" subsystem="tab" outcome="ok" workspace_id="w9" tab_id="w9:tM"
2026-08-14T21:35:31.697136Z  INFO herdr::logging: tab focused event="tab.focus" subsystem="tab" outcome="ok" workspace_id="w9" tab_id="w9:t1"
2026-08-14T21:35:32.566532Z  INFO herdr::logging: tab focused event="tab.focus" subsystem="tab" outcome="ok" workspace_id="w9" tab_id="w9:tM"
2026-08-14T21:35:32.930175Z  INFO herdr::logging: tab focused event="tab.focus" subsystem="tab" outcome="ok" workspace_id="w9" tab_id="w9:tN"
2026-08-14T21:35:35.268591Z  INFO herdr::logging: tab focused event="tab.focus" subsystem="tab" outcome="ok" workspace_id="w9" tab_id="w9:tM"
2026-08-14T21:35:40.273797Z  INFO herdr::logging: session saved event="persist.save" subsystem="persist" outcome="ok" path=/home/james/.config/herdr/session.json workspaces=2
2026-08-14T21:35:45.482196Z  INFO herdr::logging: tab focused event="tab.focus" subsystem="tab" outcome="ok" workspace_id="w9" tab_id="w9:t1"
2026-08-14T21:35:50.490529Z  INFO herdr::logging: session saved event="persist.save" subsystem="persist" outcome="ok" path=/home/james/.config/herdr/session.json workspaces=2
2026-08-14T21:35:56.283815Z  INFO herdr::logging: workspace focused event="workspace.focus" subsystem="workspace" outcome="ok" workspace_id="w8"
2026-08-14T21:35:56.283841Z  INFO herdr::logging: tab focused event="tab.focus" subsystem="tab" outcome="ok" workspace_id="w8" tab_id="w8:t1"
2026-08-14T21:36:01.292642Z  INFO herdr::logging: session saved event="persist.save" subsystem="persist" outcome="ok" path=/home/james/.config/herdr/session.json workspaces=2
2026-08-14T21:37:50.426216Z  INFO herdr::logging: checking for updates event="update.check.start" subsystem="update" outcome="started"
2026-08-14T21:37:50.504630Z  WARN herdr::detect::manifest_update: skipping unknown remote manifest agent agent="qwen"
2026-08-14T21:38:01.392010Z  INFO herdr::logging: workspace focused event="workspace.focus" subsystem="workspace" outcome="ok" workspace_id="w9"
2026-08-14T21:38:01.392037Z  INFO herdr::logging: tab focused event="tab.focus" subsystem="tab" outcome="ok" workspace_id="w9" tab_id="w9:t1"
2026-08-14T21:38:06.401775Z  INFO herdr::logging: session saved event="persist.save" subsystem="persist" outcome="ok" path=/home/james/.config/herdr/session.json workspaces=2
2026-08-14T21:38:08.514536Z  INFO herdr::logging: tab focused event="tab.focus" subsystem="tab" outcome="ok" workspace_id="w9" tab_id="w9:tM"
2026-08-14T21:38:09.066599Z  INFO herdr::logging: tab focused event="tab.focus" subsystem="tab" outcome="ok" workspace_id="w9" tab_id="w9:t1"
2026-08-14T21:38:11.582035Z  INFO herdr::logging: tab focused event="tab.focus" subsystem="tab" outcome="ok" workspace_id="w9" tab_id="w9:tM"
2026-08-14T21:38:16.367129Z  INFO herdr::logging: tab focused event="tab.focus" subsystem="tab" outcome="ok" workspace_id="w9" tab_id="w9:t1"
2026-08-14T21:38:20.665874Z  INFO herdr::logging: tab focused event="tab.focus" subsystem="tab" outcome="ok" workspace_id="w9" tab_id="w9:tM"
2026-08-14T21:38:22.166218Z  INFO herdr::logging: tab focused event="tab.focus" subsystem="tab" outcome="ok" workspace_id="w9" tab_id="w9:t1"
2026-08-14T21:38:22.831136Z  INFO herdr::logging: tab focused event="tab.focus" subsystem="tab" outcome="ok" workspace_id="w9" tab_id="w9:tM"
2026-08-14T21:38:24.674564Z  INFO herdr::logging: tab focused event="tab.focus" subsystem="tab" outcome="ok" workspace_id="w9" tab_id="w9:t1"
2026-08-14T21:38:25.013811Z  INFO herdr::logging: tab focused event="tab.focus" subsystem="tab" outcome="ok" workspace_id="w9" tab_id="w9:tM"
2026-08-14T21:38:30.021466Z  INFO herdr::logging: session saved event="persist.save" subsystem="persist" outcome="ok" path=/home/james/.config/herdr/session.json workspaces=2
2026-08-14T21:41:08.191299Z  INFO herdr::logging: tab focused event="tab.focus" subsystem="tab" outcome="ok" workspace_id="w9" tab_id="w9:t1"
2026-08-14T21:41:08.988837Z  INFO herdr::logging: tab focused event="tab.focus" subsystem="tab" outcome="ok" workspace_id="w9" tab_id="w9:tM"
2026-08-14T21:41:09.451271Z  INFO herdr::logging: tab focused event="tab.focus" subsystem="tab" outcome="ok" workspace_id="w9" tab_id="w9:tN"
2026-08-14T21:41:10.253960Z  INFO herdr::logging: tab focused event="tab.focus" subsystem="tab" outcome="ok" workspace_id="w9" tab_id="w9:tQ"
2026-08-14T21:41:11.411423Z  INFO herdr::logging: tab focused event="tab.focus" subsystem="tab" outcome="ok" workspace_id="w9" tab_id="w9:t1"
2026-08-14T21:41:11.883783Z  INFO herdr::logging: tab focused event="tab.focus" subsystem="tab" outcome="ok" workspace_id="w9" tab_id="w9:tM"
2026-08-14T21:41:12.258068Z  INFO herdr::logging: tab focused event="tab.focus" subsystem="tab" outcome="ok" workspace_id="w9" tab_id="w9:tN"
2026-08-14T21:41:12.923243Z  INFO herdr::logging: tab focused event="tab.focus" subsystem="tab" outcome="ok" workspace_id="w9" tab_id="w9:tM"
2026-08-14T21:41:17.931997Z  INFO herdr::logging: session saved event="persist.save" subsystem="persist" outcome="ok" path=/home/james/.config/herdr/session.json workspaces=2
2026-08-14T21:41:24.187940Z  INFO herdr::app::actions: copied selection to clipboard
2026-08-14T21:41:30.380836Z  INFO herdr::logging: tab focused event="tab.focus" subsystem="tab" outcome="ok" workspace_id="w9" tab_id="w9:tN"
2026-08-14T21:41:30.754334Z  INFO herdr::logging: tab focused event="tab.focus" subsystem="tab" outcome="ok" workspace_id="w9" tab_id="w9:tM"
2026-08-14T21:41:34.002814Z  INFO herdr::logging: tab focused event="tab.focus" subsystem="tab" outcome="ok" workspace_id="w9" tab_id="w9:tN"
2026-08-14T21:41:35.061542Z  INFO herdr::logging: tab focused event="tab.focus" subsystem="tab" outcome="ok" workspace_id="w9" tab_id="w9:tM"
2026-08-14T21:41:36.634508Z  INFO herdr::logging: tab focused event="tab.focus" subsystem="tab" outcome="ok" workspace_id="w9" tab_id="w9:tN"
2026-08-14T21:41:36.982396Z  INFO herdr::logging: tab focused event="tab.focus" subsystem="tab" outcome="ok" workspace_id="w9" tab_id="w9:tM"
2026-08-14T21:41:41.993728Z  INFO herdr::logging: session saved event="persist.save" subsystem="persist" outcome="ok" path=/home/james/.config/herdr/session.json workspaces=2
2026-08-14T21:41:44.032431Z  INFO herdr::logging: tab focused event="tab.focus" subsystem="tab" outcome="ok" workspace_id="w9" tab_id="w9:tN"
2026-08-14T21:41:44.406558Z  INFO herdr::logging: tab focused event="tab.focus" subsystem="tab" outcome="ok" workspace_id="w9" tab_id="w9:tM"
2026-08-14T21:41:49.418918Z  INFO herdr::logging: session saved event="persist.save" subsystem="persist" outcome="ok" path=/home/james/.config/herdr/session.json workspaces=2
2026-08-14T21:42:16.426529Z  INFO herdr::logging: tab focused event="tab.focus" subsystem="tab" outcome="ok" workspace_id="w9" tab_id="w9:tN"
2026-08-14T21:42:21.436651Z  INFO herdr::logging: session saved event="persist.save" subsystem="persist" outcome="ok" path=/home/james/.config/herdr/session.json workspaces=2
2026-08-14T21:43:47.833076Z  INFO herdr::logging: tab focused event="tab.focus" subsystem="tab" outcome="ok" workspace_id="w9" tab_id="w9:tQ"
2026-08-14T21:43:48.567073Z  INFO herdr::logging: tab focused event="tab.focus" subsystem="tab" outcome="ok" workspace_id="w9" tab_id="w9:tN"
2026-08-14T21:43:49.511786Z  INFO herdr::logging: tab focused event="tab.focus" subsystem="tab" outcome="ok" workspace_id="w9" tab_id="w9:tM"
2026-08-14T21:43:50.181813Z  INFO herdr::logging: tab focused event="tab.focus" subsystem="tab" outcome="ok" workspace_id="w9" tab_id="w9:tN"
2026-08-14T21:43:55.193526Z  INFO herdr::logging: session saved event="persist.save" subsystem="persist" outcome="ok" path=/home/james/.config/herdr/session.json workspaces=2
2026-08-14T21:44:02.704474Z  WARN herdr::raw_input: flushing lone escape after input timeout; if this follows an alt chord or focus switch it may reach the pane as plain esc bytes=[27]
2026-08-14T21:45:03.177994Z  INFO herdr::server::headless: staged client clipboard image client_id=8 bytes=143736 path=/mnt/disks/scratch/james/tmp/herdr-clipboard-images-1011/client-8-clipboard-1786743903177908235-0.png
2026-08-14T21:46:01.387486Z  INFO herdr::logging: tab focused event="tab.focus" subsystem="tab" outcome="ok" workspace_id="w9" tab_id="w9:tM"
2026-08-14T21:46:06.399260Z  INFO herdr::logging: session saved event="persist.save" subsystem="persist" outcome="ok" path=/home/james/.config/herdr/session.json workspaces=2
2026-08-14T21:46:06.459933Z  INFO herdr::logging: tab focused event="tab.focus" subsystem="tab" outcome="ok" workspace_id="w9" tab_id="w9:tN"
2026-08-14T21:46:08.287595Z  INFO herdr::logging: tab focused event="tab.focus" subsystem="tab" outcome="ok" workspace_id="w9" tab_id="w9:tQ"
2026-08-14T21:46:11.016405Z  INFO herdr::pane: agent changed pane=57 previous_agent=None agent=Some(Claude) process=claude pgid=Some(1038751)
2026-08-14T21:46:15.935524Z  INFO herdr::logging: session saved event="persist.save" subsystem="persist" outcome="ok" path=/home/james/.config/herdr/session.json workspaces=2
2026-08-14T21:46:17.459674Z  WARN herdr::raw_input: flushing lone escape after input timeout; if this follows an alt chord or focus switch it may reach the pane as plain esc bytes=[27]
2026-08-14T21:47:24.555516Z  INFO herdr::logging: pane child exited event="pane.exit" subsystem="pane" outcome="completed" pane_id=57 status="ExitStatus { code: 0, signal: None }"
2026-08-14T21:47:24.559729Z  INFO herdr::pane: pane session terminated pane=57 pid=1023275 signal=Hangup
2026-08-14T21:47:28.658646Z  WARN herdr::raw_input: flushing lone escape after input timeout; if this follows an alt chord or focus switch it may reach the pane as plain esc bytes=[27]
2026-08-14T21:47:29.061124Z  WARN herdr::raw_input: flushing lone escape after input timeout; if this follows an alt chord or focus switch it may reach the pane as plain esc bytes=[27]
2026-08-14T21:47:29.561582Z  INFO herdr::logging: session saved event="persist.save" subsystem="persist" outcome="ok" path=/home/james/.config/herdr/session.json workspaces=2
2026-08-14T21:47:32.200950Z  INFO herdr::pane: agent changed pane=55 previous_agent=Some(Claude) agent=None pgid=Some(1020641)
2026-08-14T21:47:32.516044Z  INFO herdr::logging: pane child exited event="pane.exit" subsystem="pane" outcome="completed" pane_id=55 status="ExitStatus { code: 0, signal: None }"
2026-08-14T21:47:32.520358Z  INFO herdr::pane: pane session terminated pane=55 pid=1020641 signal=Hangup
2026-08-14T21:47:37.530712Z  INFO herdr::logging: session saved event="persist.save" subsystem="persist" outcome="ok" path=/home/james/.config/herdr/session.json workspaces=2
2026-08-14T21:48:15.512391Z  INFO herdr::logging: tab focused event="tab.focus" subsystem="tab" outcome="ok" workspace_id="w9" tab_id="w9:t1"
2026-08-14T21:48:20.528030Z  INFO herdr::logging: session saved event="persist.save" subsystem="persist" outcome="ok" path=/home/james/.config/herdr/session.json workspaces=2
2026-08-14T21:48:37.982169Z  INFO herdr::logging: tab focused event="tab.focus" subsystem="tab" outcome="ok" workspace_id="w9" tab_id="w9:tM"
2026-08-14T21:48:39.071055Z  INFO herdr::logging: tab focused event="tab.focus" subsystem="tab" outcome="ok" workspace_id="w9" tab_id="w9:t1"
2026-08-14T21:48:40.158839Z  INFO herdr::logging: workspace focused event="workspace.focus" subsystem="workspace" outcome="ok" workspace_id="w8"
2026-08-14T21:48:40.158865Z  INFO herdr::logging: tab focused event="tab.focus" subsystem="tab" outcome="ok" workspace_id="w8" tab_id="w8:t1"
2026-08-14T21:48:45.169916Z  INFO herdr::logging: session saved event="persist.save" subsystem="persist" outcome="ok" path=/home/james/.config/herdr/session.json workspaces=2
2026-08-14T21:52:13.928713Z  INFO herdr::logging: workspace focused event="workspace.focus" subsystem="workspace" outcome="ok" workspace_id="w9"
2026-08-14T21:52:13.928745Z  INFO herdr::logging: tab focused event="tab.focus" subsystem="tab" outcome="ok" workspace_id="w9" tab_id="w9:t1"
2026-08-14T21:52:15.779608Z  INFO herdr::app::actions: copied selection to clipboard
2026-08-14T21:52:18.711671Z  INFO herdr::app::actions: copied selection to clipboard
2026-08-14T21:52:18.939566Z  INFO herdr::logging: session saved event="persist.save" subsystem="persist" outcome="ok" path=/home/james/.config/herdr/session.json workspaces=2
2026-08-14T21:53:29.382149Z  INFO herdr::logging: tab focused event="tab.focus" subsystem="tab" outcome="ok" workspace_id="w9" tab_id="w9:tM"
2026-08-14T21:53:34.396295Z  INFO herdr::logging: session saved event="persist.save" subsystem="persist" outcome="ok" path=/home/james/.config/herdr/session.json workspaces=2
2026-08-14T21:53:38.117463Z  INFO herdr::app::actions: copied selection to clipboard
2026-08-14T21:53:41.583622Z  INFO herdr::logging: tab focused event="tab.focus" subsystem="tab" outcome="ok" workspace_id="w9" tab_id="w9:t1"
2026-08-14T21:53:42.198643Z  INFO herdr::logging: tab focused event="tab.focus" subsystem="tab" outcome="ok" workspace_id="w9" tab_id="w9:tM"
2026-08-14T21:53:43.221315Z  INFO herdr::logging: tab focused event="tab.focus" subsystem="tab" outcome="ok" workspace_id="w9" tab_id="w9:t1"
2026-08-14T21:53:48.236397Z  INFO herdr::logging: session saved event="persist.save" subsystem="persist" outcome="ok" path=/home/james/.config/herdr/session.json workspaces=2
2026-08-14T21:53:55.073231Z  INFO herdr::logging: workspace focused event="workspace.focus" subsystem="workspace" outcome="ok" workspace_id="w8"
2026-08-14T21:53:55.073260Z  INFO herdr::logging: tab focused event="tab.focus" subsystem="tab" outcome="ok" workspace_id="w8" tab_id="w8:t1"
2026-08-14T21:54:00.083837Z  INFO herdr::logging: session saved event="persist.save" subsystem="persist" outcome="ok" path=/home/james/.config/herdr/session.json workspaces=2
2026-08-14T21:55:40.599201Z  INFO herdr::logging: workspace focused event="workspace.focus" subsystem="workspace" outcome="ok" workspace_id="w9"
2026-08-14T21:55:40.599232Z  INFO herdr::logging: tab focused event="tab.focus" subsystem="tab" outcome="ok" workspace_id="w9" tab_id="w9:t1"
2026-08-14T21:55:45.607919Z  INFO herdr::logging: session saved event="persist.save" subsystem="persist" outcome="ok" path=/home/james/.config/herdr/session.json workspaces=2
2026-08-14T21:58:52.758768Z  INFO herdr::logging: tab focused event="tab.focus" subsystem="tab" outcome="ok" workspace_id="w9" tab_id="w9:tM"
2026-08-14T21:58:57.771889Z  INFO herdr::logging: session saved event="persist.save" subsystem="persist" outcome="ok" path=/home/james/.config/herdr/session.json workspaces=2
2026-08-14T21:59:10.458188Z  INFO herdr::logging: workspace focused event="workspace.focus" subsystem="workspace" outcome="ok" workspace_id="w8"
2026-08-14T21:59:10.458225Z  INFO herdr::logging: tab focused event="tab.focus" subsystem="tab" outcome="ok" workspace_id="w8" tab_id="w8:t1"
2026-08-14T21:59:12.973791Z  INFO herdr::logging: workspace focused event="workspace.focus" subsystem="workspace" outcome="ok" workspace_id="w9"
2026-08-14T21:59:12.973822Z  INFO herdr::logging: tab focused event="tab.focus" subsystem="tab" outcome="ok" workspace_id="w9" tab_id="w9:t1"
2026-08-14T21:59:13.353129Z  INFO herdr::logging: workspace focused event="workspace.focus" subsystem="workspace" outcome="ok" workspace_id="w8"
2026-08-14T21:59:13.353157Z  INFO herdr::logging: tab focused event="tab.focus" subsystem="tab" outcome="ok" workspace_id="w8" tab_id="w8:t1"
2026-08-14T21:59:14.002923Z  INFO herdr::logging: workspace focused event="workspace.focus" subsystem="workspace" outcome="ok" workspace_id="w9"
2026-08-14T21:59:14.002952Z  INFO herdr::logging: tab focused event="tab.focus" subsystem="tab" outcome="ok" workspace_id="w9" tab_id="w9:t1"
2026-08-14T21:59:14.396518Z  INFO herdr::logging: workspace focused event="workspace.focus" subsystem="workspace" outcome="ok" workspace_id="w8"
2026-08-14T21:59:14.396546Z  INFO herdr::logging: tab focused event="tab.focus" subsystem="tab" outcome="ok" workspace_id="w8" tab_id="w8:t1"
2026-08-14T21:59:14.782926Z  INFO herdr::logging: workspace focused event="workspace.focus" subsystem="workspace" outcome="ok" workspace_id="w9"
2026-08-14T21:59:14.782952Z  INFO herdr::logging: tab focused event="tab.focus" subsystem="tab" outcome="ok" workspace_id="w9" tab_id="w9:t1"
2026-08-14T21:59:15.211595Z  INFO herdr::logging: workspace focused event="workspace.focus" subsystem="workspace" outcome="ok" workspace_id="w8"
2026-08-14T21:59:15.211625Z  INFO herdr::logging: tab focused event="tab.focus" subsystem="tab" outcome="ok" workspace_id="w8" tab_id="w8:t1"
2026-08-14T21:59:15.664106Z  INFO herdr::logging: workspace focused event="workspace.focus" subsystem="workspace" outcome="ok" workspace_id="w9"
2026-08-14T21:59:15.664136Z  INFO herdr::logging: tab focused event="tab.focus" subsystem="tab" outcome="ok" workspace_id="w9" tab_id="w9:t1"
2026-08-14T21:59:16.309583Z  INFO herdr::logging: workspace focused event="workspace.focus" subsystem="workspace" outcome="ok" workspace_id="w8"
2026-08-14T21:59:16.309610Z  INFO herdr::logging: tab focused event="tab.focus" subsystem="tab" outcome="ok" workspace_id="w8" tab_id="w8:t1"
2026-08-14T21:59:17.036476Z  INFO herdr::logging: workspace focused event="workspace.focus" subsystem="workspace" outcome="ok" workspace_id="w9"
2026-08-14T21:59:17.036501Z  INFO herdr::logging: tab focused event="tab.focus" subsystem="tab" outcome="ok" workspace_id="w9" tab_id="w9:t1"
2026-08-14T21:59:22.045996Z  INFO herdr::logging: session saved event="persist.save" subsystem="persist" outcome="ok" path=/home/james/.config/herdr/session.json workspaces=2
2026-08-14T22:01:00.242421Z  INFO herdr::logging: tab focused event="tab.focus" subsystem="tab" outcome="ok" workspace_id="w9" tab_id="w9:tM"
2026-08-14T22:01:01.533134Z  INFO herdr::app::actions: copied selection to clipboard
2026-08-14T22:01:05.262602Z  INFO herdr::logging: session saved event="persist.save" subsystem="persist" outcome="ok" path=/home/james/.config/herdr/session.json workspaces=2
2026-08-14T22:01:10.469088Z  INFO herdr::app::actions: copied selection to clipboard
2026-08-14T22:01:23.663606Z  INFO herdr::app::actions: copied selection to clipboard
2026-08-14T22:01:25.963993Z  INFO herdr::logging: tab focused event="tab.focus" subsystem="tab" outcome="ok" workspace_id="w9" tab_id="w9:t1"
2026-08-14T22:01:28.058966Z  INFO herdr::app::actions: copied selection to clipboard
2026-08-14T22:01:30.335490Z  INFO herdr::app::actions: copied selection to clipboard
2026-08-14T22:01:30.976124Z  INFO herdr::logging: session saved event="persist.save" subsystem="persist" outcome="ok" path=/home/james/.config/herdr/session.json workspaces=2
2026-08-14T22:03:59.622547Z  INFO herdr::app::actions: copied selection to clipboard
2026-08-14T22:04:00.481096Z  INFO herdr::app::actions: copied selection to clipboard
2026-08-14T22:04:24.056947Z  INFO herdr::logging: workspace focused event="workspace.focus" subsystem="workspace" outcome="ok" workspace_id="w8"
2026-08-14T22:04:24.056975Z  INFO herdr::logging: tab focused event="tab.focus" subsystem="tab" outcome="ok" workspace_id="w8" tab_id="w8:t1"
2026-08-14T22:04:29.066278Z  INFO herdr::logging: session saved event="persist.save" subsystem="persist" outcome="ok" path=/home/james/.config/herdr/session.json workspaces=2
2026-08-14T22:04:29.337449Z  INFO herdr::logging: workspace focused event="workspace.focus" subsystem="workspace" outcome="ok" workspace_id="w9"
2026-08-14T22:04:29.337473Z  INFO herdr::logging: tab focused event="tab.focus" subsystem="tab" outcome="ok" workspace_id="w9" tab_id="w9:t1"
2026-08-14T22:04:34.345939Z  INFO herdr::logging: session saved event="persist.save" subsystem="persist" outcome="ok" path=/home/james/.config/herdr/session.json workspaces=2
2026-08-14T22:06:01.696075Z  INFO herdr::logging: tab focused event="tab.focus" subsystem="tab" outcome="ok" workspace_id="w9" tab_id="w9:tM"
2026-08-14T22:06:06.708626Z  INFO herdr::logging: session saved event="persist.save" subsystem="persist" outcome="ok" path=/home/james/.config/herdr/session.json workspaces=2
2026-08-14T22:06:11.610767Z  INFO herdr::app::actions: copied selection to clipboard
2026-08-14T22:06:18.272496Z  INFO herdr::logging: workspace focused event="workspace.focus" subsystem="workspace" outcome="ok" workspace_id="w8"
2026-08-14T22:06:18.272522Z  INFO herdr::logging: tab focused event="tab.focus" subsystem="tab" outcome="ok" workspace_id="w8" tab_id="w8:t1"
2026-08-14T22:06:23.289101Z  INFO herdr::logging: session saved event="persist.save" subsystem="persist" outcome="ok" path=/home/james/.config/herdr/session.json workspaces=2
2026-08-14T22:07:32.063596Z  INFO herdr::app::actions: copied selection to clipboard
2026-08-14T22:07:45.168440Z  INFO herdr::app::actions: copied selection to clipboard
2026-08-14T22:07:50.427138Z  INFO herdr::logging: checking for updates event="update.check.start" subsystem="update" outcome="started"
2026-08-14T22:07:50.506978Z  WARN herdr::detect::manifest_update: skipping unknown remote manifest agent agent="qwen"
2026-08-14T22:08:35.519085Z  INFO herdr::app::actions: copied selection to clipboard
2026-08-14T22:08:37.691764Z  INFO herdr::logging: workspace focused event="workspace.focus" subsystem="workspace" outcome="ok" workspace_id="w9"
2026-08-14T22:08:37.691797Z  INFO herdr::logging: tab focused event="tab.focus" subsystem="tab" outcome="ok" workspace_id="w9" tab_id="w9:t1"
2026-08-14T22:08:42.701063Z  INFO herdr::logging: session saved event="persist.save" subsystem="persist" outcome="ok" path=/home/james/.config/herdr/session.json workspaces=2
2026-08-14T22:09:21.650592Z  INFO herdr::logging: workspace focused event="workspace.focus" subsystem="workspace" outcome="ok" workspace_id="w8"
2026-08-14T22:09:21.650623Z  INFO herdr::logging: tab focused event="tab.focus" subsystem="tab" outcome="ok" workspace_id="w8" tab_id="w8:t1"
2026-08-14T22:09:26.579748Z  INFO herdr::logging: workspace focused event="workspace.focus" subsystem="workspace" outcome="ok" workspace_id="w9"
2026-08-14T22:09:26.579776Z  INFO herdr::logging: tab focused event="tab.focus" subsystem="tab" outcome="ok" workspace_id="w9" tab_id="w9:t1"
2026-08-14T22:09:31.589112Z  INFO herdr::logging: session saved event="persist.save" subsystem="persist" outcome="ok" path=/home/james/.config/herdr/session.json workspaces=2
2026-08-14T22:11:42.216438Z  INFO herdr::logging: tab focused event="tab.focus" subsystem="tab" outcome="ok" workspace_id="w9" tab_id="w9:tM"
2026-08-14T22:11:47.230316Z  INFO herdr::logging: session saved event="persist.save" subsystem="persist" outcome="ok" path=/home/james/.config/herdr/session.json workspaces=2
2026-08-14T22:11:53.506052Z  INFO herdr::logging: tab focused event="tab.focus" subsystem="tab" outcome="ok" workspace_id="w9" tab_id="w9:t1"
2026-08-14T22:11:58.518437Z  INFO herdr::logging: session saved event="persist.save" subsystem="persist" outcome="ok" path=/home/james/.config/herdr/session.json workspaces=2
2026-08-14T22:12:32.778865Z  INFO herdr::logging: workspace focused event="workspace.focus" subsystem="workspace" outcome="ok" workspace_id="w8"
2026-08-14T22:12:32.778892Z  INFO herdr::logging: tab focused event="tab.focus" subsystem="tab" outcome="ok" workspace_id="w8" tab_id="w8:t1"
2026-08-14T22:12:37.787794Z  INFO herdr::logging: session saved event="persist.save" subsystem="persist" outcome="ok" path=/home/james/.config/herdr/session.json workspaces=2
2026-08-14T22:12:39.533921Z  INFO herdr::logging: workspace focused event="workspace.focus" subsystem="workspace" outcome="ok" workspace_id="w9"
2026-08-14T22:12:39.533948Z  INFO herdr::logging: tab focused event="tab.focus" subsystem="tab" outcome="ok" workspace_id="w9" tab_id="w9:t1"
2026-08-14T22:12:44.544170Z  INFO herdr::logging: session saved event="persist.save" subsystem="persist" outcome="ok" path=/home/james/.config/herdr/session.json workspaces=2
2026-08-14T22:12:53.680643Z  INFO herdr::logging: tab focused event="tab.focus" subsystem="tab" outcome="ok" workspace_id="w9" tab_id="w9:tM"
2026-08-14T22:12:54.310767Z  INFO herdr::logging: tab focused event="tab.focus" subsystem="tab" outcome="ok" workspace_id="w9" tab_id="w9:t1"
2026-08-14T22:12:58.412784Z  WARN herdr::raw_input: flushing lone escape after input timeout; if this follows an alt chord or focus switch it may reach the pane as plain esc bytes=[27]
2026-08-14T22:12:59.322968Z  INFO herdr::logging: session saved event="persist.save" subsystem="persist" outcome="ok" path=/home/james/.config/herdr/session.json workspaces=2
2026-08-14T22:13:10.031081Z  INFO herdr::app::actions: copied selection to clipboard
2026-08-14T22:13:22.775913Z  INFO herdr::logging: workspace focused event="workspace.focus" subsystem="workspace" outcome="ok" workspace_id="w8"
2026-08-14T22:13:22.775943Z  INFO herdr::logging: tab focused event="tab.focus" subsystem="tab" outcome="ok" workspace_id="w8" tab_id="w8:t1"
2026-08-14T22:13:27.785970Z  INFO herdr::logging: session saved event="persist.save" subsystem="persist" outcome="ok" path=/home/james/.config/herdr/session.json workspaces=2
2026-08-14T22:13:30.796275Z  INFO herdr::logging: workspace focused event="workspace.focus" subsystem="workspace" outcome="ok" workspace_id="w9"
2026-08-14T22:13:30.796304Z  INFO herdr::logging: tab focused event="tab.focus" subsystem="tab" outcome="ok" workspace_id="w9" tab_id="w9:t1"
2026-08-14T22:13:31.264170Z  INFO herdr::logging: workspace focused event="workspace.focus" subsystem="workspace" outcome="ok" workspace_id="w8"
2026-08-14T22:13:31.264194Z  INFO herdr::logging: tab focused event="tab.focus" subsystem="tab" outcome="ok" workspace_id="w8" tab_id="w8:t1"
2026-08-14T22:13:32.173341Z  INFO herdr::logging: workspace focused event="workspace.focus" subsystem="workspace" outcome="ok" workspace_id="w9"
2026-08-14T22:13:32.173369Z  INFO herdr::logging: tab focused event="tab.focus" subsystem="tab" outcome="ok" workspace_id="w9" tab_id="w9:t1"
2026-08-14T22:13:32.598495Z  INFO herdr::logging: workspace focused event="workspace.focus" subsystem="workspace" outcome="ok" workspace_id="w8"
2026-08-14T22:13:32.598518Z  INFO herdr::logging: tab focused event="tab.focus" subsystem="tab" outcome="ok" workspace_id="w8" tab_id="w8:t1"
2026-08-14T22:13:33.066894Z  INFO herdr::logging: workspace focused event="workspace.focus" subsystem="workspace" outcome="ok" workspace_id="w9"
2026-08-14T22:13:33.066918Z  INFO herdr::logging: tab focused event="tab.focus" subsystem="tab" outcome="ok" workspace_id="w9" tab_id="w9:t1"
2026-08-14T22:13:38.076822Z  INFO herdr::logging: session saved event="persist.save" subsystem="persist" outcome="ok" path=/home/james/.config/herdr/session.json workspaces=2
2026-08-14T22:17:36.209917Z  INFO herdr::logging: tab focused event="tab.focus" subsystem="tab" outcome="ok" workspace_id="w9" tab_id="w9:tM"
2026-08-14T22:17:41.224394Z  INFO herdr::logging: session saved event="persist.save" subsystem="persist" outcome="ok" path=/home/james/.config/herdr/session.json workspaces=2
2026-08-14T22:17:44.284344Z  INFO herdr::logging: tab focused event="tab.focus" subsystem="tab" outcome="ok" workspace_id="w9" tab_id="w9:t1"
2026-08-14T22:17:47.875507Z  INFO herdr::logging: tab focused event="tab.focus" subsystem="tab" outcome="ok" workspace_id="w9" tab_id="w9:tM"
2026-08-14T22:17:48.602610Z  INFO herdr::logging: tab focused event="tab.focus" subsystem="tab" outcome="ok" workspace_id="w9" tab_id="w9:t1"
2026-08-14T22:17:53.279188Z  INFO herdr::logging: tab focused event="tab.focus" subsystem="tab" outcome="ok" workspace_id="w9" tab_id="w9:tM"
2026-08-14T22:17:54.328060Z  INFO herdr::logging: workspace focused event="workspace.focus" subsystem="workspace" outcome="ok" workspace_id="w8"
2026-08-14T22:17:54.328087Z  INFO herdr::logging: tab focused event="tab.focus" subsystem="tab" outcome="ok" workspace_id="w8" tab_id="w8:t1"
2026-08-14T22:17:59.344434Z  INFO herdr::logging: session saved event="persist.save" subsystem="persist" outcome="ok" path=/home/james/.config/herdr/session.json workspaces=2
2026-08-14T22:19:00.207883Z  INFO herdr::app::actions: copied selection to clipboard
2026-08-14T22:19:19.180643Z  INFO herdr::app::actions: copied selection to clipboard
2026-08-14T22:19:42.005040Z  INFO herdr::logging: workspace focused event="workspace.focus" subsystem="workspace" outcome="ok" workspace_id="w9"
2026-08-14T22:19:42.005067Z  INFO herdr::logging: tab focused event="tab.focus" subsystem="tab" outcome="ok" workspace_id="w9" tab_id="w9:t1"
2026-08-14T22:19:47.015487Z  INFO herdr::logging: session saved event="persist.save" subsystem="persist" outcome="ok" path=/home/james/.config/herdr/session.json workspaces=2
2026-08-14T22:19:47.028972Z  INFO herdr::logging: tab focused event="tab.focus" subsystem="tab" outcome="ok" workspace_id="w9" tab_id="w9:tM"
2026-08-14T22:19:50.672285Z  INFO herdr::app::actions: copied selection to clipboard
2026-08-14T22:19:52.042347Z  INFO herdr::logging: session saved event="persist.save" subsystem="persist" outcome="ok" path=/home/james/.config/herdr/session.json workspaces=2
2026-08-14T22:19:54.138321Z  INFO herdr::logging: tab focused event="tab.focus" subsystem="tab" outcome="ok" workspace_id="w9" tab_id="w9:t1"
2026-08-14T22:19:59.151879Z  INFO herdr::logging: session saved event="persist.save" subsystem="persist" outcome="ok" path=/home/james/.config/herdr/session.json workspaces=2
2026-08-14T22:20:13.888173Z  INFO herdr::logging: workspace focused event="workspace.focus" subsystem="workspace" outcome="ok" workspace_id="w8"
2026-08-14T22:20:13.888202Z  INFO herdr::logging: tab focused event="tab.focus" subsystem="tab" outcome="ok" workspace_id="w8" tab_id="w8:t1"
2026-08-14T22:20:14.857673Z  INFO herdr::logging: workspace focused event="workspace.focus" subsystem="workspace" outcome="ok" workspace_id="w9"
2026-08-14T22:20:14.857701Z  INFO herdr::logging: tab focused event="tab.focus" subsystem="tab" outcome="ok" workspace_id="w9" tab_id="w9:t1"
2026-08-14T22:20:17.152034Z  INFO herdr::logging: workspace focused event="workspace.focus" subsystem="workspace" outcome="ok" workspace_id="w8"
2026-08-14T22:20:17.152062Z  INFO herdr::logging: tab focused event="tab.focus" subsystem="tab" outcome="ok" workspace_id="w8" tab_id="w8:t1"
2026-08-14T22:20:17.654323Z  INFO herdr::logging: workspace focused event="workspace.focus" subsystem="workspace" outcome="ok" workspace_id="w9"
2026-08-14T22:20:17.654352Z  INFO herdr::logging: tab focused event="tab.focus" subsystem="tab" outcome="ok" workspace_id="w9" tab_id="w9:t1"
2026-08-14T22:20:18.231020Z  INFO herdr::logging: workspace focused event="workspace.focus" subsystem="workspace" outcome="ok" workspace_id="w8"
2026-08-14T22:20:18.231044Z  INFO herdr::logging: tab focused event="tab.focus" subsystem="tab" outcome="ok" workspace_id="w8" tab_id="w8:t1"
2026-08-14T22:20:23.243949Z  INFO herdr::logging: session saved event="persist.save" subsystem="persist" outcome="ok" path=/home/james/.config/herdr/session.json workspaces=2
2026-08-14T22:20:32.854848Z  INFO herdr::app::actions: copied selection to clipboard
2026-08-14T22:20:52.388003Z  INFO herdr::app::actions: copied selection to clipboard
2026-08-14T22:22:54.337631Z  INFO herdr::app::actions: copied selection to clipboard
2026-08-14T22:22:54.962660Z  INFO herdr::app::actions: copied selection to clipboard
2026-08-14T22:22:59.167463Z  INFO herdr::logging: workspace focused event="workspace.focus" subsystem="workspace" outcome="ok" workspace_id="w9"
2026-08-14T22:22:59.167493Z  INFO herdr::logging: tab focused event="tab.focus" subsystem="tab" outcome="ok" workspace_id="w9" tab_id="w9:t1"
2026-08-14T22:23:01.206089Z  INFO herdr::logging: tab focused event="tab.focus" subsystem="tab" outcome="ok" workspace_id="w9" tab_id="w9:tM"
2026-08-14T22:23:02.475925Z  INFO herdr::logging: tab focused event="tab.focus" subsystem="tab" outcome="ok" workspace_id="w9" tab_id="w9:t1"
2026-08-14T22:23:04.336955Z  INFO herdr::logging: tab focused event="tab.focus" subsystem="tab" outcome="ok" workspace_id="w9" tab_id="w9:tM"
2026-08-14T22:23:09.351207Z  INFO herdr::logging: session saved event="persist.save" subsystem="persist" outcome="ok" path=/home/james/.config/herdr/session.json workspaces=2
2026-08-14T22:23:37.121803Z  INFO herdr::logging: tab focused event="tab.focus" subsystem="tab" outcome="ok" workspace_id="w9" tab_id="w9:t1"
2026-08-14T22:23:37.149854Z  INFO herdr::logging: tab focused event="tab.focus" subsystem="tab" outcome="ok" workspace_id="w9" tab_id="w9:tM"
2026-08-14T22:23:37.163170Z  INFO herdr::logging: tab focused event="tab.focus" subsystem="tab" outcome="ok" workspace_id="w9" tab_id="w9:t1"
2026-08-14T22:23:37.184019Z  INFO herdr::logging: tab focused event="tab.focus" subsystem="tab" outcome="ok" workspace_id="w9" tab_id="w9:tM"
2026-08-14T22:23:37.204857Z  INFO herdr::logging: tab focused event="tab.focus" subsystem="tab" outcome="ok" workspace_id="w9" tab_id="w9:t1"
2026-08-14T22:23:37.204898Z  INFO herdr::logging: tab focused event="tab.focus" subsystem="tab" outcome="ok" workspace_id="w9" tab_id="w9:tM"
2026-08-14T22:23:37.223971Z  INFO herdr::logging: tab focused event="tab.focus" subsystem="tab" outcome="ok" workspace_id="w9" tab_id="w9:t1"
2026-08-14T22:23:37.247037Z  INFO herdr::logging: tab focused event="tab.focus" subsystem="tab" outcome="ok" workspace_id="w9" tab_id="w9:tM"
2026-08-14T22:23:37.262308Z  INFO herdr::logging: tab focused event="tab.focus" subsystem="tab" outcome="ok" workspace_id="w9" tab_id="w9:t1"
2026-08-14T22:23:37.280308Z  INFO herdr::logging: tab focused event="tab.focus" subsystem="tab" outcome="ok" workspace_id="w9" tab_id="w9:tM"
2026-08-14T22:23:37.301616Z  INFO herdr::logging: tab focused event="tab.focus" subsystem="tab" outcome="ok" workspace_id="w9" tab_id="w9:t1"
2026-08-14T22:23:37.332589Z  INFO herdr::logging: tab focused event="tab.focus" subsystem="tab" outcome="ok" workspace_id="w9" tab_id="w9:tM"
2026-08-14T22:23:37.347281Z  INFO herdr::logging: tab focused event="tab.focus" subsystem="tab" outcome="ok" workspace_id="w9" tab_id="w9:t1"
2026-08-14T22:23:37.347318Z  INFO herdr::logging: tab focused event="tab.focus" subsystem="tab" outcome="ok" workspace_id="w9" tab_id="w9:tM"
2026-08-14T22:23:37.369801Z  INFO herdr::logging: tab focused event="tab.focus" subsystem="tab" outcome="ok" workspace_id="w9" tab_id="w9:t1"
2026-08-14T22:23:37.371762Z  INFO herdr::logging: tab focused event="tab.focus" subsystem="tab" outcome="ok" workspace_id="w9" tab_id="w9:tM"
2026-08-14T22:23:37.387940Z  INFO herdr::logging: tab focused event="tab.focus" subsystem="tab" outcome="ok" workspace_id="w9" tab_id="w9:t1"
2026-08-14T22:23:37.406853Z  INFO herdr::logging: tab focused event="tab.focus" subsystem="tab" outcome="ok" workspace_id="w9" tab_id="w9:tM"
2026-08-14T22:23:37.427731Z  INFO herdr::logging: tab focused event="tab.focus" subsystem="tab" outcome="ok" workspace_id="w9" tab_id="w9:t1"
2026-08-14T22:23:37.450377Z  INFO herdr::logging: tab focused event="tab.focus" subsystem="tab" outcome="ok" workspace_id="w9" tab_id="w9:tM"
2026-08-14T22:23:37.470848Z  INFO herdr::logging: tab focused event="tab.focus" subsystem="tab" outcome="ok" workspace_id="w9" tab_id="w9:t1"
2026-08-14T22:23:37.470884Z  INFO herdr::logging: tab focused event="tab.focus" subsystem="tab" outcome="ok" workspace_id="w9" tab_id="w9:tM"
2026-08-14T22:23:37.490409Z  INFO herdr::logging: tab focused event="tab.focus" subsystem="tab" outcome="ok" workspace_id="w9" tab_id="w9:t1"
2026-08-14T22:23:37.506091Z  INFO herdr::logging: tab focused event="tab.focus" subsystem="tab" outcome="ok" workspace_id="w9" tab_id="w9:tM"
2026-08-14T22:23:37.524175Z  INFO herdr::logging: tab focused event="tab.focus" subsystem="tab" outcome="ok" workspace_id="w9" tab_id="w9:t1"
2026-08-14T22:23:37.546347Z  INFO herdr::logging: tab focused event="tab.focus" subsystem="tab" outcome="ok" workspace_id="w9" tab_id="w9:tM"
2026-08-14T22:23:37.568593Z  INFO herdr::logging: tab focused event="tab.focus" subsystem="tab" outcome="ok" workspace_id="w9" tab_id="w9:t1"
2026-08-14T22:23:37.574050Z  INFO herdr::logging: tab focused event="tab.focus" subsystem="tab" outcome="ok" workspace_id="w9" tab_id="w9:tM"
2026-08-14T22:23:37.588587Z  INFO herdr::logging: tab focused event="tab.focus" subsystem="tab" outcome="ok" workspace_id="w9" tab_id="w9:t1"
2026-08-14T22:23:37.611187Z  INFO herdr::logging: tab focused event="tab.focus" subsystem="tab" outcome="ok" workspace_id="w9" tab_id="w9:tM"
2026-08-14T22:23:37.623632Z  INFO herdr::logging: tab focused event="tab.focus" subsystem="tab" outcome="ok" workspace_id="w9" tab_id="w9:t1"
2026-08-14T22:23:37.657215Z  INFO herdr::logging: tab focused event="tab.focus" subsystem="tab" outcome="ok" workspace_id="w9" tab_id="w9:tM"
2026-08-14T22:23:37.691848Z  INFO herdr::logging: tab focused event="tab.focus" subsystem="tab" outcome="ok" workspace_id="w9" tab_id="w9:t1"
2026-08-14T22:23:37.722511Z  INFO herdr::logging: tab focused event="tab.focus" subsystem="tab" outcome="ok" workspace_id="w9" tab_id="w9:tM"
2026-08-14T22:23:37.776399Z  INFO herdr::logging: tab focused event="tab.focus" subsystem="tab" outcome="ok" workspace_id="w9" tab_id="w9:t1"
2026-08-14T22:23:37.839841Z  INFO herdr::logging: tab focused event="tab.focus" subsystem="tab" outcome="ok" workspace_id="w9" tab_id="w9:tM"
2026-08-14T22:23:39.354623Z  INFO herdr::logging: tab focused event="tab.focus" subsystem="tab" outcome="ok" workspace_id="w9" tab_id="w9:t1"
2026-08-14T22:23:42.973311Z  INFO herdr::logging: workspace focused event="workspace.focus" subsystem="workspace" outcome="ok" workspace_id="w8"
2026-08-14T22:23:42.973344Z  INFO herdr::logging: tab focused event="tab.focus" subsystem="tab" outcome="ok" workspace_id="w8" tab_id="w8:t1"
2026-08-14T22:23:47.985665Z  INFO herdr::logging: session saved event="persist.save" subsystem="persist" outcome="ok" path=/home/james/.config/herdr/session.json workspaces=2
2026-08-14T22:24:27.511971Z  INFO herdr::app::actions: copied selection to clipboard
2026-08-14T22:25:27.070437Z  INFO herdr::logging: workspace focused event="workspace.focus" subsystem="workspace" outcome="ok" workspace_id="w9"
2026-08-14T22:25:27.070466Z  INFO herdr::logging: tab focused event="tab.focus" subsystem="tab" outcome="ok" workspace_id="w9" tab_id="w9:t1"
2026-08-14T22:25:29.240923Z  INFO herdr::logging: tab focused event="tab.focus" subsystem="tab" outcome="ok" workspace_id="w9" tab_id="w9:tM"
2026-08-14T22:25:30.530226Z  INFO herdr::logging: tab focused event="tab.focus" subsystem="tab" outcome="ok" workspace_id="w9" tab_id="w9:t1"
2026-08-14T22:25:35.544630Z  INFO herdr::logging: session saved event="persist.save" subsystem="persist" outcome="ok" path=/home/james/.config/herdr/session.json workspaces=2
2026-08-14T22:25:37.513249Z  INFO herdr::logging: tab focused event="tab.focus" subsystem="tab" outcome="ok" workspace_id="w9" tab_id="w9:tM"
2026-08-14T22:25:38.493402Z  INFO herdr::logging: spawning pane terminal event="pane.spawn.start" subsystem="pane" outcome="started" pane_id=58 rows=79 cols=270 scrollback_limit_bytes=10000000
2026-08-14T22:25:38.494996Z  INFO herdr::logging: pane child spawned event="pane.spawned" subsystem="pane" outcome="ok" pane_id=58 pid=1085452
2026-08-14T22:25:38.495217Z  INFO herdr::logging: tab focused event="tab.focus" subsystem="tab" outcome="ok" workspace_id="w9" tab_id="w9:tR"
2026-08-14T22:25:40.058341Z  INFO herdr::logging: tab focused event="tab.focus" subsystem="tab" outcome="ok" workspace_id="w9" tab_id="w9:tM"
2026-08-14T22:25:40.373754Z  INFO herdr::logging: tab focused event="tab.focus" subsystem="tab" outcome="ok" workspace_id="w9" tab_id="w9:tR"
2026-08-14T22:25:43.839200Z  INFO herdr::logging: tab focused event="tab.focus" subsystem="tab" outcome="ok" workspace_id="w9" tab_id="w9:tM"
2026-08-14T22:25:44.272935Z  INFO herdr::logging: tab focused event="tab.focus" subsystem="tab" outcome="ok" workspace_id="w9" tab_id="w9:tR"
2026-08-14T22:25:49.282704Z  INFO herdr::logging: session saved event="persist.save" subsystem="persist" outcome="ok" path=/home/james/.config/herdr/session.json workspaces=2
2026-08-14T22:25:52.831559Z  INFO herdr::logging: tab focused event="tab.focus" subsystem="tab" outcome="ok" workspace_id="w9" tab_id="w9:tM"
2026-08-14T22:25:57.842176Z  INFO herdr::logging: session saved event="persist.save" subsystem="persist" outcome="ok" path=/home/james/.config/herdr/session.json workspaces=2
2026-08-14T22:26:17.731966Z  INFO herdr::app::actions: copied selection to clipboard
2026-08-14T22:26:18.867714Z  INFO herdr::logging: tab focused event="tab.focus" subsystem="tab" outcome="ok" workspace_id="w9" tab_id="w9:t1"
2026-08-14T22:26:23.881346Z  INFO herdr::logging: session saved event="persist.save" subsystem="persist" outcome="ok" path=/home/james/.config/herdr/session.json workspaces=2
2026-08-14T22:26:53.192132Z  INFO herdr::logging: workspace focused event="workspace.focus" subsystem="workspace" outcome="ok" workspace_id="w8"
2026-08-14T22:26:53.192165Z  INFO herdr::logging: tab focused event="tab.focus" subsystem="tab" outcome="ok" workspace_id="w8" tab_id="w8:t1"
2026-08-14T22:26:58.206095Z  INFO herdr::logging: session saved event="persist.save" subsystem="persist" outcome="ok" path=/home/james/.config/herdr/session.json workspaces=2
2026-08-14T22:30:00.184991Z  INFO herdr::server::headless: client connected client_id=10 cols=299 rows=80 cell_width_px=0 cell_height_px=0 render_encoding=TerminalAnsi
2026-08-14T22:30:05.500986Z  INFO herdr::logging: workspace focused event="workspace.focus" subsystem="workspace" outcome="ok" workspace_id="w9"
2026-08-14T22:30:05.501024Z  INFO herdr::logging: tab focused event="tab.focus" subsystem="tab" outcome="ok" workspace_id="w9" tab_id="w9:t1"
2026-08-14T22:30:10.514612Z  INFO herdr::logging: session saved event="persist.save" subsystem="persist" outcome="ok" path=/home/james/.config/herdr/session.json workspaces=2
2026-08-14T22:30:15.058421Z  INFO herdr::logging: tab focused event="tab.focus" subsystem="tab" outcome="ok" workspace_id="w9" tab_id="w9:tM"
2026-08-14T22:30:15.643760Z  INFO herdr::logging: tab focused event="tab.focus" subsystem="tab" outcome="ok" workspace_id="w9" tab_id="w9:t1"
2026-08-14T22:30:17.195114Z  INFO herdr::logging: tab focused event="tab.focus" subsystem="tab" outcome="ok" workspace_id="w9" tab_id="w9:tM"
2026-08-14T22:30:22.211327Z  INFO herdr::logging: session saved event="persist.save" subsystem="persist" outcome="ok" path=/home/james/.config/herdr/session.json workspaces=2
2026-08-14T22:30:40.980040Z  INFO herdr::logging: tab focused event="tab.focus" subsystem="tab" outcome="ok" workspace_id="w9" tab_id="w9:tR"
2026-08-14T22:30:46.004306Z  INFO herdr::logging: session saved event="persist.save" subsystem="persist" outcome="ok" path=/home/james/.config/herdr/session.json workspaces=2
2026-08-14T22:30:47.473625Z  INFO herdr::logging: tab focused event="tab.focus" subsystem="tab" outcome="ok" workspace_id="w9" tab_id="w9:tM"
2026-08-14T22:30:48.936670Z  INFO herdr::logging: tab focused event="tab.focus" subsystem="tab" outcome="ok" workspace_id="w9" tab_id="w9:tR"
2026-08-14T22:30:52.259950Z  INFO herdr::logging: tab focused event="tab.focus" subsystem="tab" outcome="ok" workspace_id="w9" tab_id="w9:tM"
2026-08-14T22:30:57.270194Z  INFO herdr::logging: session saved event="persist.save" subsystem="persist" outcome="ok" path=/home/james/.config/herdr/session.json workspaces=2
2026-08-14T22:31:11.158267Z  INFO herdr::logging: workspace focused event="workspace.focus" subsystem="workspace" outcome="ok" workspace_id="w8"
2026-08-14T22:31:11.158298Z  INFO herdr::logging: tab focused event="tab.focus" subsystem="tab" outcome="ok" workspace_id="w8" tab_id="w8:t1"
2026-08-14T22:31:12.182169Z  INFO herdr::logging: workspace focused event="workspace.focus" subsystem="workspace" outcome="ok" workspace_id="w9"
2026-08-14T22:31:12.182194Z  INFO herdr::logging: tab focused event="tab.focus" subsystem="tab" outcome="ok" workspace_id="w9" tab_id="w9:t1"
2026-08-14T22:31:13.555861Z  INFO herdr::logging: workspace focused event="workspace.focus" subsystem="workspace" outcome="ok" workspace_id="w8"
2026-08-14T22:31:13.555905Z  INFO herdr::logging: tab focused event="tab.focus" subsystem="tab" outcome="ok" workspace_id="w8" tab_id="w8:t1"
2026-08-14T22:31:16.041893Z  INFO herdr::logging: tab focused event="tab.focus" subsystem="tab" outcome="ok" workspace_id="w8" tab_id="w8:tS"
2026-08-14T22:31:16.977153Z  INFO herdr::logging: workspace focused event="workspace.focus" subsystem="workspace" outcome="ok" workspace_id="w9"
2026-08-14T22:31:16.977183Z  INFO herdr::logging: tab focused event="tab.focus" subsystem="tab" outcome="ok" workspace_id="w9" tab_id="w9:t1"
2026-08-14T22:31:17.704279Z  INFO herdr::logging: tab focused event="tab.focus" subsystem="tab" outcome="ok" workspace_id="w9" tab_id="w9:tM"
2026-08-14T22:31:22.719122Z  INFO herdr::logging: session saved event="persist.save" subsystem="persist" outcome="ok" path=/home/james/.config/herdr/session.json workspaces=2
2026-08-14T22:32:51.395320Z  INFO herdr::app::actions: copied selection to clipboard
2026-08-14T22:32:52.812971Z  INFO herdr::logging: tab focused event="tab.focus" subsystem="tab" outcome="ok" workspace_id="w9" tab_id="w9:t1"
2026-08-14T22:32:57.827834Z  INFO herdr::logging: session saved event="persist.save" subsystem="persist" outcome="ok" path=/home/james/.config/herdr/session.json workspaces=2
2026-08-14T22:33:00.320987Z  INFO herdr::logging: api request completed event="api.request.complete" subsystem="api" outcome="error" request_id="herdr:claude:1786746780315:695130" method="pane.report_agent_session"
2026-08-14T22:33:26.444651Z  INFO herdr::logging: workspace focused event="workspace.focus" subsystem="workspace" outcome="ok" workspace_id="w8"
2026-08-14T22:33:26.444688Z  INFO herdr::logging: tab focused event="tab.focus" subsystem="tab" outcome="ok" workspace_id="w8" tab_id="w8:tS"
2026-08-14T22:33:28.009817Z  INFO herdr::logging: tab focused event="tab.focus" subsystem="tab" outcome="ok" workspace_id="w8" tab_id="w8:t1"
2026-08-14T22:33:30.005640Z  INFO herdr::logging: workspace focused event="workspace.focus" subsystem="workspace" outcome="ok" workspace_id="w9"
2026-08-14T22:33:30.005672Z  INFO herdr::logging: tab focused event="tab.focus" subsystem="tab" outcome="ok" workspace_id="w9" tab_id="w9:t1"
2026-08-14T22:33:35.033590Z  INFO herdr::logging: session saved event="persist.save" subsystem="persist" outcome="ok" path=/home/james/.config/herdr/session.json workspaces=2
2026-08-14T22:37:50.428792Z  INFO herdr::logging: checking for updates event="update.check.start" subsystem="update" outcome="started"
2026-08-14T22:37:50.531245Z  WARN herdr::detect::manifest_update: skipping unknown remote manifest agent agent="qwen"
2026-08-14T22:37:51.902858Z  INFO herdr::logging: tab focused event="tab.focus" subsystem="tab" outcome="ok" workspace_id="w9" tab_id="w9:tM"
2026-08-14T22:37:52.709649Z  INFO herdr::logging: tab focused event="tab.focus" subsystem="tab" outcome="ok" workspace_id="w9" tab_id="w9:t1"
2026-08-14T22:37:53.279498Z  INFO herdr::logging: tab focused event="tab.focus" subsystem="tab" outcome="ok" workspace_id="w9" tab_id="w9:tM"
2026-08-14T22:37:58.294921Z  INFO herdr::logging: session saved event="persist.save" subsystem="persist" outcome="ok" path=/home/james/.config/herdr/session.json workspaces=2
2026-08-14T22:38:00.468585Z  INFO herdr::server::headless: client disconnected client_id=8
2026-08-14T22:38:05.017563Z  INFO herdr::logging: tab focused event="tab.focus" subsystem="tab" outcome="ok" workspace_id="w9" tab_id="w9:t1"
2026-08-14T22:38:06.703736Z  INFO herdr::logging: tab focused event="tab.focus" subsystem="tab" outcome="ok" workspace_id="w9" tab_id="w9:tM"
2026-08-14T22:38:08.133672Z  INFO herdr::logging: tab focused event="tab.focus" subsystem="tab" outcome="ok" workspace_id="w9" tab_id="w9:tR"
2026-08-14T22:38:09.561428Z  INFO herdr::logging: tab focused event="tab.focus" subsystem="tab" outcome="ok" workspace_id="w9" tab_id="w9:tM"
2026-08-14T22:38:09.975083Z  INFO herdr::logging: tab focused event="tab.focus" subsystem="tab" outcome="ok" workspace_id="w9" tab_id="w9:tR"
2026-08-14T22:38:14.985899Z  INFO herdr::logging: session saved event="persist.save" subsystem="persist" outcome="ok" path=/home/james/.config/herdr/session.json workspaces=2
2026-08-14T22:38:22.710488Z  INFO herdr::logging: pane child exited event="pane.exit" subsystem="pane" outcome="completed" pane_id=58 status="ExitStatus { code: 0, signal: None }"
2026-08-14T22:38:22.717303Z  INFO herdr::pane: pane session terminated pane=58 pid=1085452 signal=Hangup
2026-08-14T22:38:27.727590Z  INFO herdr::logging: session saved event="persist.save" subsystem="persist" outcome="ok" path=/home/james/.config/herdr/session.json workspaces=2
2026-08-14T22:38:37.707141Z  INFO herdr::logging: tab focused event="tab.focus" subsystem="tab" outcome="ok" workspace_id="w9" tab_id="w9:t1"
2026-08-14T22:38:38.927603Z  INFO herdr::logging: workspace focused event="workspace.focus" subsystem="workspace" outcome="ok" workspace_id="w8"
2026-08-14T22:38:38.927636Z  INFO herdr::logging: tab focused event="tab.focus" subsystem="tab" outcome="ok" workspace_id="w8" tab_id="w8:t1"
2026-08-14T22:38:39.725304Z  INFO herdr::logging: workspace focused event="workspace.focus" subsystem="workspace" outcome="ok" workspace_id="w9"
2026-08-14T22:38:39.725332Z  INFO herdr::logging: tab focused event="tab.focus" subsystem="tab" outcome="ok" workspace_id="w9" tab_id="w9:t1"
2026-08-14T22:38:40.311355Z  INFO herdr::logging: workspace focused event="workspace.focus" subsystem="workspace" outcome="ok" workspace_id="w8"
2026-08-14T22:38:40.311392Z  INFO herdr::logging: tab focused event="tab.focus" subsystem="tab" outcome="ok" workspace_id="w8" tab_id="w8:t1"
2026-08-14T22:38:40.848082Z  INFO herdr::logging: workspace focused event="workspace.focus" subsystem="workspace" outcome="ok" workspace_id="w9"
2026-08-14T22:38:40.848116Z  INFO herdr::logging: tab focused event="tab.focus" subsystem="tab" outcome="ok" workspace_id="w9" tab_id="w9:t1"
2026-08-14T22:38:43.808350Z  INFO herdr::logging: tab focused event="tab.focus" subsystem="tab" outcome="ok" workspace_id="w9" tab_id="w9:tM"
2026-08-14T22:38:44.256281Z  INFO herdr::logging: tab focused event="tab.focus" subsystem="tab" outcome="ok" workspace_id="w9" tab_id="w9:t1"
2026-08-14T22:38:49.272003Z  INFO herdr::logging: session saved event="persist.save" subsystem="persist" outcome="ok" path=/home/james/.config/herdr/session.json workspaces=2
2026-08-14T22:39:38.596993Z  INFO herdr::logging: tab focused event="tab.focus" subsystem="tab" outcome="ok" workspace_id="w9" tab_id="w9:tM"
2026-08-14T22:39:43.617444Z  INFO herdr::logging: session saved event="persist.save" subsystem="persist" outcome="ok" path=/home/james/.config/herdr/session.json workspaces=2
2026-08-14T22:39:48.962646Z  INFO herdr::logging: tab focused event="tab.focus" subsystem="tab" outcome="ok" workspace_id="w9" tab_id="w9:t1"
2026-08-14T22:39:49.932566Z  INFO herdr::logging: tab focused event="tab.focus" subsystem="tab" outcome="ok" workspace_id="w9" tab_id="w9:tM"
2026-08-14T22:39:51.074946Z  INFO herdr::logging: tab focused event="tab.focus" subsystem="tab" outcome="ok" workspace_id="w9" tab_id="w9:t1"
2026-08-14T22:39:51.754029Z  INFO herdr::logging: tab focused event="tab.focus" subsystem="tab" outcome="ok" workspace_id="w9" tab_id="w9:tM"
2026-08-14T22:39:52.562070Z  INFO herdr::logging: tab focused event="tab.focus" subsystem="tab" outcome="ok" workspace_id="w9" tab_id="w9:t1"
2026-08-14T22:39:53.256186Z  INFO herdr::logging: tab focused event="tab.focus" subsystem="tab" outcome="ok" workspace_id="w9" tab_id="w9:tM"
2026-08-14T22:39:54.014197Z  INFO herdr::logging: tab focused event="tab.focus" subsystem="tab" outcome="ok" workspace_id="w9" tab_id="w9:t1"
2026-08-14T22:39:59.029355Z  INFO herdr::logging: session saved event="persist.save" subsystem="persist" outcome="ok" path=/home/james/.config/herdr/session.json workspaces=2
2026-08-14T22:40:37.966119Z  INFO herdr::logging: tab focused event="tab.focus" subsystem="tab" outcome="ok" workspace_id="w9" tab_id="w9:tM"
2026-08-14T22:40:42.983189Z  INFO herdr::logging: session saved event="persist.save" subsystem="persist" outcome="ok" path=/home/james/.config/herdr/session.json workspaces=2
2026-08-14T22:40:46.078100Z  INFO herdr::logging: workspace focused event="workspace.focus" subsystem="workspace" outcome="ok" workspace_id="w8"
2026-08-14T22:40:46.078128Z  INFO herdr::logging: tab focused event="tab.focus" subsystem="tab" outcome="ok" workspace_id="w8" tab_id="w8:t1"
2026-08-14T22:40:48.699699Z  INFO herdr::logging: workspace focused event="workspace.focus" subsystem="workspace" outcome="ok" workspace_id="w9"
2026-08-14T22:40:48.699735Z  INFO herdr::logging: tab focused event="tab.focus" subsystem="tab" outcome="ok" workspace_id="w9" tab_id="w9:t1"
2026-08-14T22:40:53.714078Z  INFO herdr::logging: session saved event="persist.save" subsystem="persist" outcome="ok" path=/home/james/.config/herdr/session.json workspaces=2
2026-08-14T22:42:13.318185Z  INFO herdr::logging: tab focused event="tab.focus" subsystem="tab" outcome="ok" workspace_id="w9" tab_id="w9:tM"
2026-08-14T22:42:16.627283Z  INFO herdr::logging: tab focused event="tab.focus" subsystem="tab" outcome="ok" workspace_id="w9" tab_id="w9:t1"
2026-08-14T22:42:21.642663Z  INFO herdr::logging: session saved event="persist.save" subsystem="persist" outcome="ok" path=/home/james/.config/herdr/session.json workspaces=2
2026-08-14T22:43:09.019589Z  INFO herdr::logging: tab focused event="tab.focus" subsystem="tab" outcome="ok" workspace_id="w9" tab_id="w9:tM"
2026-08-14T22:43:09.605338Z  INFO herdr::logging: tab focused event="tab.focus" subsystem="tab" outcome="ok" workspace_id="w9" tab_id="w9:t1"
2026-08-14T22:43:10.725585Z  INFO herdr::logging: tab focused event="tab.focus" subsystem="tab" outcome="ok" workspace_id="w9" tab_id="w9:tM"
2026-08-14T22:43:15.741971Z  INFO herdr::logging: session saved event="persist.save" subsystem="persist" outcome="ok" path=/home/james/.config/herdr/session.json workspaces=2
2026-08-14T22:46:35.257328Z  INFO herdr::app::actions: copied selection to clipboard
2026-08-14T22:46:36.453786Z  INFO herdr::logging: tab focused event="tab.focus" subsystem="tab" outcome="ok" workspace_id="w9" tab_id="w9:t1"
2026-08-14T22:46:38.084701Z  INFO herdr::logging: tab focused event="tab.focus" subsystem="tab" outcome="ok" workspace_id="w9" tab_id="w9:tM"
2026-08-14T22:46:40.683347Z  INFO herdr::app::actions: copied selection to clipboard
2026-08-14T22:46:41.087462Z  INFO herdr::app::actions: copied selection to clipboard
2026-08-14T22:46:42.284342Z  INFO herdr::app::actions: copied selection to clipboard
2026-08-14T22:46:43.100803Z  INFO herdr::logging: session saved event="persist.save" subsystem="persist" outcome="ok" path=/home/james/.config/herdr/session.json workspaces=2
2026-08-14T22:46:45.190913Z  INFO herdr::app::actions: copied selection to clipboard
2026-08-14T22:46:46.353702Z  INFO herdr::app::actions: copied selection to clipboard
2026-08-14T22:46:48.496309Z  INFO herdr::app::actions: copied selection to clipboard
2026-08-14T22:46:50.352475Z  INFO herdr::logging: tab focused event="tab.focus" subsystem="tab" outcome="ok" workspace_id="w9" tab_id="w9:t1"
2026-08-14T22:46:55.369142Z  INFO herdr::logging: session saved event="persist.save" subsystem="persist" outcome="ok" path=/home/james/.config/herdr/session.json workspaces=2
2026-08-14T22:47:05.041584Z  INFO herdr::logging: workspace focused event="workspace.focus" subsystem="workspace" outcome="ok" workspace_id="w8"
2026-08-14T22:47:05.041613Z  INFO herdr::logging: tab focused event="tab.focus" subsystem="tab" outcome="ok" workspace_id="w8" tab_id="w8:t1"
2026-08-14T22:47:10.055525Z  INFO herdr::logging: session saved event="persist.save" subsystem="persist" outcome="ok" path=/home/james/.config/herdr/session.json workspaces=2
2026-08-14T22:47:11.073978Z  INFO herdr::app::actions: copied selection to clipboard
2026-08-14T22:47:48.915311Z  INFO herdr::app::actions: copied selection to clipboard
2026-08-14T22:47:52.464940Z  INFO herdr::app::actions: copied selection to clipboard
2026-08-14T22:47:56.951728Z  INFO herdr::app::actions: copied selection to clipboard
2026-08-14T22:48:55.131235Z  INFO herdr::logging: workspace focused event="workspace.focus" subsystem="workspace" outcome="ok" workspace_id="w9"
2026-08-14T22:48:55.131265Z  INFO herdr::logging: tab focused event="tab.focus" subsystem="tab" outcome="ok" workspace_id="w9" tab_id="w9:t1"
2026-08-14T22:49:00.146959Z  INFO herdr::logging: session saved event="persist.save" subsystem="persist" outcome="ok" path=/home/james/.config/herdr/session.json workspaces=2
2026-08-14T22:49:04.795362Z  INFO herdr::logging: workspace focused event="workspace.focus" subsystem="workspace" outcome="ok" workspace_id="w8"
2026-08-14T22:49:04.795390Z  INFO herdr::logging: tab focused event="tab.focus" subsystem="tab" outcome="ok" workspace_id="w8" tab_id="w8:t1"
2026-08-14T22:49:09.811398Z  INFO herdr::logging: session saved event="persist.save" subsystem="persist" outcome="ok" path=/home/james/.config/herdr/session.json workspaces=2
2026-08-14T22:50:27.604141Z  INFO herdr::app::actions: copied selection to clipboard
2026-08-14T22:50:43.340355Z  INFO herdr::logging: workspace focused event="workspace.focus" subsystem="workspace" outcome="ok" workspace_id="w9"
2026-08-14T22:50:43.340382Z  INFO herdr::logging: tab focused event="tab.focus" subsystem="tab" outcome="ok" workspace_id="w9" tab_id="w9:t1"
2026-08-14T22:50:48.355992Z  INFO herdr::logging: session saved event="persist.save" subsystem="persist" outcome="ok" path=/home/james/.config/herdr/session.json workspaces=2
2026-08-14T22:50:51.896810Z  INFO herdr::logging: tab focused event="tab.focus" subsystem="tab" outcome="ok" workspace_id="w9" tab_id="w9:tM"
2026-08-14T22:50:56.021566Z  INFO herdr::logging: tab focused event="tab.focus" subsystem="tab" outcome="ok" workspace_id="w9" tab_id="w9:t1"
2026-08-14T22:50:56.572848Z  INFO herdr::logging: tab focused event="tab.focus" subsystem="tab" outcome="ok" workspace_id="w9" tab_id="w9:tM"
2026-08-14T22:50:57.199409Z  INFO herdr::logging: tab focused event="tab.focus" subsystem="tab" outcome="ok" workspace_id="w9" tab_id="w9:t1"
2026-08-14T22:51:02.215869Z  INFO herdr::logging: session saved event="persist.save" subsystem="persist" outcome="ok" path=/home/james/.config/herdr/session.json workspaces=2
2026-08-14T22:51:50.326070Z  INFO herdr::logging: workspace focused event="workspace.focus" subsystem="workspace" outcome="ok" workspace_id="w8"
2026-08-14T22:51:50.326102Z  INFO herdr::logging: tab focused event="tab.focus" subsystem="tab" outcome="ok" workspace_id="w8" tab_id="w8:t1"
2026-08-14T22:51:55.342893Z  INFO herdr::logging: session saved event="persist.save" subsystem="persist" outcome="ok" path=/home/james/.config/herdr/session.json workspaces=2
2026-08-14T22:54:08.056028Z  INFO herdr::app::actions: copied selection to clipboard
2026-08-14T22:54:10.399296Z  INFO herdr::logging: workspace focused event="workspace.focus" subsystem="workspace" outcome="ok" workspace_id="w9"
2026-08-14T22:54:10.399321Z  INFO herdr::logging: tab focused event="tab.focus" subsystem="tab" outcome="ok" workspace_id="w9" tab_id="w9:t1"
2026-08-14T22:54:15.407840Z  INFO herdr::logging: session saved event="persist.save" subsystem="persist" outcome="ok" path=/home/james/.config/herdr/session.json workspaces=2
2026-08-14T22:54:20.481051Z  INFO herdr::logging: tab focused event="tab.focus" subsystem="tab" outcome="ok" workspace_id="w9" tab_id="w9:tM"
2026-08-14T22:54:25.497514Z  INFO herdr::logging: session saved event="persist.save" subsystem="persist" outcome="ok" path=/home/james/.config/herdr/session.json workspaces=2
2026-08-14T22:54:27.513629Z  INFO herdr::logging: tab focused event="tab.focus" subsystem="tab" outcome="ok" workspace_id="w9" tab_id="w9:t1"
2026-08-14T22:54:27.966036Z  INFO herdr::logging: tab focused event="tab.focus" subsystem="tab" outcome="ok" workspace_id="w9" tab_id="w9:tM"
2026-08-14T22:54:28.595505Z  INFO herdr::logging: tab focused event="tab.focus" subsystem="tab" outcome="ok" workspace_id="w9" tab_id="w9:t1"
2026-08-14T22:54:33.611959Z  INFO herdr::logging: session saved event="persist.save" subsystem="persist" outcome="ok" path=/home/james/.config/herdr/session.json workspaces=2
2026-08-14T22:55:46.430240Z  INFO herdr::logging: tab focused event="tab.focus" subsystem="tab" outcome="ok" workspace_id="w9" tab_id="w9:tM"
2026-08-14T22:55:51.446675Z  INFO herdr::logging: session saved event="persist.save" subsystem="persist" outcome="ok" path=/home/james/.config/herdr/session.json workspaces=2
2026-08-14T22:59:48.350374Z  INFO herdr::logging: workspace focused event="workspace.focus" subsystem="workspace" outcome="ok" workspace_id="w8"
2026-08-14T22:59:48.350416Z  INFO herdr::logging: tab focused event="tab.focus" subsystem="tab" outcome="ok" workspace_id="w8" tab_id="w8:t1"
2026-08-14T22:59:53.362938Z  INFO herdr::logging: session saved event="persist.save" subsystem="persist" outcome="ok" path=/home/james/.config/herdr/session.json workspaces=2
2026-08-14T23:01:28.827114Z  INFO herdr::logging: workspace focused event="workspace.focus" subsystem="workspace" outcome="ok" workspace_id="w9"
2026-08-14T23:01:28.827149Z  INFO herdr::logging: tab focused event="tab.focus" subsystem="tab" outcome="ok" workspace_id="w9" tab_id="w9:t1"
2026-08-14T23:01:30.159606Z  INFO herdr::logging: tab focused event="tab.focus" subsystem="tab" outcome="ok" workspace_id="w9" tab_id="w9:tM"
2026-08-14T23:01:35.177998Z  INFO herdr::logging: session saved event="persist.save" subsystem="persist" outcome="ok" path=/home/james/.config/herdr/session.json workspaces=2
2026-08-14T23:03:15.562895Z  INFO herdr::logging: workspace focused event="workspace.focus" subsystem="workspace" outcome="ok" workspace_id="w8"
2026-08-14T23:03:15.562935Z  INFO herdr::logging: tab focused event="tab.focus" subsystem="tab" outcome="ok" workspace_id="w8" tab_id="w8:t1"
2026-08-14T23:03:17.443447Z  INFO herdr::logging: workspace focused event="workspace.focus" subsystem="workspace" outcome="ok" workspace_id="w9"
2026-08-14T23:03:17.443479Z  INFO herdr::logging: tab focused event="tab.focus" subsystem="tab" outcome="ok" workspace_id="w9" tab_id="w9:tM"
2026-08-14T23:03:19.262751Z  INFO herdr::app::actions: copied selection to clipboard
2026-08-14T23:03:22.457005Z  INFO herdr::logging: session saved event="persist.save" subsystem="persist" outcome="ok" path=/home/james/.config/herdr/session.json workspaces=2
2026-08-14T23:07:50.430099Z  INFO herdr::logging: checking for updates event="update.check.start" subsystem="update" outcome="started"
2026-08-14T23:07:50.525005Z  WARN herdr::detect::manifest_update: skipping unknown remote manifest agent agent="qwen"
2026-08-14T23:10:58.078771Z  INFO herdr::logging: workspace focused event="workspace.focus" subsystem="workspace" outcome="ok" workspace_id="w8"
2026-08-14T23:10:58.078809Z  INFO herdr::logging: tab focused event="tab.focus" subsystem="tab" outcome="ok" workspace_id="w8" tab_id="w8:t1"
2026-08-14T23:11:03.094507Z  INFO herdr::logging: session saved event="persist.save" subsystem="persist" outcome="ok" path=/home/james/.config/herdr/session.json workspaces=2
2026-08-14T23:11:05.445957Z  INFO herdr::logging: workspace focused event="workspace.focus" subsystem="workspace" outcome="ok" workspace_id="w9"
2026-08-14T23:11:05.445991Z  INFO herdr::logging: tab focused event="tab.focus" subsystem="tab" outcome="ok" workspace_id="w9" tab_id="w9:t1"
2026-08-14T23:11:06.337012Z  INFO herdr::logging: workspace focused event="workspace.focus" subsystem="workspace" outcome="ok" workspace_id="w8"
2026-08-14T23:11:06.337042Z  INFO herdr::logging: tab focused event="tab.focus" subsystem="tab" outcome="ok" workspace_id="w8" tab_id="w8:t1"
2026-08-14T23:11:07.730218Z  INFO herdr::logging: workspace focused event="workspace.focus" subsystem="workspace" outcome="ok" workspace_id="w9"
2026-08-14T23:11:07.730246Z  INFO herdr::logging: tab focused event="tab.focus" subsystem="tab" outcome="ok" workspace_id="w9" tab_id="w9:t1"
2026-08-14T23:11:12.742952Z  INFO herdr::logging: session saved event="persist.save" subsystem="persist" outcome="ok" path=/home/james/.config/herdr/session.json workspaces=2
2026-08-14T23:11:26.025681Z  INFO herdr::app::actions: copied selection to clipboard
2026-08-14T23:12:03.280241Z  INFO herdr::logging: workspace focused event="workspace.focus" subsystem="workspace" outcome="ok" workspace_id="w8"
2026-08-14T23:12:03.280278Z  INFO herdr::logging: tab focused event="tab.focus" subsystem="tab" outcome="ok" workspace_id="w8" tab_id="w8:t1"
2026-08-14T23:12:08.289967Z  INFO herdr::logging: session saved event="persist.save" subsystem="persist" outcome="ok" path=/home/james/.config/herdr/session.json workspaces=2
2026-08-14T23:12:17.981261Z  INFO herdr::logging: workspace focused event="workspace.focus" subsystem="workspace" outcome="ok" workspace_id="w9"
2026-08-14T23:12:17.981296Z  INFO herdr::logging: tab focused event="tab.focus" subsystem="tab" outcome="ok" workspace_id="w9" tab_id="w9:t1"
2026-08-14T23:12:19.644403Z  INFO herdr::logging: tab focused event="tab.focus" subsystem="tab" outcome="ok" workspace_id="w9" tab_id="w9:tM"
2026-08-14T23:12:24.664071Z  INFO herdr::logging: session saved event="persist.save" subsystem="persist" outcome="ok" path=/home/james/.config/herdr/session.json workspaces=2
2026-08-14T23:14:45.171540Z  INFO herdr::server::headless: client connected client_id=12 cols=299 rows=80 cell_width_px=0 cell_height_px=0 render_encoding=TerminalAnsi
2026-08-14T23:15:41.459300Z  INFO herdr::server::headless: client disconnected client_id=12
2026-08-14T23:15:49.044250Z  INFO herdr::server::headless: client connected client_id=14 cols=299 rows=81 cell_width_px=0 cell_height_px=0 render_encoding=SemanticFrame
2026-08-14T23:15:52.428652Z  INFO herdr::logging: workspace focused event="workspace.focus" subsystem="workspace" outcome="ok" workspace_id="w8"
2026-08-14T23:15:52.428692Z  INFO herdr::logging: tab focused event="tab.focus" subsystem="tab" outcome="ok" workspace_id="w8" tab_id="w8:t1"
2026-08-14T23:15:52.901442Z  INFO herdr::logging: workspace focused event="workspace.focus" subsystem="workspace" outcome="ok" workspace_id="w9"
2026-08-14T23:15:52.901474Z  INFO herdr::logging: tab focused event="tab.focus" subsystem="tab" outcome="ok" workspace_id="w9" tab_id="w9:tM"
2026-08-14T23:15:53.517033Z  INFO herdr::logging: workspace focused event="workspace.focus" subsystem="workspace" outcome="ok" workspace_id="w8"
2026-08-14T23:15:53.517074Z  INFO herdr::logging: tab focused event="tab.focus" subsystem="tab" outcome="ok" workspace_id="w8" tab_id="w8:t1"
2026-08-14T23:15:54.304655Z  INFO herdr::logging: workspace focused event="workspace.focus" subsystem="workspace" outcome="ok" workspace_id="w9"
2026-08-14T23:15:54.304686Z  INFO herdr::logging: tab focused event="tab.focus" subsystem="tab" outcome="ok" workspace_id="w9" tab_id="w9:t1"
2026-08-14T23:15:54.718195Z  INFO herdr::logging: workspace focused event="workspace.focus" subsystem="workspace" outcome="ok" workspace_id="w8"
2026-08-14T23:15:54.718221Z  INFO herdr::logging: tab focused event="tab.focus" subsystem="tab" outcome="ok" workspace_id="w8" tab_id="w8:t1"
2026-08-14T23:15:56.916703Z  INFO herdr::logging: tab focused event="tab.focus" subsystem="tab" outcome="ok" workspace_id="w8" tab_id="w8:tS"
2026-08-14T23:15:57.737600Z  INFO herdr::logging: tab focused event="tab.focus" subsystem="tab" outcome="ok" workspace_id="w8" tab_id="w8:t1"
2026-08-14T23:15:58.742350Z  INFO herdr::logging: workspace focused event="workspace.focus" subsystem="workspace" outcome="ok" workspace_id="w9"
2026-08-14T23:15:58.742381Z  INFO herdr::logging: tab focused event="tab.focus" subsystem="tab" outcome="ok" workspace_id="w9" tab_id="w9:t1"
2026-08-14T23:16:00.909668Z  INFO herdr::logging: workspace focused event="workspace.focus" subsystem="workspace" outcome="ok" workspace_id="w8"
2026-08-14T23:16:00.909700Z  INFO herdr::logging: tab focused event="tab.focus" subsystem="tab" outcome="ok" workspace_id="w8" tab_id="w8:t1"
2026-08-14T23:16:01.997329Z  INFO herdr::logging: workspace focused event="workspace.focus" subsystem="workspace" outcome="ok" workspace_id="w9"
2026-08-14T23:16:01.997369Z  INFO herdr::logging: tab focused event="tab.focus" subsystem="tab" outcome="ok" workspace_id="w9" tab_id="w9:t1"
2026-08-14T23:16:04.695190Z  INFO herdr::logging: tab focused event="tab.focus" subsystem="tab" outcome="ok" workspace_id="w9" tab_id="w9:tM"
2026-08-14T23:16:06.776765Z  INFO herdr::logging: workspace focused event="workspace.focus" subsystem="workspace" outcome="ok" workspace_id="w8"
2026-08-14T23:16:06.776796Z  INFO herdr::logging: tab focused event="tab.focus" subsystem="tab" outcome="ok" workspace_id="w8" tab_id="w8:t1"
2026-08-14T23:16:08.079957Z  INFO herdr::logging: tab focused event="tab.focus" subsystem="tab" outcome="ok" workspace_id="w8" tab_id="w8:tS"
2026-08-14T23:16:09.980466Z  INFO herdr::logging: pane child exited event="pane.exit" subsystem="pane" outcome="completed" pane_id=53 status="ExitStatus { code: 0, signal: None }"
2026-08-14T23:16:10.003491Z  INFO herdr::pane: pane session terminated pane=53 pid=926574 signal=Hangup
2026-08-14T23:16:13.145198Z  INFO herdr::logging: workspace focused event="workspace.focus" subsystem="workspace" outcome="ok" workspace_id="w9"
2026-08-14T23:16:13.145241Z  INFO herdr::logging: tab focused event="tab.focus" subsystem="tab" outcome="ok" workspace_id="w9" tab_id="w9:tM"
2026-08-14T23:16:18.160252Z  INFO herdr::logging: session saved event="persist.save" subsystem="persist" outcome="ok" path=/home/james/.config/herdr/session.json workspaces=2
2026-08-14T23:18:58.242894Z  INFO herdr::logging: tab focused event="tab.focus" subsystem="tab" outcome="ok" workspace_id="w9" tab_id="w9:t1"
2026-08-14T23:19:00.468291Z  INFO herdr::logging: tab focused event="tab.focus" subsystem="tab" outcome="ok" workspace_id="w9" tab_id="w9:tM"
2026-08-14T23:19:01.954574Z  INFO herdr::logging: workspace focused event="workspace.focus" subsystem="workspace" outcome="ok" workspace_id="w8"
2026-08-14T23:19:01.954620Z  INFO herdr::logging: tab focused event="tab.focus" subsystem="tab" outcome="ok" workspace_id="w8" tab_id="w8:t1"
2026-08-14T23:19:06.990666Z  INFO herdr::logging: session saved event="persist.save" subsystem="persist" outcome="ok" path=/home/james/.config/herdr/session.json workspaces=2
2026-08-14T23:19:17.580030Z  INFO herdr::logging: workspace focused event="workspace.focus" subsystem="workspace" outcome="ok" workspace_id="w9"
2026-08-14T23:19:17.580078Z  INFO herdr::logging: tab focused event="tab.focus" subsystem="tab" outcome="ok" workspace_id="w9" tab_id="w9:tM"
2026-08-14T23:19:22.602751Z  INFO herdr::logging: session saved event="persist.save" subsystem="persist" outcome="ok" path=/home/james/.config/herdr/session.json workspaces=2
2026-08-14T23:22:24.838909Z  INFO herdr::logging: workspace focused event="workspace.focus" subsystem="workspace" outcome="ok" workspace_id="w8"
2026-08-14T23:22:24.838938Z  INFO herdr::logging: tab focused event="tab.focus" subsystem="tab" outcome="ok" workspace_id="w8" tab_id="w8:t1"
2026-08-14T23:22:29.855266Z  INFO herdr::logging: session saved event="persist.save" subsystem="persist" outcome="ok" path=/home/james/.config/herdr/session.json workspaces=2
2026-08-14T23:22:29.929809Z  INFO herdr::logging: workspace focused event="workspace.focus" subsystem="workspace" outcome="ok" workspace_id="w9"
2026-08-14T23:22:29.929836Z  INFO herdr::logging: tab focused event="tab.focus" subsystem="tab" outcome="ok" workspace_id="w9" tab_id="w9:tM"
2026-08-14T23:22:34.945270Z  INFO herdr::logging: session saved event="persist.save" subsystem="persist" outcome="ok" path=/home/james/.config/herdr/session.json workspaces=2
2026-08-14T23:23:02.504177Z  INFO herdr::app::actions: copied selection to clipboard
2026-08-14T23:23:04.260474Z  INFO herdr::server::headless: client disconnected client_id=10
2026-08-14T23:25:02.176850Z  INFO herdr::logging: workspace focused event="workspace.focus" subsystem="workspace" outcome="ok" workspace_id="w8"
2026-08-14T23:25:02.176889Z  INFO herdr::logging: tab focused event="tab.focus" subsystem="tab" outcome="ok" workspace_id="w8" tab_id="w8:t1"
2026-08-14T23:25:04.740049Z  INFO herdr::logging: workspace focused event="workspace.focus" subsystem="workspace" outcome="ok" workspace_id="w9"
2026-08-14T23:25:04.740081Z  INFO herdr::logging: tab focused event="tab.focus" subsystem="tab" outcome="ok" workspace_id="w9" tab_id="w9:tM"
2026-08-14T23:25:05.450559Z  INFO herdr::logging: workspace focused event="workspace.focus" subsystem="workspace" outcome="ok" workspace_id="w8"
2026-08-14T23:25:05.450597Z  INFO herdr::logging: tab focused event="tab.focus" subsystem="tab" outcome="ok" workspace_id="w8" tab_id="w8:t1"
2026-08-14T23:25:10.465788Z  INFO herdr::logging: session saved event="persist.save" subsystem="persist" outcome="ok" path=/home/james/.config/herdr/session.json workspaces=2
2026-08-14T23:25:24.631341Z  INFO herdr::logging: workspace focused event="workspace.focus" subsystem="workspace" outcome="ok" workspace_id="w9"
2026-08-14T23:25:24.631373Z  INFO herdr::logging: tab focused event="tab.focus" subsystem="tab" outcome="ok" workspace_id="w9" tab_id="w9:t1"
2026-08-14T23:25:26.113409Z  INFO herdr::logging: tab focused event="tab.focus" subsystem="tab" outcome="ok" workspace_id="w9" tab_id="w9:tM"
2026-08-14T23:25:31.128719Z  INFO herdr::logging: session saved event="persist.save" subsystem="persist" outcome="ok" path=/home/james/.config/herdr/session.json workspaces=2
2026-08-14T23:26:35.719053Z  INFO herdr::app::actions: copied selection to clipboard
2026-08-14T23:26:37.631101Z  INFO herdr::logging: workspace focused event="workspace.focus" subsystem="workspace" outcome="ok" workspace_id="w8"
2026-08-14T23:26:37.631133Z  INFO herdr::logging: tab focused event="tab.focus" subsystem="tab" outcome="ok" workspace_id="w8" tab_id="w8:t1"
2026-08-14T23:26:42.646668Z  INFO herdr::logging: session saved event="persist.save" subsystem="persist" outcome="ok" path=/home/james/.config/herdr/session.json workspaces=2
2026-08-14T23:27:00.267200Z  INFO herdr::app::actions: copied double-clicked token to clipboard
2026-08-14T23:27:09.792816Z  INFO herdr::app::actions: copied selection to clipboard
2026-08-14T23:27:12.624371Z  INFO herdr::app::actions: copied selection to clipboard
2026-08-14T23:28:18.493586Z  INFO herdr::app::actions: copied selection to clipboard
2026-08-14T23:30:39.812843Z  INFO herdr::app::actions: copied selection to clipboard
2026-08-14T23:30:43.524952Z  INFO herdr::logging: workspace focused event="workspace.focus" subsystem="workspace" outcome="ok" workspace_id="w9"
2026-08-14T23:30:43.524985Z  INFO herdr::logging: tab focused event="tab.focus" subsystem="tab" outcome="ok" workspace_id="w9" tab_id="w9:tM"
2026-08-14T23:30:43.923712Z  INFO herdr::logging: workspace focused event="workspace.focus" subsystem="workspace" outcome="ok" workspace_id="w8"
2026-08-14T23:30:43.923738Z  INFO herdr::logging: tab focused event="tab.focus" subsystem="tab" outcome="ok" workspace_id="w8" tab_id="w8:t1"
2026-08-14T23:30:44.770407Z  INFO herdr::logging: workspace focused event="workspace.focus" subsystem="workspace" outcome="ok" workspace_id="w9"
2026-08-14T23:30:44.770440Z  INFO herdr::logging: tab focused event="tab.focus" subsystem="tab" outcome="ok" workspace_id="w9" tab_id="w9:tM"
2026-08-14T23:30:45.036367Z  INFO herdr::logging: workspace focused event="workspace.focus" subsystem="workspace" outcome="ok" workspace_id="w8"
2026-08-14T23:30:45.036396Z  INFO herdr::logging: tab focused event="tab.focus" subsystem="tab" outcome="ok" workspace_id="w8" tab_id="w8:t1"
2026-08-14T23:30:45.891547Z  INFO herdr::logging: workspace focused event="workspace.focus" subsystem="workspace" outcome="ok" workspace_id="w9"
2026-08-14T23:30:45.891576Z  INFO herdr::logging: tab focused event="tab.focus" subsystem="tab" outcome="ok" workspace_id="w9" tab_id="w9:tM"
2026-08-14T23:30:46.236617Z  INFO herdr::logging: workspace focused event="workspace.focus" subsystem="workspace" outcome="ok" workspace_id="w8"
2026-08-14T23:30:46.236647Z  INFO herdr::logging: tab focused event="tab.focus" subsystem="tab" outcome="ok" workspace_id="w8" tab_id="w8:t1"
2026-08-14T23:30:48.976259Z  INFO herdr::logging: workspace focused event="workspace.focus" subsystem="workspace" outcome="ok" workspace_id="w9"
2026-08-14T23:30:48.976290Z  INFO herdr::logging: tab focused event="tab.focus" subsystem="tab" outcome="ok" workspace_id="w9" tab_id="w9:tM"
2026-08-14T23:30:50.177234Z  INFO herdr::logging: tab focused event="tab.focus" subsystem="tab" outcome="ok" workspace_id="w9" tab_id="w9:t1"
2026-08-14T23:30:50.910690Z  INFO herdr::logging: tab focused event="tab.focus" subsystem="tab" outcome="ok" workspace_id="w9" tab_id="w9:tM"
2026-08-14T23:30:55.527566Z  INFO herdr::server::headless: client resize client_id=14 cols=299 rows=80 cell_width_px=0 cell_height_px=0
2026-08-14T23:30:55.926980Z  INFO herdr::logging: session saved event="persist.save" subsystem="persist" outcome="ok" path=/home/james/.config/herdr/session.json workspaces=2
2026-08-14T23:31:03.834741Z  INFO herdr::server::headless: client resize client_id=14 cols=299 rows=81 cell_width_px=0 cell_height_px=0
2026-08-14T23:31:19.241044Z  INFO herdr::logging: workspace focused event="workspace.focus" subsystem="workspace" outcome="ok" workspace_id="w8"
2026-08-14T23:31:19.241079Z  INFO herdr::logging: tab focused event="tab.focus" subsystem="tab" outcome="ok" workspace_id="w8" tab_id="w8:t1"
2026-08-14T23:31:24.257750Z  INFO herdr::logging: session saved event="persist.save" subsystem="persist" outcome="ok" path=/home/james/.config/herdr/session.json workspaces=2
2026-08-14T23:32:34.934159Z  INFO herdr::logging: workspace focused event="workspace.focus" subsystem="workspace" outcome="ok" workspace_id="w9"
2026-08-14T23:32:34.934194Z  INFO herdr::logging: tab focused event="tab.focus" subsystem="tab" outcome="ok" workspace_id="w9" tab_id="w9:tM"
2026-08-14T23:32:39.950705Z  INFO herdr::logging: session saved event="persist.save" subsystem="persist" outcome="ok" path=/home/james/.config/herdr/session.json workspaces=2
2026-08-14T23:37:50.430488Z  INFO herdr::logging: checking for updates event="update.check.start" subsystem="update" outcome="started"
2026-08-14T23:37:50.512769Z  WARN herdr::detect::manifest_update: skipping unknown remote manifest agent agent="qwen"
2026-08-15T00:07:50.431375Z  INFO herdr::logging: checking for updates event="update.check.start" subsystem="update" outcome="started"
2026-08-15T00:07:50.535045Z  WARN herdr::detect::manifest_update: skipping unknown remote manifest agent agent="qwen"
2026-08-15T00:37:50.432467Z  INFO herdr::logging: checking for updates event="update.check.start" subsystem="update" outcome="started"
2026-08-15T00:37:50.535487Z  WARN herdr::detect::manifest_update: skipping unknown remote manifest agent agent="qwen"
2026-08-15T01:05:01.542422Z  INFO herdr::server::headless: client connected client_id=16 cols=199 rows=55 cell_width_px=0 cell_height_px=0 render_encoding=SemanticFrame
2026-08-15T01:05:08.676821Z  INFO herdr::app::actions: copied selection to clipboard
2026-08-15T01:05:09.759580Z  INFO herdr::logging: tab focused event="tab.focus" subsystem="tab" outcome="ok" workspace_id="w9" tab_id="w9:t1"
2026-08-15T01:05:11.905418Z  INFO herdr::logging: tab focused event="tab.focus" subsystem="tab" outcome="ok" workspace_id="w9" tab_id="w9:tM"
2026-08-15T01:05:15.529150Z  INFO herdr::logging: workspace focused event="workspace.focus" subsystem="workspace" outcome="ok" workspace_id="w8"
2026-08-15T01:05:15.529179Z  INFO herdr::logging: tab focused event="tab.focus" subsystem="tab" outcome="ok" workspace_id="w8" tab_id="w8:t1"
2026-08-15T01:05:20.547268Z  INFO herdr::logging: session saved event="persist.save" subsystem="persist" outcome="ok" path=/home/james/.config/herdr/session.json workspaces=2
2026-08-15T01:05:52.127352Z  INFO herdr::logging: workspace focused event="workspace.focus" subsystem="workspace" outcome="ok" workspace_id="w9"
2026-08-15T01:05:52.127383Z  INFO herdr::logging: tab focused event="tab.focus" subsystem="tab" outcome="ok" workspace_id="w9" tab_id="w9:t1"
2026-08-15T01:05:57.134971Z  INFO herdr::logging: session saved event="persist.save" subsystem="persist" outcome="ok" path=/home/james/.config/herdr/session.json workspaces=2
2026-08-15T01:07:50.434128Z  INFO herdr::logging: checking for updates event="update.check.start" subsystem="update" outcome="started"
2026-08-15T01:07:50.602145Z  WARN herdr::detect::manifest_update: skipping unknown remote manifest agent agent="qwen"
2026-08-15T01:08:14.860550Z  INFO herdr::logging: workspace focused event="workspace.focus" subsystem="workspace" outcome="ok" workspace_id="w8"
2026-08-15T01:08:14.860578Z  INFO herdr::logging: tab focused event="tab.focus" subsystem="tab" outcome="ok" workspace_id="w8" tab_id="w8:t1"
2026-08-15T01:08:19.867925Z  INFO herdr::logging: session saved event="persist.save" subsystem="persist" outcome="ok" path=/home/james/.config/herdr/session.json workspaces=2
2026-08-15T01:10:08.416502Z  INFO herdr::logging: workspace focused event="workspace.focus" subsystem="workspace" outcome="ok" workspace_id="w9"
2026-08-15T01:10:08.416544Z  INFO herdr::logging: tab focused event="tab.focus" subsystem="tab" outcome="ok" workspace_id="w9" tab_id="w9:t1"
2026-08-15T01:10:13.424590Z  INFO herdr::logging: session saved event="persist.save" subsystem="persist" outcome="ok" path=/home/james/.config/herdr/session.json workspaces=2
2026-08-15T01:10:23.924240Z  INFO herdr::logging: tab focused event="tab.focus" subsystem="tab" outcome="ok" workspace_id="w9" tab_id="w9:tM"
2026-08-15T01:10:27.439264Z  INFO herdr::logging: tab focused event="tab.focus" subsystem="tab" outcome="ok" workspace_id="w9" tab_id="w9:t1"
2026-08-15T01:10:32.453525Z  INFO herdr::logging: session saved event="persist.save" subsystem="persist" outcome="ok" path=/home/james/.config/herdr/session.json workspaces=2
2026-08-15T01:10:34.775022Z  INFO herdr::logging: tab focused event="tab.focus" subsystem="tab" outcome="ok" workspace_id="w9" tab_id="w9:tM"
2026-08-15T01:10:39.793443Z  INFO herdr::logging: session saved event="persist.save" subsystem="persist" outcome="ok" path=/home/james/.config/herdr/session.json workspaces=2
2026-08-15T01:11:56.980282Z  INFO herdr::logging: tab focused event="tab.focus" subsystem="tab" outcome="ok" workspace_id="w9" tab_id="w9:t1"
2026-08-15T01:12:01.997215Z  INFO herdr::logging: session saved event="persist.save" subsystem="persist" outcome="ok" path=/home/james/.config/herdr/session.json workspaces=2
2026-08-15T01:13:47.308265Z  INFO herdr::logging: tab focused event="tab.focus" subsystem="tab" outcome="ok" workspace_id="w9" tab_id="w9:tM"
2026-08-15T01:13:50.912333Z  INFO herdr::logging: tab focused event="tab.focus" subsystem="tab" outcome="ok" workspace_id="w9" tab_id="w9:t1"
2026-08-15T01:13:52.261155Z  INFO herdr::logging: tab focused event="tab.focus" subsystem="tab" outcome="ok" workspace_id="w9" tab_id="w9:tM"
2026-08-15T01:13:53.157022Z  INFO herdr::logging: tab focused event="tab.focus" subsystem="tab" outcome="ok" workspace_id="w9" tab_id="w9:t1"
2026-08-15T01:13:58.172059Z  INFO herdr::logging: session saved event="persist.save" subsystem="persist" outcome="ok" path=/home/james/.config/herdr/session.json workspaces=2
2026-08-15T01:13:58.346258Z  INFO herdr::logging: workspace focused event="workspace.focus" subsystem="workspace" outcome="ok" workspace_id="w8"
2026-08-15T01:13:58.346323Z  INFO herdr::logging: tab focused event="tab.focus" subsystem="tab" outcome="ok" workspace_id="w8" tab_id="w8:t1"
2026-08-15T01:14:03.360295Z  INFO herdr::logging: session saved event="persist.save" subsystem="persist" outcome="ok" path=/home/james/.config/herdr/session.json workspaces=2
2026-08-15T01:16:01.806871Z  INFO herdr::logging: workspace focused event="workspace.focus" subsystem="workspace" outcome="ok" workspace_id="w9"
2026-08-15T01:16:01.806903Z  INFO herdr::logging: tab focused event="tab.focus" subsystem="tab" outcome="ok" workspace_id="w9" tab_id="w9:t1"
2026-08-15T01:16:05.321787Z  INFO herdr::logging: tab focused event="tab.focus" subsystem="tab" outcome="ok" workspace_id="w9" tab_id="w9:tM"
2026-08-15T01:16:10.336269Z  INFO herdr::logging: session saved event="persist.save" subsystem="persist" outcome="ok" path=/home/james/.config/herdr/session.json workspaces=2
2026-08-15T01:16:14.932488Z  INFO herdr::app::actions: copied selection to clipboard
2026-08-15T01:16:21.371868Z  INFO herdr::app::actions: copied selection to clipboard
2026-08-15T01:16:22.808775Z  INFO herdr::logging: tab focused event="tab.focus" subsystem="tab" outcome="ok" workspace_id="w9" tab_id="w9:t1"
2026-08-15T01:16:27.824970Z  INFO herdr::logging: session saved event="persist.save" subsystem="persist" outcome="ok" path=/home/james/.config/herdr/session.json workspaces=2
2026-08-15T01:28:41.890671Z  INFO herdr::logging: workspace focused event="workspace.focus" subsystem="workspace" outcome="ok" workspace_id="w8"
2026-08-15T01:28:41.890700Z  INFO herdr::logging: tab focused event="tab.focus" subsystem="tab" outcome="ok" workspace_id="w8" tab_id="w8:t1"
2026-08-15T01:28:46.906439Z  INFO herdr::logging: session saved event="persist.save" subsystem="persist" outcome="ok" path=/home/james/.config/herdr/session.json workspaces=2
2026-08-15T01:37:50.435150Z  INFO herdr::logging: checking for updates event="update.check.start" subsystem="update" outcome="started"
2026-08-15T01:37:50.510553Z  WARN herdr::detect::manifest_update: skipping unknown remote manifest agent agent="qwen"
2026-08-15T01:40:23.653091Z  INFO herdr::logging: workspace focused event="workspace.focus" subsystem="workspace" outcome="ok" workspace_id="w9"
2026-08-15T01:40:23.653122Z  INFO herdr::logging: tab focused event="tab.focus" subsystem="tab" outcome="ok" workspace_id="w9" tab_id="w9:t1"
2026-08-15T01:40:28.661512Z  INFO herdr::logging: session saved event="persist.save" subsystem="persist" outcome="ok" path=/home/james/.config/herdr/session.json workspaces=2
2026-08-15T01:41:08.032280Z  INFO herdr::logging: workspace focused event="workspace.focus" subsystem="workspace" outcome="ok" workspace_id="w8"
2026-08-15T01:41:08.032317Z  INFO herdr::logging: tab focused event="tab.focus" subsystem="tab" outcome="ok" workspace_id="w8" tab_id="w8:t1"
2026-08-15T01:41:13.040485Z  INFO herdr::logging: session saved event="persist.save" subsystem="persist" outcome="ok" path=/home/james/.config/herdr/session.json workspaces=2
2026-08-15T02:07:50.436219Z  INFO herdr::logging: checking for updates event="update.check.start" subsystem="update" outcome="started"
2026-08-15T02:07:50.539356Z  WARN herdr::detect::manifest_update: skipping unknown remote manifest agent agent="qwen"
2026-08-15T02:37:50.438132Z  INFO herdr::logging: checking for updates event="update.check.start" subsystem="update" outcome="started"
2026-08-15T02:37:50.524919Z  WARN herdr::detect::manifest_update: skipping unknown remote manifest agent agent="qwen"
2026-08-15T02:51:50.893305Z  INFO herdr::server::headless: client resize client_id=16 cols=211 rows=54 cell_width_px=0 cell_height_px=0
2026-08-15T03:06:00.070249Z  INFO herdr::app::actions: copied selection to clipboard
2026-08-15T03:06:00.616929Z  INFO herdr::app::actions: copied selection to clipboard
2026-08-15T03:06:09.335570Z  INFO herdr::logging: workspace focused event="workspace.focus" subsystem="workspace" outcome="ok" workspace_id="w9"
2026-08-15T03:06:09.335599Z  INFO herdr::logging: tab focused event="tab.focus" subsystem="tab" outcome="ok" workspace_id="w9" tab_id="w9:t1"
2026-08-15T03:06:14.339981Z  INFO herdr::logging: session saved event="persist.save" subsystem="persist" outcome="ok" path=/home/james/.config/herdr/session.json workspaces=2
2026-08-15T03:06:15.026354Z  INFO herdr::app::actions: copied selection to clipboard
2026-08-15T03:06:16.251249Z  INFO herdr::app::actions: copied selection to clipboard
2026-08-15T03:06:18.475301Z  INFO herdr::app::actions: copied selection to clipboard
2026-08-15T03:06:20.813898Z  INFO herdr::logging: tab focused event="tab.focus" subsystem="tab" outcome="ok" workspace_id="w9" tab_id="w9:tM"
2026-08-15T03:06:25.271439Z  INFO herdr::logging: spawning pane terminal event="pane.spawn.start" subsystem="pane" outcome="started" pane_id=59 rows=80 cols=270 scrollback_limit_bytes=10000000
2026-08-15T03:06:25.273088Z  INFO herdr::logging: pane child spawned event="pane.spawned" subsystem="pane" outcome="ok" pane_id=59 pid=1299290
2026-08-15T03:06:25.273272Z  INFO herdr::logging: tab focused event="tab.focus" subsystem="tab" outcome="ok" workspace_id="w9" tab_id="w9:tS"
2026-08-15T03:06:26.697559Z  INFO herdr::logging: pane child exited event="pane.exit" subsystem="pane" outcome="completed" pane_id=59 status="ExitStatus { code: 0, signal: None }"
2026-08-15T03:06:26.697679Z  INFO herdr::pane: pane session terminated pane=59 pid=1299290 signal=Hangup
2026-08-15T03:06:31.711420Z  INFO herdr::logging: session saved event="persist.save" subsystem="persist" outcome="ok" path=/home/james/.config/herdr/session.json workspaces=2
2026-08-15T03:06:37.163841Z  INFO herdr::logging: pane child exited event="pane.exit" subsystem="pane" outcome="completed" pane_id=54 status="ExitStatus { code: 0, signal: None }"
2026-08-15T03:06:37.163960Z  INFO herdr::pane: pane session terminated pane=54 pid=929247 signal=Hangup
2026-08-15T03:06:39.812833Z  INFO herdr::logging: workspace focused event="workspace.focus" subsystem="workspace" outcome="ok" workspace_id="w8"
2026-08-15T03:06:39.812864Z  INFO herdr::logging: tab focused event="tab.focus" subsystem="tab" outcome="ok" workspace_id="w8" tab_id="w8:t1"
2026-08-15T03:06:44.825119Z  INFO herdr::logging: session saved event="persist.save" subsystem="persist" outcome="ok" path=/home/james/.config/herdr/session.json workspaces=2
2026-08-15T03:07:50.438802Z  INFO herdr::logging: checking for updates event="update.check.start" subsystem="update" outcome="started"
2026-08-15T03:07:50.516058Z  WARN herdr::detect::manifest_update: skipping unknown remote manifest agent agent="qwen"
2026-08-15T03:08:57.874747Z  INFO herdr::app::actions: copied selection to clipboard
2026-08-15T03:09:03.010550Z  INFO herdr::server::headless: client resize client_id=14 cols=299 rows=80 cell_width_px=0 cell_height_px=0
2026-08-15T03:09:16.236728Z  INFO herdr::server::headless: client resize client_id=14 cols=299 rows=81 cell_width_px=0 cell_height_px=0
2026-08-15T03:11:15.552428Z  INFO herdr::app::actions: copied selection to clipboard
2026-08-15T03:11:25.507561Z  INFO herdr::app::actions: copied selection to clipboard
2026-08-15T03:11:38.236896Z  INFO herdr::logging: workspace focused event="workspace.focus" subsystem="workspace" outcome="ok" workspace_id="w9"
2026-08-15T03:11:38.236922Z  INFO herdr::logging: tab focused event="tab.focus" subsystem="tab" outcome="ok" workspace_id="w9" tab_id="w9:t1"
2026-08-15T03:11:38.640559Z  INFO herdr::logging: workspace focused event="workspace.focus" subsystem="workspace" outcome="ok" workspace_id="w8"
2026-08-15T03:11:38.640583Z  INFO herdr::logging: tab focused event="tab.focus" subsystem="tab" outcome="ok" workspace_id="w8" tab_id="w8:t1"
2026-08-15T03:11:39.408409Z  INFO herdr::logging: workspace focused event="workspace.focus" subsystem="workspace" outcome="ok" workspace_id="w9"
2026-08-15T03:11:39.408433Z  INFO herdr::logging: tab focused event="tab.focus" subsystem="tab" outcome="ok" workspace_id="w9" tab_id="w9:t1"
2026-08-15T03:11:39.760024Z  INFO herdr::logging: workspace focused event="workspace.focus" subsystem="workspace" outcome="ok" workspace_id="w8"
2026-08-15T03:11:39.760054Z  INFO herdr::logging: tab focused event="tab.focus" subsystem="tab" outcome="ok" workspace_id="w8" tab_id="w8:t1"
2026-08-15T03:11:40.600739Z  INFO herdr::logging: workspace focused event="workspace.focus" subsystem="workspace" outcome="ok" workspace_id="w9"
2026-08-15T03:11:40.600762Z  INFO herdr::logging: tab focused event="tab.focus" subsystem="tab" outcome="ok" workspace_id="w9" tab_id="w9:t1"
2026-08-15T03:11:41.186487Z  INFO herdr::logging: workspace focused event="workspace.focus" subsystem="workspace" outcome="ok" workspace_id="w8"
2026-08-15T03:11:41.186512Z  INFO herdr::logging: tab focused event="tab.focus" subsystem="tab" outcome="ok" workspace_id="w8" tab_id="w8:t1"
2026-08-15T03:11:41.773408Z  INFO herdr::logging: workspace focused event="workspace.focus" subsystem="workspace" outcome="ok" workspace_id="w9"
2026-08-15T03:11:41.773429Z  INFO herdr::logging: tab focused event="tab.focus" subsystem="tab" outcome="ok" workspace_id="w9" tab_id="w9:t1"
2026-08-15T03:11:42.388877Z  INFO herdr::logging: workspace focused event="workspace.focus" subsystem="workspace" outcome="ok" workspace_id="w8"
2026-08-15T03:11:42.388899Z  INFO herdr::logging: tab focused event="tab.focus" subsystem="tab" outcome="ok" workspace_id="w8" tab_id="w8:t1"
2026-08-15T03:11:42.703442Z  INFO herdr::logging: workspace focused event="workspace.focus" subsystem="workspace" outcome="ok" workspace_id="w9"
2026-08-15T03:11:42.703463Z  INFO herdr::logging: tab focused event="tab.focus" subsystem="tab" outcome="ok" workspace_id="w9" tab_id="w9:t1"
2026-08-15T03:11:43.771973Z  INFO herdr::logging: workspace focused event="workspace.focus" subsystem="workspace" outcome="ok" workspace_id="w8"
2026-08-15T03:11:43.772002Z  INFO herdr::logging: tab focused event="tab.focus" subsystem="tab" outcome="ok" workspace_id="w8" tab_id="w8:t1"
2026-08-15T03:11:48.784228Z  INFO herdr::logging: session saved event="persist.save" subsystem="persist" outcome="ok" path=/home/james/.config/herdr/session.json workspaces=2
2026-08-15T03:12:34.219629Z  INFO herdr::app::actions: copied selection to clipboard
2026-08-15T03:15:12.920156Z  INFO herdr::app::actions: copied selection to clipboard
2026-08-15T03:15:44.281336Z  INFO herdr::logging: workspace focused event="workspace.focus" subsystem="workspace" outcome="ok" workspace_id="w9"
2026-08-15T03:15:44.281365Z  INFO herdr::logging: tab focused event="tab.focus" subsystem="tab" outcome="ok" workspace_id="w9" tab_id="w9:t1"
2026-08-15T03:15:49.294329Z  INFO herdr::logging: session saved event="persist.save" subsystem="persist" outcome="ok" path=/home/james/.config/herdr/session.json workspaces=2
2026-08-15T03:16:00.945437Z  INFO herdr::logging: workspace focused event="workspace.focus" subsystem="workspace" outcome="ok" workspace_id="w8"
2026-08-15T03:16:00.945476Z  INFO herdr::logging: tab focused event="tab.focus" subsystem="tab" outcome="ok" workspace_id="w8" tab_id="w8:t1"
2026-08-15T03:16:05.949599Z  INFO herdr::logging: session saved event="persist.save" subsystem="persist" outcome="ok" path=/home/james/.config/herdr/session.json workspaces=2
2026-08-15T03:16:26.485578Z  INFO herdr::app::actions: copied double-clicked token to clipboard
2026-08-15T03:17:53.124066Z  INFO herdr::logging: workspace focused event="workspace.focus" subsystem="workspace" outcome="ok" workspace_id="w9"
2026-08-15T03:17:53.124094Z  INFO herdr::logging: tab focused event="tab.focus" subsystem="tab" outcome="ok" workspace_id="w9" tab_id="w9:t1"
2026-08-15T03:17:58.128521Z  INFO herdr::logging: session saved event="persist.save" subsystem="persist" outcome="ok" path=/home/james/.config/herdr/session.json workspaces=2
2026-08-15T03:19:21.103601Z  INFO herdr::logging: workspace focused event="workspace.focus" subsystem="workspace" outcome="ok" workspace_id="w8"
2026-08-15T03:19:21.103628Z  INFO herdr::logging: tab focused event="tab.focus" subsystem="tab" outcome="ok" workspace_id="w8" tab_id="w8:t1"
2026-08-15T03:19:23.965497Z  INFO herdr::app::actions: copied selection to clipboard
2026-08-15T03:19:24.311520Z  INFO herdr::app::actions: copied selection to clipboard
2026-08-15T03:19:26.109167Z  INFO herdr::logging: session saved event="persist.save" subsystem="persist" outcome="ok" path=/home/james/.config/herdr/session.json workspaces=2
2026-08-15T03:22:57.626852Z  INFO herdr::logging: workspace focused event="workspace.focus" subsystem="workspace" outcome="ok" workspace_id="w9"
2026-08-15T03:22:57.626880Z  INFO herdr::logging: tab focused event="tab.focus" subsystem="tab" outcome="ok" workspace_id="w9" tab_id="w9:t1"
2026-08-15T03:23:02.632898Z  INFO herdr::logging: session saved event="persist.save" subsystem="persist" outcome="ok" path=/home/james/.config/herdr/session.json workspaces=2
2026-08-15T03:23:06.325101Z  INFO herdr::server::headless: client resize client_id=14 cols=299 rows=80 cell_width_px=0 cell_height_px=0
2026-08-15T03:23:15.361481Z  INFO herdr::logging: spawning pane terminal event="pane.spawn.start" subsystem="pane" outcome="started" pane_id=60 rows=79 cols=270 scrollback_limit_bytes=10000000
2026-08-15T03:23:15.362913Z  INFO herdr::logging: pane child spawned event="pane.spawned" subsystem="pane" outcome="ok" pane_id=60 pid=1306199
2026-08-15T03:23:15.363078Z  INFO herdr::logging: tab focused event="tab.focus" subsystem="tab" outcome="ok" workspace_id="w9" tab_id="w9:tT"
2026-08-15T03:23:20.367259Z  INFO herdr::logging: session saved event="persist.save" subsystem="persist" outcome="ok" path=/home/james/.config/herdr/session.json workspaces=2
2026-08-15T03:23:25.769176Z  INFO herdr::server::headless: client resize client_id=14 cols=299 rows=81 cell_width_px=0 cell_height_px=0
2026-08-15T03:34:46.186245Z  INFO herdr::logging: workspace focused event="workspace.focus" subsystem="workspace" outcome="ok" workspace_id="w8"
2026-08-15T03:34:46.186288Z  INFO herdr::logging: tab focused event="tab.focus" subsystem="tab" outcome="ok" workspace_id="w8" tab_id="w8:t1"
2026-08-15T03:34:51.193708Z  INFO herdr::logging: session saved event="persist.save" subsystem="persist" outcome="ok" path=/home/james/.config/herdr/session.json workspaces=2
2026-08-15T03:34:53.486914Z  INFO herdr::logging: workspace focused event="workspace.focus" subsystem="workspace" outcome="ok" workspace_id="w9"
2026-08-15T03:34:53.486942Z  INFO herdr::logging: tab focused event="tab.focus" subsystem="tab" outcome="ok" workspace_id="w9" tab_id="w9:t1"
2026-08-15T03:34:58.493548Z  INFO herdr::logging: session saved event="persist.save" subsystem="persist" outcome="ok" path=/home/james/.config/herdr/session.json workspaces=2
2026-08-15T03:34:58.673898Z  INFO herdr::logging: tab focused event="tab.focus" subsystem="tab" outcome="ok" workspace_id="w9" tab_id="w9:tT"
2026-08-15T03:35:03.677461Z  INFO herdr::logging: session saved event="persist.save" subsystem="persist" outcome="ok" path=/home/james/.config/herdr/session.json workspaces=2
2026-08-15T03:35:05.058040Z  INFO herdr::logging: tab focused event="tab.focus" subsystem="tab" outcome="ok" workspace_id="w9" tab_id="w9:t1"
2026-08-15T03:35:10.061170Z  INFO herdr::logging: session saved event="persist.save" subsystem="persist" outcome="ok" path=/home/james/.config/herdr/session.json workspaces=2
2026-08-15T03:37:50.440062Z  INFO herdr::logging: checking for updates event="update.check.start" subsystem="update" outcome="started"
2026-08-15T03:37:50.519637Z  WARN herdr::detect::manifest_update: skipping unknown remote manifest agent agent="qwen"
2026-08-15T03:41:00.195485Z  INFO herdr::logging: workspace focused event="workspace.focus" subsystem="workspace" outcome="ok" workspace_id="w8"
2026-08-15T03:41:00.195520Z  INFO herdr::logging: tab focused event="tab.focus" subsystem="tab" outcome="ok" workspace_id="w8" tab_id="w8:t1"
2026-08-15T03:41:05.208189Z  INFO herdr::logging: session saved event="persist.save" subsystem="persist" outcome="ok" path=/home/james/.config/herdr/session.json workspaces=2
2026-08-15T03:45:32.122101Z  INFO herdr::logging: spawning pane terminal event="pane.spawn.start" subsystem="pane" outcome="started" pane_id=61 rows=80 cols=270 scrollback_limit_bytes=10000000
2026-08-15T03:45:32.123613Z  INFO herdr::logging: pane child spawned event="pane.spawned" subsystem="pane" outcome="ok" pane_id=61 pid=1348606
2026-08-15T03:45:32.123815Z  INFO herdr::logging: tab focused event="tab.focus" subsystem="tab" outcome="ok" workspace_id="w8" tab_id="w8:tT"
2026-08-15T03:45:36.624941Z  INFO herdr::logging: tab focused event="tab.focus" subsystem="tab" outcome="ok" workspace_id="w8" tab_id="w8:t1"
2026-08-15T03:45:41.630778Z  INFO herdr::logging: session saved event="persist.save" subsystem="persist" outcome="ok" path=/home/james/.config/herdr/session.json workspaces=2
2026-08-15T03:45:51.045939Z  INFO herdr::logging: workspace focused event="workspace.focus" subsystem="workspace" outcome="ok" workspace_id="w9"
2026-08-15T03:45:51.045970Z  INFO herdr::logging: tab focused event="tab.focus" subsystem="tab" outcome="ok" workspace_id="w9" tab_id="w9:t1"
2026-08-15T03:45:56.053886Z  INFO herdr::logging: session saved event="persist.save" subsystem="persist" outcome="ok" path=/home/james/.config/herdr/session.json workspaces=2
2026-08-15T03:47:02.337484Z  INFO herdr::logging: tab focused event="tab.focus" subsystem="tab" outcome="ok" workspace_id="w9" tab_id="w9:tT"
2026-08-15T03:47:06.734335Z  INFO herdr::logging: tab focused event="tab.focus" subsystem="tab" outcome="ok" workspace_id="w9" tab_id="w9:t1"
2026-08-15T03:47:07.403223Z  INFO herdr::logging: tab focused event="tab.focus" subsystem="tab" outcome="ok" workspace_id="w9" tab_id="w9:tT"
2026-08-15T03:47:12.405515Z  INFO herdr::logging: session saved event="persist.save" subsystem="persist" outcome="ok" path=/home/james/.config/herdr/session.json workspaces=2
2026-08-15T03:47:18.003101Z  INFO herdr::logging: tab focused event="tab.focus" subsystem="tab" outcome="ok" workspace_id="w9" tab_id="w9:t1"
2026-08-15T03:47:23.006300Z  INFO herdr::logging: session saved event="persist.save" subsystem="persist" outcome="ok" path=/home/james/.config/herdr/session.json workspaces=2
2026-08-15T03:47:51.630480Z  INFO herdr::server::headless: client resize client_id=14 cols=299 rows=80 cell_width_px=0 cell_height_px=0
2026-08-15T03:47:54.345849Z  INFO herdr::server::headless: client resize client_id=14 cols=299 rows=81 cell_width_px=0 cell_height_px=0
2026-08-15T03:47:54.838774Z  INFO herdr::server::headless: client resize client_id=14 cols=299 rows=80 cell_width_px=0 cell_height_px=0
2026-08-15T03:49:16.298995Z  INFO herdr::server::headless: client resize client_id=14 cols=299 rows=81 cell_width_px=0 cell_height_px=0
2026-08-15T03:50:38.928143Z  INFO herdr::logging: workspace focused event="workspace.focus" subsystem="workspace" outcome="ok" workspace_id="w8"
2026-08-15T03:50:38.928174Z  INFO herdr::logging: tab focused event="tab.focus" subsystem="tab" outcome="ok" workspace_id="w8" tab_id="w8:t1"
2026-08-15T03:50:40.730868Z  INFO herdr::logging: workspace focused event="workspace.focus" subsystem="workspace" outcome="ok" workspace_id="w9"
2026-08-15T03:50:40.730902Z  INFO herdr::logging: tab focused event="tab.focus" subsystem="tab" outcome="ok" workspace_id="w9" tab_id="w9:t1"
2026-08-15T03:50:45.742686Z  INFO herdr::logging: session saved event="persist.save" subsystem="persist" outcome="ok" path=/home/james/.config/herdr/session.json workspaces=2
2026-08-15T03:50:47.948343Z  INFO herdr::logging: workspace focused event="workspace.focus" subsystem="workspace" outcome="ok" workspace_id="w8"
2026-08-15T03:50:47.948369Z  INFO herdr::logging: tab focused event="tab.focus" subsystem="tab" outcome="ok" workspace_id="w8" tab_id="w8:t1"
2026-08-15T03:50:52.957262Z  INFO herdr::logging: session saved event="persist.save" subsystem="persist" outcome="ok" path=/home/james/.config/herdr/session.json workspaces=2
2026-08-15T03:52:03.073612Z  INFO herdr::logging: workspace focused event="workspace.focus" subsystem="workspace" outcome="ok" workspace_id="w9"
2026-08-15T03:52:03.073645Z  INFO herdr::logging: tab focused event="tab.focus" subsystem="tab" outcome="ok" workspace_id="w9" tab_id="w9:t1"
2026-08-15T03:52:08.081477Z  INFO herdr::logging: session saved event="persist.save" subsystem="persist" outcome="ok" path=/home/james/.config/herdr/session.json workspaces=2
2026-08-15T03:53:06.440483Z  INFO herdr::logging: tab focused event="tab.focus" subsystem="tab" outcome="ok" workspace_id="w9" tab_id="w9:tT"
2026-08-15T03:53:09.934949Z  INFO herdr::logging: tab focused event="tab.focus" subsystem="tab" outcome="ok" workspace_id="w9" tab_id="w9:t1"
2026-08-15T03:53:10.998095Z  INFO herdr::logging: tab focused event="tab.focus" subsystem="tab" outcome="ok" workspace_id="w9" tab_id="w9:tT"
2026-08-15T03:53:11.382203Z  INFO herdr::logging: tab focused event="tab.focus" subsystem="tab" outcome="ok" workspace_id="w9" tab_id="w9:t1"
2026-08-15T03:53:12.814746Z  INFO herdr::logging: tab focused event="tab.focus" subsystem="tab" outcome="ok" workspace_id="w9" tab_id="w9:tT"
2026-08-15T03:53:13.440037Z  INFO herdr::logging: tab focused event="tab.focus" subsystem="tab" outcome="ok" workspace_id="w9" tab_id="w9:t1"
2026-08-15T03:53:18.442390Z  INFO herdr::logging: session saved event="persist.save" subsystem="persist" outcome="ok" path=/home/james/.config/herdr/session.json workspaces=2
2026-08-15T03:53:26.395349Z  INFO herdr::logging: tab focused event="tab.focus" subsystem="tab" outcome="ok" workspace_id="w9" tab_id="w9:tT"
2026-08-15T03:53:26.892231Z  INFO herdr::logging: tab focused event="tab.focus" subsystem="tab" outcome="ok" workspace_id="w9" tab_id="w9:t1"
2026-08-15T03:53:28.444860Z  INFO herdr::logging: tab focused event="tab.focus" subsystem="tab" outcome="ok" workspace_id="w9" tab_id="w9:tT"
2026-08-15T03:53:31.661495Z  INFO herdr::logging: tab focused event="tab.focus" subsystem="tab" outcome="ok" workspace_id="w9" tab_id="w9:t1"
2026-08-15T03:53:36.663671Z  INFO herdr::logging: session saved event="persist.save" subsystem="persist" outcome="ok" path=/home/james/.config/herdr/session.json workspaces=2
2026-08-15T03:53:55.733479Z  INFO herdr::logging: workspace focused event="workspace.focus" subsystem="workspace" outcome="ok" workspace_id="w8"
2026-08-15T03:53:55.733510Z  INFO herdr::logging: tab focused event="tab.focus" subsystem="tab" outcome="ok" workspace_id="w8" tab_id="w8:t1"
2026-08-15T03:54:00.741583Z  INFO herdr::logging: session saved event="persist.save" subsystem="persist" outcome="ok" path=/home/james/.config/herdr/session.json workspaces=2
2026-08-15T04:07:50.441737Z  INFO herdr::logging: checking for updates event="update.check.start" subsystem="update" outcome="started"
2026-08-15T04:07:50.521072Z  WARN herdr::detect::manifest_update: skipping unknown remote manifest agent agent="qwen"
2026-08-15T04:37:50.442220Z  INFO herdr::logging: checking for updates event="update.check.start" subsystem="update" outcome="started"
2026-08-15T04:37:50.518155Z  WARN herdr::detect::manifest_update: skipping unknown remote manifest agent agent="qwen"
2026-08-15T05:07:50.443348Z  INFO herdr::logging: checking for updates event="update.check.start" subsystem="update" outcome="started"
2026-08-15T05:07:50.516951Z  WARN herdr::detect::manifest_update: skipping unknown remote manifest agent agent="qwen"
2026-08-15T05:37:50.444622Z  INFO herdr::logging: checking for updates event="update.check.start" subsystem="update" outcome="started"
2026-08-15T05:37:50.520593Z  WARN herdr::detect::manifest_update: skipping unknown remote manifest agent agent="qwen"
2026-08-15T06:07:50.445796Z  INFO herdr::logging: checking for updates event="update.check.start" subsystem="update" outcome="started"
2026-08-15T06:07:50.610378Z  WARN herdr::detect::manifest_update: skipping unknown remote manifest agent agent="qwen"
2026-08-15T06:37:50.447005Z  INFO herdr::logging: checking for updates event="update.check.start" subsystem="update" outcome="started"
2026-08-15T06:37:50.516440Z  WARN herdr::detect::manifest_update: skipping unknown remote manifest agent agent="qwen"
2026-08-15T07:07:50.447652Z  INFO herdr::logging: checking for updates event="update.check.start" subsystem="update" outcome="started"
2026-08-15T07:07:50.533600Z  WARN herdr::detect::manifest_update: skipping unknown remote manifest agent agent="qwen"
2026-08-15T07:37:50.448669Z  INFO herdr::logging: checking for updates event="update.check.start" subsystem="update" outcome="started"
2026-08-15T07:37:50.612084Z  WARN herdr::detect::manifest_update: skipping unknown remote manifest agent agent="qwen"
2026-08-15T08:07:50.450160Z  INFO herdr::logging: checking for updates event="update.check.start" subsystem="update" outcome="started"
2026-08-15T08:07:50.523980Z  WARN herdr::detect::manifest_update: skipping unknown remote manifest agent agent="qwen"
2026-08-15T08:37:50.451566Z  INFO herdr::logging: checking for updates event="update.check.start" subsystem="update" outcome="started"
2026-08-15T08:37:50.525812Z  WARN herdr::detect::manifest_update: skipping unknown remote manifest agent agent="qwen"
2026-08-15T09:07:50.452791Z  INFO herdr::logging: checking for updates event="update.check.start" subsystem="update" outcome="started"
2026-08-15T09:07:50.530413Z  WARN herdr::detect::manifest_update: skipping unknown remote manifest agent agent="qwen"
2026-08-15T09:37:50.454188Z  INFO herdr::logging: checking for updates event="update.check.start" subsystem="update" outcome="started"
2026-08-15T09:37:50.527254Z  WARN herdr::detect::manifest_update: skipping unknown remote manifest agent agent="qwen"
2026-08-15T10:07:50.455547Z  INFO herdr::logging: checking for updates event="update.check.start" subsystem="update" outcome="started"
2026-08-15T10:07:50.532194Z  WARN herdr::detect::manifest_update: skipping unknown remote manifest agent agent="qwen"
2026-08-15T10:37:50.457288Z  INFO herdr::logging: checking for updates event="update.check.start" subsystem="update" outcome="started"
2026-08-15T10:37:50.531970Z  WARN herdr::detect::manifest_update: skipping unknown remote manifest agent agent="qwen"
2026-08-15T11:07:50.458836Z  INFO herdr::logging: checking for updates event="update.check.start" subsystem="update" outcome="started"
2026-08-15T11:07:50.531985Z  WARN herdr::detect::manifest_update: skipping unknown remote manifest agent agent="qwen"
2026-08-15T11:37:50.460704Z  INFO herdr::logging: checking for updates event="update.check.start" subsystem="update" outcome="started"
2026-08-15T11:37:50.545971Z  WARN herdr::detect::manifest_update: skipping unknown remote manifest agent agent="qwen"
2026-08-15T12:07:50.461625Z  INFO herdr::logging: checking for updates event="update.check.start" subsystem="update" outcome="started"
2026-08-15T12:07:50.544058Z  WARN herdr::detect::manifest_update: skipping unknown remote manifest agent agent="qwen"
2026-08-15T12:37:50.462725Z  INFO herdr::logging: checking for updates event="update.check.start" subsystem="update" outcome="started"
2026-08-15T12:37:50.558361Z  WARN herdr::detect::manifest_update: skipping unknown remote manifest agent agent="qwen"
2026-08-15T13:07:50.464390Z  INFO herdr::logging: checking for updates event="update.check.start" subsystem="update" outcome="started"
2026-08-15T13:07:50.688661Z  WARN herdr::detect::manifest_update: skipping unknown remote manifest agent agent="qwen"
2026-08-15T13:37:50.465621Z  INFO herdr::logging: checking for updates event="update.check.start" subsystem="update" outcome="started"
2026-08-15T13:37:50.541328Z  WARN herdr::detect::manifest_update: skipping unknown remote manifest agent agent="qwen"
2026-08-15T13:41:35.970365Z  INFO herdr::logging: workspace focused event="workspace.focus" subsystem="workspace" outcome="ok" workspace_id="w9"
2026-08-15T13:41:35.970395Z  INFO herdr::logging: tab focused event="tab.focus" subsystem="tab" outcome="ok" workspace_id="w9" tab_id="w9:t1"
2026-08-15T13:41:40.978841Z  INFO herdr::logging: session saved event="persist.save" subsystem="persist" outcome="ok" path=/home/james/.config/herdr/session.json workspaces=2
2026-08-15T13:41:45.380956Z  INFO herdr::logging: tab focused event="tab.focus" subsystem="tab" outcome="ok" workspace_id="w9" tab_id="w9:tT"
2026-08-15T13:41:49.575283Z  INFO herdr::logging: tab focused event="tab.focus" subsystem="tab" outcome="ok" workspace_id="w9" tab_id="w9:t1"
2026-08-15T13:41:54.579292Z  INFO herdr::logging: session saved event="persist.save" subsystem="persist" outcome="ok" path=/home/james/.config/herdr/session.json workspaces=2
2026-08-15T13:42:37.722714Z  INFO herdr::logging: workspace focused event="workspace.focus" subsystem="workspace" outcome="ok" workspace_id="w8"
2026-08-15T13:42:37.722747Z  INFO herdr::logging: tab focused event="tab.focus" subsystem="tab" outcome="ok" workspace_id="w8" tab_id="w8:t1"
2026-08-15T13:42:42.730563Z  INFO herdr::logging: session saved event="persist.save" subsystem="persist" outcome="ok" path=/home/james/.config/herdr/session.json workspaces=2
2026-08-15T13:44:06.223154Z  INFO herdr::app::actions: copied double-clicked token to clipboard
2026-08-15T13:44:23.763500Z  INFO herdr::app::actions: copied selection to clipboard
2026-08-15T13:48:14.316492Z  INFO herdr::logging: workspace focused event="workspace.focus" subsystem="workspace" outcome="ok" workspace_id="w9"
2026-08-15T13:48:14.316521Z  INFO herdr::logging: tab focused event="tab.focus" subsystem="tab" outcome="ok" workspace_id="w9" tab_id="w9:t1"
2026-08-15T13:48:19.329461Z  INFO herdr::logging: session saved event="persist.save" subsystem="persist" outcome="ok" path=/home/james/.config/herdr/session.json workspaces=2
2026-08-15T13:48:20.466060Z  INFO herdr::logging: workspace focused event="workspace.focus" subsystem="workspace" outcome="ok" workspace_id="w8"
2026-08-15T13:48:20.466088Z  INFO herdr::logging: tab focused event="tab.focus" subsystem="tab" outcome="ok" workspace_id="w8" tab_id="w8:t1"
2026-08-15T13:48:25.475374Z  INFO herdr::logging: session saved event="persist.save" subsystem="persist" outcome="ok" path=/home/james/.config/herdr/session.json workspaces=2
2026-08-15T13:51:47.429560Z  INFO herdr::app::actions: copied double-clicked token to clipboard
2026-08-15T13:51:47.863061Z  INFO herdr::app::actions: copied double-clicked token to clipboard
2026-08-15T13:52:05.028719Z  INFO herdr::app::actions: copied selection to clipboard
2026-08-15T13:52:09.774670Z  INFO herdr::app::actions: copied selection to clipboard
2026-08-15T13:52:14.322699Z  INFO herdr::app::actions: copied selection to clipboard
2026-08-15T13:54:07.195917Z  INFO herdr::app::actions: copied selection to clipboard
2026-08-15T13:58:16.957286Z  INFO herdr::server::headless: client resize client_id=14 cols=299 rows=80 cell_width_px=0 cell_height_px=0
2026-08-15T13:58:25.762844Z  INFO herdr::server::headless: client resize client_id=14 cols=299 rows=81 cell_width_px=0 cell_height_px=0
2026-08-15T13:59:36.774082Z  INFO herdr::logging: workspace focused event="workspace.focus" subsystem="workspace" outcome="ok" workspace_id="w9"
2026-08-15T13:59:36.774119Z  INFO herdr::logging: tab focused event="tab.focus" subsystem="tab" outcome="ok" workspace_id="w9" tab_id="w9:t1"
2026-08-15T13:59:37.890916Z  INFO herdr::logging: workspace focused event="workspace.focus" subsystem="workspace" outcome="ok" workspace_id="w8"
2026-08-15T13:59:37.890941Z  INFO herdr::logging: tab focused event="tab.focus" subsystem="tab" outcome="ok" workspace_id="w8" tab_id="w8:t1"
2026-08-15T13:59:42.901820Z  INFO herdr::logging: session saved event="persist.save" subsystem="persist" outcome="ok" path=/home/james/.config/herdr/session.json workspaces=2
2026-08-15T14:07:50.466526Z  INFO herdr::logging: checking for updates event="update.check.start" subsystem="update" outcome="started"
2026-08-15T14:07:50.545442Z  WARN herdr::detect::manifest_update: skipping unknown remote manifest agent agent="qwen"
2026-08-15T14:09:44.187743Z  INFO herdr::logging: spawning pane terminal event="pane.spawn.start" subsystem="pane" outcome="started" pane_id=62 rows=80 cols=270 scrollback_limit_bytes=10000000
2026-08-15T14:09:44.189145Z  INFO herdr::logging: pane child spawned event="pane.spawned" subsystem="pane" outcome="ok" pane_id=62 pid=1775731
2026-08-15T14:09:44.189345Z  INFO herdr::logging: tab focused event="tab.focus" subsystem="tab" outcome="ok" workspace_id="w8" tab_id="w8:tV"
2026-08-15T14:09:48.257476Z  INFO herdr::logging: workspace focused event="workspace.focus" subsystem="workspace" outcome="ok" workspace_id="w9"
2026-08-15T14:09:48.257507Z  INFO herdr::logging: tab focused event="tab.focus" subsystem="tab" outcome="ok" workspace_id="w9" tab_id="w9:t1"
2026-08-15T14:09:53.262563Z  INFO herdr::logging: session saved event="persist.save" subsystem="persist" outcome="ok" path=/home/james/.config/herdr/session.json workspaces=2
2026-08-15T14:35:31.819427Z  INFO herdr::app::actions: copied selection to clipboard
2026-08-15T14:35:32.942909Z  INFO herdr::app::actions: copied selection to clipboard
2026-08-15T14:35:43.938441Z  INFO herdr::logging: workspace focused event="workspace.focus" subsystem="workspace" outcome="ok" workspace_id="w8"
2026-08-15T14:35:43.938469Z  INFO herdr::logging: tab focused event="tab.focus" subsystem="tab" outcome="ok" workspace_id="w8" tab_id="w8:t1"
2026-08-15T14:35:48.945116Z  INFO herdr::logging: session saved event="persist.save" subsystem="persist" outcome="ok" path=/home/james/.config/herdr/session.json workspaces=2
2026-08-15T14:37:14.717191Z  INFO herdr::app::actions: copied selection to clipboard
2026-08-15T14:37:15.857128Z  INFO herdr::logging: workspace focused event="workspace.focus" subsystem="workspace" outcome="ok" workspace_id="w9"
2026-08-15T14:37:15.857159Z  INFO herdr::logging: tab focused event="tab.focus" subsystem="tab" outcome="ok" workspace_id="w9" tab_id="w9:t1"
2026-08-15T14:37:20.864796Z  INFO herdr::logging: session saved event="persist.save" subsystem="persist" outcome="ok" path=/home/james/.config/herdr/session.json workspaces=2
2026-08-15T14:37:28.891969Z  INFO herdr::logging: workspace focused event="workspace.focus" subsystem="workspace" outcome="ok" workspace_id="w8"
2026-08-15T14:37:28.891999Z  INFO herdr::logging: tab focused event="tab.focus" subsystem="tab" outcome="ok" workspace_id="w8" tab_id="w8:t1"
2026-08-15T14:37:33.898677Z  INFO herdr::logging: session saved event="persist.save" subsystem="persist" outcome="ok" path=/home/james/.config/herdr/session.json workspaces=2
2026-08-15T14:37:50.467395Z  INFO herdr::logging: checking for updates event="update.check.start" subsystem="update" outcome="started"
2026-08-15T14:37:50.546893Z  WARN herdr::detect::manifest_update: skipping unknown remote manifest agent agent="qwen"
2026-08-15T14:38:09.001100Z  INFO herdr::logging: workspace focused event="workspace.focus" subsystem="workspace" outcome="ok" workspace_id="w9"
2026-08-15T14:38:09.001131Z  INFO herdr::logging: tab focused event="tab.focus" subsystem="tab" outcome="ok" workspace_id="w9" tab_id="w9:t1"
2026-08-15T14:38:14.016366Z  INFO herdr::logging: session saved event="persist.save" subsystem="persist" outcome="ok" path=/home/james/.config/herdr/session.json workspaces=2
2026-08-15T14:42:18.270610Z  INFO herdr::logging: workspace focused event="workspace.focus" subsystem="workspace" outcome="ok" workspace_id="w8"
2026-08-15T14:42:18.270647Z  INFO herdr::logging: tab focused event="tab.focus" subsystem="tab" outcome="ok" workspace_id="w8" tab_id="w8:t1"
2026-08-15T14:42:23.285646Z  INFO herdr::logging: session saved event="persist.save" subsystem="persist" outcome="ok" path=/home/james/.config/herdr/session.json workspaces=2
2026-08-15T14:42:26.246416Z  INFO herdr::app::actions: copied double-clicked token to clipboard
2026-08-15T14:42:32.737053Z  INFO herdr::app::actions: copied selection to clipboard
2026-08-15T14:47:07.734169Z  INFO herdr::logging: tab focused event="tab.focus" subsystem="tab" outcome="ok" workspace_id="w8" tab_id="w8:tV"
2026-08-15T14:47:10.026774Z  INFO herdr::pane: agent changed pane=62 previous_agent=None agent=Some(Pi) process=pi pgid=Some(1808483)
2026-08-15T14:47:11.833744Z  INFO herdr::pane: agent changed pane=62 previous_agent=Some(Pi) agent=None pgid=Some(1775731)
2026-08-15T14:47:12.251825Z  INFO herdr::logging: tab focused event="tab.focus" subsystem="tab" outcome="ok" workspace_id="w8" tab_id="w8:t1"
2026-08-15T14:47:17.257857Z  INFO herdr::logging: session saved event="persist.save" subsystem="persist" outcome="ok" path=/home/james/.config/herdr/session.json workspaces=2
2026-08-15T14:48:03.079879Z  INFO herdr::logging: tab focused event="tab.focus" subsystem="tab" outcome="ok" workspace_id="w8" tab_id="w8:tV"
2026-08-15T14:48:08.086069Z  INFO herdr::logging: session saved event="persist.save" subsystem="persist" outcome="ok" path=/home/james/.config/herdr/session.json workspaces=2
2026-08-15T14:48:16.752160Z  INFO herdr::app::actions: copied double-clicked token to clipboard
2026-08-15T14:49:12.567485Z  INFO herdr::logging: tab focused event="tab.focus" subsystem="tab" outcome="ok" workspace_id="w8" tab_id="w8:t1"
2026-08-15T14:49:17.574384Z  INFO herdr::logging: session saved event="persist.save" subsystem="persist" outcome="ok" path=/home/james/.config/herdr/session.json workspaces=2
2026-08-15T14:50:28.364723Z  INFO herdr::logging: tab focused event="tab.focus" subsystem="tab" outcome="ok" workspace_id="w8" tab_id="w8:tV"
2026-08-15T14:50:30.171575Z  INFO herdr::pane: agent changed pane=62 previous_agent=None agent=Some(Pi) process=pi pgid=Some(1812130)
2026-08-15T14:50:31.129004Z  INFO herdr::pane: agent changed pane=62 previous_agent=None agent=Some(Pi) process=pi pgid=Some(1812130)
2026-08-15T14:50:34.141636Z  INFO herdr::pane: agent changed pane=62 previous_agent=Some(Pi) agent=None pgid=Some(1775731)
2026-08-15T14:50:36.153090Z  INFO herdr::pane: agent changed pane=62 previous_agent=None agent=Some(Pi) process=pi pgid=Some(1812360)
2026-08-15T14:50:38.844432Z  INFO herdr::logging: session saved event="persist.save" subsystem="persist" outcome="ok" path=/home/james/.config/herdr/session.json workspaces=2
2026-08-15T14:50:39.166254Z  INFO herdr::pane: agent changed pane=62 previous_agent=Some(Pi) agent=None pgid=Some(1775731)
2026-08-15T14:51:17.345426Z  INFO herdr::pane: agent changed pane=62 previous_agent=None agent=Some(Pi) process=pi pgid=Some(1813069)
2026-08-15T14:51:18.358204Z  INFO herdr::pane: agent changed pane=62 previous_agent=None agent=Some(Pi) process=pi pgid=Some(1813069)
2026-08-15T14:51:23.261219Z  INFO herdr::logging: session saved event="persist.save" subsystem="persist" outcome="ok" path=/home/james/.config/herdr/session.json workspaces=2
2026-08-15T14:55:23.311936Z  INFO herdr::logging: spawning pane terminal event="pane.spawn.start" subsystem="pane" outcome="started" pane_id=63 rows=80 cols=270 scrollback_limit_bytes=10000000
2026-08-15T14:55:23.313686Z  INFO herdr::logging: pane child spawned event="pane.spawned" subsystem="pane" outcome="ok" pane_id=63 pid=1819309
2026-08-15T14:55:23.313878Z  INFO herdr::logging: tab focused event="tab.focus" subsystem="tab" outcome="ok" workspace_id="w8" tab_id="w8:tW"
2026-08-15T14:55:28.318114Z  INFO herdr::logging: session saved event="persist.save" subsystem="persist" outcome="ok" path=/home/james/.config/herdr/session.json workspaces=2
2026-08-15T14:55:29.689503Z  INFO herdr::logging: tab focused event="tab.focus" subsystem="tab" outcome="ok" workspace_id="w8" tab_id="w8:tV"
2026-08-15T14:55:34.692680Z  INFO herdr::logging: session saved event="persist.save" subsystem="persist" outcome="ok" path=/home/james/.config/herdr/session.json workspaces=2
2026-08-15T14:56:10.792978Z  WARN herdr::raw_input: flushing lone escape after input timeout; if this follows an alt chord or focus switch it may reach the pane as plain esc bytes=[27]
2026-08-15T14:57:26.293700Z  INFO herdr::logging: spawning pane terminal event="pane.spawn.start" subsystem="pane" outcome="started" pane_id=64 rows=80 cols=270 scrollback_limit_bytes=10000000
2026-08-15T14:57:26.295554Z  INFO herdr::logging: pane child spawned event="pane.spawned" subsystem="pane" outcome="ok" pane_id=64 pid=1821527
2026-08-15T14:57:26.295774Z  INFO herdr::logging: tab focused event="tab.focus" subsystem="tab" outcome="ok" workspace_id="w8" tab_id="w8:tX"
2026-08-15T14:57:31.301139Z  INFO herdr::logging: session saved event="persist.save" subsystem="persist" outcome="ok" path=/home/james/.config/herdr/session.json workspaces=2
2026-08-15T14:57:35.218824Z  INFO herdr::logging: tab focused event="tab.focus" subsystem="tab" outcome="ok" workspace_id="w8" tab_id="w8:tW"
2026-08-15T14:57:36.321065Z  INFO herdr::logging: tab focused event="tab.focus" subsystem="tab" outcome="ok" workspace_id="w8" tab_id="w8:tV"
2026-08-15T14:57:36.789420Z  INFO herdr::logging: tab focused event="tab.focus" subsystem="tab" outcome="ok" workspace_id="w8" tab_id="w8:tW"
2026-08-15T14:57:37.016481Z  INFO herdr::logging: pane child exited event="pane.exit" subsystem="pane" outcome="completed" pane_id=63 status="ExitStatus { code: 0, signal: None }"
2026-08-15T14:57:37.026740Z  INFO herdr::pane: pane session terminated pane=63 pid=1819309 signal=Hangup
2026-08-15T14:57:40.688196Z  INFO herdr::logging: tab focused event="tab.focus" subsystem="tab" outcome="ok" workspace_id="w8" tab_id="w8:tX"
2026-08-15T14:57:44.622064Z  INFO herdr::logging: tab focused event="tab.focus" subsystem="tab" outcome="ok" workspace_id="w8" tab_id="w8:tV"
2026-08-15T14:57:44.996221Z  INFO herdr::logging: tab focused event="tab.focus" subsystem="tab" outcome="ok" workspace_id="w8" tab_id="w8:tX"
2026-08-15T14:57:50.000521Z  INFO herdr::logging: session saved event="persist.save" subsystem="persist" outcome="ok" path=/home/james/.config/herdr/session.json workspaces=2
2026-08-15T14:57:58.691482Z  INFO herdr::logging: tab focused event="tab.focus" subsystem="tab" outcome="ok" workspace_id="w8" tab_id="w8:tV"
2026-08-15T14:58:03.575807Z  INFO herdr::app::actions: copied selection to clipboard
2026-08-15T14:58:03.695654Z  INFO herdr::logging: session saved event="persist.save" subsystem="persist" outcome="ok" path=/home/james/.config/herdr/session.json workspaces=2
2026-08-15T14:58:04.673303Z  INFO herdr::logging: tab focused event="tab.focus" subsystem="tab" outcome="ok" workspace_id="w8" tab_id="w8:tX"
2026-08-15T14:58:09.677872Z  INFO herdr::logging: session saved event="persist.save" subsystem="persist" outcome="ok" path=/home/james/.config/herdr/session.json workspaces=2
2026-08-15T14:58:13.281069Z  WARN herdr::raw_input: flushing lone escape after input timeout; if this follows an alt chord or focus switch it may reach the pane as plain esc bytes=[27]
2026-08-15T14:58:16.348016Z  WARN herdr::raw_input: flushing lone escape after input timeout; if this follows an alt chord or focus switch it may reach the pane as plain esc bytes=[27]
2026-08-15T14:58:17.993579Z  WARN herdr::raw_input: flushing lone escape after input timeout; if this follows an alt chord or focus switch it may reach the pane as plain esc bytes=[27]
2026-08-15T14:58:37.881058Z  WARN herdr::raw_input: flushing lone escape after input timeout; if this follows an alt chord or focus switch it may reach the pane as plain esc bytes=[27]
2026-08-15T14:58:39.361254Z  INFO herdr::logging: tab focused event="tab.focus" subsystem="tab" outcome="ok" workspace_id="w8" tab_id="w8:tV"
2026-08-15T14:58:44.364781Z  INFO herdr::logging: session saved event="persist.save" subsystem="persist" outcome="ok" path=/home/james/.config/herdr/session.json workspaces=2
2026-08-15T14:58:46.838662Z  INFO herdr::app::actions: copied selection to clipboard
2026-08-15T14:58:48.201389Z  INFO herdr::logging: tab focused event="tab.focus" subsystem="tab" outcome="ok" workspace_id="w8" tab_id="w8:tX"
2026-08-15T14:58:53.205434Z  INFO herdr::logging: session saved event="persist.save" subsystem="persist" outcome="ok" path=/home/james/.config/herdr/session.json workspaces=2
